"Check ID","Title","Severity","Repository","SCM Link","File Path","Lines","First Seen","Repository Status","Package","Installed Version","Fixed Version","Vendor Fix","Reachability","Direct","Package Roots","EPSS Score","CISA Published Date"
"CVE-2024-45590","body-parser: Denial of Service Vulnerability in body-parser","HIGH","dev-pr-try","","package.json","13","2025-01-07T15:57:44.934Z","Active","body-parser","1.20.0","1.20.3","Yes","No","No","express@4.18.1","N/A","N/A"
"CVE-2024-47764","cookie: cookie accepts cookie name, path, and domain with out of bounds characters","LOW","dev-pr-try","","package.json","13","2025-01-07T15:57:44.934Z","Active","cookie","0.5.0","0.7.0","Yes","No","No","express@4.18.1","N/A","N/A"
"CVE-2024-29041","express: cause malformed URLs to be evaluated","MEDIUM","dev-pr-try","","package.json","13","2025-01-07T15:57:44.934Z","Active","express","4.18.1","4.19.2, 5.0.0-beta.3","Yes","No","Yes","-","N/A","N/A"
"CVE-2024-43796","express: Improper Input Handling in Express Redirects","LOW","dev-pr-try","","package.json","13","2025-01-07T15:57:44.934Z","Active","express","4.18.1","4.20.0, 5.0.0","Yes","No","Yes","-","N/A","N/A"
"CVE-2024-45296","path-to-regexp: Backtracking regular expressions cause ReDoS","HIGH","dev-pr-try","","package.json","13","2025-01-07T15:57:44.934Z","Active","path-to-regexp","0.1.7","1.9.0, 0.1.10, 8.0.0, 3.3.0, 6.3.0","Yes","No","No","express@4.18.1","N/A","N/A"
"CVE-2024-52798","path-to-regexp: path-to-regexp Unpatched `path-to-regexp` ReDoS in 0.1.x","MEDIUM","dev-pr-try","","package.json","13","2025-01-07T15:57:44.934Z","Active","path-to-regexp","0.1.7","0.1.12","Yes","No","No","express@4.18.1","N/A","N/A"
"CVE-2024-43799","send: Code Execution Vulnerability in Send Library","LOW","dev-pr-try","","package.json","13","2025-01-07T15:57:44.934Z","Active","send","0.18.0","0.19.0","Yes","No","No","express@4.18.1","N/A","N/A"
"CVE-2024-43800","serve-static: Improper Sanitization in serve-static","LOW","dev-pr-try","","package.json","13","2025-01-07T15:57:44.934Z","Active","serve-static","1.15.0","1.16.0, 2.1.0","Yes","No","No","express@4.18.1","N/A","N/A"
"CVE-2019-10747","nodejs-set-value: prototype pollution in function set-value","CRITICAL","NodeGoat","https://github.com/test-org-example/NodeGoat/blob/995a1ce1c99be4ac2647254085a90416b92e7c3d/package.json#L15-L15","package.json","15","2025-02-02T13:18:45.303Z","Active","set-value","2.0.0","2.0.1, 3.0.1","Yes","No","No","forever@2.0.0","N/A","N/A"
"CVE-2021-44906","minimist: prototype pollution","CRITICAL","NodeGoat","https://github.com/test-org-example/NodeGoat/blob/995a1ce1c99be4ac2647254085a90416b92e7c3d/package.json#L15-L15","package.json","15","2025-02-02T13:18:45.303Z","Active","minimist","0.0.10","1.2.6, 0.2.4","Yes","No","No","forever@2.0.0,swig@1.4.2","N/A","N/A"
"CVE-2024-45590","body-parser: Denial of Service Vulnerability in body-parser","HIGH","NodeGoat","https://github.com/test-org-example/NodeGoat/blob/995a1ce1c99be4ac2647254085a90416b92e7c3d/package.json#L9-L9","package.json","9","2025-02-02T13:18:45.303Z","Active","body-parser","1.18.3","1.20.3","Yes","Yes","Yes","-","N/A","N/A"
"CVE-2024-4068","braces: fails to limit the number of characters it can handle","HIGH","NodeGoat","https://github.com/test-org-example/NodeGoat/blob/995a1ce1c99be4ac2647254085a90416b92e7c3d/package.json#L15-L15","package.json","15","2025-02-02T13:18:45.303Z","Active","braces","2.3.2","3.0.3","Yes","No","No","forever@2.0.0","N/A","N/A"
"CVE-2020-7610","bson: Deserialization of Untrusted Data could result in Code injection or Excessive CPU load","CRITICAL","NodeGoat","https://github.com/test-org-example/NodeGoat/blob/995a1ce1c99be4ac2647254085a90416b92e7c3d/package.json#L18-L18","package.json","18","2025-02-02T13:18:45.303Z","Active","bson","1.0.9","1.1.4","Yes","No","No","mongodb@2.2.36","N/A","N/A"
"CVE-2019-2391","Incorrect parsing of certain JSON input may result in js-bson not corr ...","MEDIUM","NodeGoat","https://github.com/test-org-example/NodeGoat/blob/995a1ce1c99be4ac2647254085a90416b92e7c3d/package.json#L18-L18","package.json","18","2025-02-02T13:18:45.303Z","Active","bson","1.0.9","1.1.4","Yes","No","No","mongodb@2.2.36","N/A","N/A"
"CVE-2024-47764","cookie: cookie accepts cookie name, path, and domain with out of bounds characters","LOW","NodeGoat","https://github.com/test-org-example/NodeGoat/blob/995a1ce1c99be4ac2647254085a90416b92e7c3d/package.json#L11-L11","package.json","11","2025-02-02T13:18:45.303Z","Active","cookie","0.3.1","0.7.0","Yes","No","No","express@4.16.4,express-session@1.15.6,csurf@1.9.0","N/A","N/A"
"CVE-2017-20165","A vulnerability classified as problematic has been found in debug-js d ...","HIGH","NodeGoat","https://github.com/test-org-example/NodeGoat/blob/995a1ce1c99be4ac2647254085a90416b92e7c3d/package.json#L16-L16","package.json","16","2025-02-02T13:18:45.303Z","Active","debug","2.2.0","3.1.0, 2.6.9","Yes","No","No","helmet@2.3.0","N/A","N/A"
"CVE-2017-16137","nodejs-debug: Regular expression Denial of Service","LOW","NodeGoat","https://github.com/test-org-example/NodeGoat/blob/995a1ce1c99be4ac2647254085a90416b92e7c3d/package.json#L16-L16","package.json","16","2025-02-02T13:18:45.303Z","Active","debug","2.2.0","2.6.9, 3.1.0, 3.2.7, 4.3.1","Yes","No","No","helmet@2.3.0","N/A","N/A"
"CVE-2017-16137","nodejs-debug: Regular expression Denial of Service","LOW","NodeGoat","https://github.com/test-org-example/NodeGoat/blob/995a1ce1c99be4ac2647254085a90416b92e7c3d/package.json#L15-L15","package.json","15","2025-02-02T13:18:45.303Z","Active","debug","4.1.1","2.6.9, 3.1.0, 3.2.7, 4.3.1","Yes","No","No","forever@2.0.0","N/A","N/A"
"CVE-2022-38900","decode-uri-component: improper input validation resulting in DoS","HIGH","NodeGoat","https://github.com/test-org-example/NodeGoat/blob/995a1ce1c99be4ac2647254085a90416b92e7c3d/package.json#L15-L15","package.json","15","2025-02-02T13:18:45.303Z","Active","decode-uri-component","0.2.0","0.2.1","Yes","No","No","forever@2.0.0","N/A","N/A"
"CVE-2024-29041","express: cause malformed URLs to be evaluated","MEDIUM","NodeGoat","https://github.com/test-org-example/NodeGoat/blob/995a1ce1c99be4ac2647254085a90416b92e7c3d/package.json#L13-L13","package.json","13","2025-02-02T13:18:45.303Z","Active","express","4.16.4","4.19.2, 5.0.0-beta.3","Yes","Yes","Yes","-","N/A","N/A"
"CVE-2024-43796","express: Improper Input Handling in Express Redirects","LOW","NodeGoat","https://github.com/test-org-example/NodeGoat/blob/995a1ce1c99be4ac2647254085a90416b92e7c3d/package.json#L13-L13","package.json","13","2025-02-02T13:18:45.303Z","Active","express","4.16.4","4.20.0, 5.0.0","Yes","Yes","Yes","-","N/A","N/A"
"CVE-2023-45311","Code injection in fsevents","CRITICAL","NodeGoat","https://github.com/test-org-example/NodeGoat/blob/995a1ce1c99be4ac2647254085a90416b92e7c3d/package.json#L15-L15","package.json","15","2025-02-02T13:18:45.303Z","Active","fsevents","1.2.9","1.2.11","Yes","No","No","forever@2.0.0","N/A","N/A"
"CVE-2021-44906","minimist: prototype pollution","CRITICAL","NodeGoat","https://github.com/test-org-example/NodeGoat/blob/995a1ce1c99be4ac2647254085a90416b92e7c3d/package.json#L15-L15","package.json","15","2025-02-02T13:18:45.303Z","Active","minimist","1.2.5","1.2.6, 0.2.4","Yes","No","No","forever@2.0.0","N/A","N/A"
"GHSA-c3m8-x3cg-qm2c","Configuration Override in helmet-csp","MEDIUM","NodeGoat","https://github.com/test-org-example/NodeGoat/blob/995a1ce1c99be4ac2647254085a90416b92e7c3d/package.json#L16-L16","package.json","16","2025-02-02T13:18:45.303Z","Active","helmet-csp","1.2.2","2.9.1","Yes","No","No","helmet@2.3.0","N/A","N/A"
"CVE-2021-3820","inflect vulnerable to Inefficient Regular Expression Complexity","HIGH","NodeGoat","https://github.com/test-org-example/NodeGoat/blob/995a1ce1c99be4ac2647254085a90416b92e7c3d/package.json#L15-L15","package.json","15","2025-02-02T13:18:45.303Z","Active","i","0.3.6","0.3.7","Yes","No","No","forever@2.0.0","N/A","N/A"
"CVE-2020-7788","nodejs-ini: Prototype pollution via malicious INI file","HIGH","NodeGoat","https://github.com/test-org-example/NodeGoat/blob/995a1ce1c99be4ac2647254085a90416b92e7c3d/package.json#L15-L15","package.json","15","2025-02-02T13:18:45.303Z","Active","ini","1.3.5","1.3.6","Yes","No","No","forever@2.0.0","N/A","N/A"
"CVE-2019-20149","nodejs-kind-of: ctorName in index.js allows external user input to overwrite certain internal attributes","HIGH","NodeGoat","https://github.com/test-org-example/NodeGoat/blob/995a1ce1c99be4ac2647254085a90416b92e7c3d/package.json#L15-L15","package.json","15","2025-02-02T13:18:45.303Z","Active","kind-of","6.0.2","6.0.3","Yes","No","No","forever@2.0.0","N/A","N/A"
"CVE-2017-16114","The marked module is vulnerable to a regular expression denial of serv ...","HIGH","NodeGoat","https://github.com/test-org-example/NodeGoat/blob/995a1ce1c99be4ac2647254085a90416b92e7c3d/package.json#L17-L17","package.json","17","2025-02-02T13:18:45.303Z","Active","marked","0.3.5","0.3.9","Yes","Yes","Yes","-","N/A","N/A"
"CVE-2022-21680","marked: regular expression block.def may lead Denial of Service","HIGH","NodeGoat","https://github.com/test-org-example/NodeGoat/blob/995a1ce1c99be4ac2647254085a90416b92e7c3d/package.json#L17-L17","package.json","17","2025-02-02T13:18:45.303Z","Active","marked","0.3.5","4.0.10","Yes","Yes","Yes","-","N/A","N/A"
"CVE-2022-21681","marked: regular expression inline.reflinkSearch may lead Denial of Service","HIGH","NodeGoat","https://github.com/test-org-example/NodeGoat/blob/995a1ce1c99be4ac2647254085a90416b92e7c3d/package.json#L17-L17","package.json","17","2025-02-02T13:18:45.303Z","Active","marked","0.3.5","4.0.10","Yes","Yes","Yes","-","N/A","N/A"
"CVE-2016-10531","marked is an application that is meant to parse and compile markdown.  ...","MEDIUM","NodeGoat","https://github.com/test-org-example/NodeGoat/blob/995a1ce1c99be4ac2647254085a90416b92e7c3d/package.json#L17-L17","package.json","17","2025-02-02T13:18:45.303Z","Active","marked","0.3.5","0.3.6","Yes","Yes","Yes","-","N/A","N/A"
"CVE-2019-10747","nodejs-set-value: prototype pollution in function set-value","CRITICAL","NodeGoat","https://github.com/test-org-example/NodeGoat/blob/995a1ce1c99be4ac2647254085a90416b92e7c3d/package.json#L15-L15","package.json","15","2025-02-02T13:18:45.303Z","Active","set-value","0.4.3","2.0.1, 3.0.1","Yes","No","No","forever@2.0.0","N/A","N/A"
"CVE-2017-1000427","marked version 0.3.6 and earlier is vulnerable to an XSS attack in the ...","MEDIUM","NodeGoat","https://github.com/test-org-example/NodeGoat/blob/995a1ce1c99be4ac2647254085a90416b92e7c3d/package.json#L17-L17","package.json","17","2025-02-02T13:18:45.303Z","Active","marked","0.3.5","0.3.7","Yes","Yes","Yes","-","N/A","N/A"
"NSWG-ECO-101","Sanitization bypass using HTML Entities","MEDIUM","NodeGoat","https://github.com/test-org-example/NodeGoat/blob/995a1ce1c99be4ac2647254085a90416b92e7c3d/package.json#L17-L17","package.json","17","2025-02-02T13:18:45.303Z","Active","marked","0.3.5",">=0.3.6","Yes","Yes","Yes","-","N/A","N/A"
"CVE-2024-4067","micromatch: vulnerable to Regular Expression Denial of Service","MEDIUM","NodeGoat","https://github.com/test-org-example/NodeGoat/blob/995a1ce1c99be4ac2647254085a90416b92e7c3d/package.json#L15-L15","package.json","15","2025-02-02T13:18:45.303Z","Active","micromatch","3.1.10","4.0.8","Yes","No","No","forever@2.0.0","N/A","N/A"
"CVE-2022-3517","nodejs-minimatch: ReDoS via the braceExpand function","HIGH","NodeGoat","https://github.com/test-org-example/NodeGoat/blob/995a1ce1c99be4ac2647254085a90416b92e7c3d/package.json#L15-L15","package.json","15","2025-02-02T13:18:45.303Z","Active","minimatch","3.0.4","3.0.5","Yes","No","No","forever@2.0.0","N/A","N/A"
"CVE-2020-7598","nodejs-minimist: prototype pollution allows adding or modifying properties of Object.prototype using a constructor or __proto__ payload","MEDIUM","NodeGoat","https://github.com/test-org-example/NodeGoat/blob/995a1ce1c99be4ac2647254085a90416b92e7c3d/package.json#L15-L15","package.json","15","2025-02-02T13:18:45.303Z","Active","minimist","0.0.10","0.2.1, 1.2.3","Yes","No","No","forever@2.0.0,swig@1.4.2","N/A","N/A"
"CVE-2021-44906","minimist: prototype pollution","CRITICAL","NodeGoat","https://github.com/test-org-example/NodeGoat/blob/995a1ce1c99be4ac2647254085a90416b92e7c3d/package.json#L15-L15","package.json","15","2025-02-02T13:18:45.303Z","Active","minimist","0.0.8","1.2.6, 0.2.4","Yes","No","No","forever@2.0.0","N/A","N/A"
"CVE-2020-7598","nodejs-minimist: prototype pollution allows adding or modifying properties of Object.prototype using a constructor or __proto__ payload","MEDIUM","NodeGoat","https://github.com/test-org-example/NodeGoat/blob/995a1ce1c99be4ac2647254085a90416b92e7c3d/package.json#L15-L15","package.json","15","2025-02-02T13:18:45.303Z","Active","minimist","0.0.8","0.2.1, 1.2.3","Yes","No","No","forever@2.0.0","N/A","N/A"
"CVE-2021-44906","minimist: prototype pollution","CRITICAL","NodeGoat","https://github.com/test-org-example/NodeGoat/blob/995a1ce1c99be4ac2647254085a90416b92e7c3d/package.json#L15-L15","package.json","15","2025-02-02T13:18:45.303Z","Active","minimist","1.2.0","1.2.6, 0.2.4","Yes","No","No","forever@2.0.0","N/A","N/A"
"CVE-2020-7598","nodejs-minimist: prototype pollution allows adding or modifying properties of Object.prototype using a constructor or __proto__ payload","MEDIUM","NodeGoat","https://github.com/test-org-example/NodeGoat/blob/995a1ce1c99be4ac2647254085a90416b92e7c3d/package.json#L15-L15","package.json","15","2025-02-02T13:18:45.303Z","Active","minimist","1.2.0","0.2.1, 1.2.3","Yes","No","No","forever@2.0.0","N/A","N/A"
"CVE-2019-10746","nodejs-mixin-deep: prototype pollution in function mixin-deep","CRITICAL","NodeGoat","https://github.com/test-org-example/NodeGoat/blob/995a1ce1c99be4ac2647254085a90416b92e7c3d/package.json#L15-L15","package.json","15","2025-02-02T13:18:45.303Z","Active","mixin-deep","1.3.1","1.3.2, 2.0.1","Yes","No","No","forever@2.0.0","N/A","N/A"
"GHSA-mh5c-679w-hh4r","Denial of Service in mongodb","HIGH","NodeGoat","https://github.com/test-org-example/NodeGoat/blob/995a1ce1c99be4ac2647254085a90416b92e7c3d/package.json#L18-L18","package.json","18","2025-02-02T13:18:45.303Z","Active","mongodb","2.2.36","3.1.13","Yes","Yes","Yes","-","N/A","N/A"
"CVE-2017-20162","Vercel ms Inefficient Regular Expression Complexity vulnerability","MEDIUM","NodeGoat","https://github.com/test-org-example/NodeGoat/blob/995a1ce1c99be4ac2647254085a90416b92e7c3d/package.json#L16-L16","package.json","16","2025-02-02T13:18:45.303Z","Active","ms","0.7.1","2.0.0","Yes","No","No","helmet@2.3.0","N/A","N/A"
"CVE-2022-21803","nconf: Prototype pollution in memory store","HIGH","NodeGoat","https://github.com/test-org-example/NodeGoat/blob/995a1ce1c99be4ac2647254085a90416b92e7c3d/package.json#L15-L15","package.json","15","2025-02-02T13:18:45.303Z","Active","nconf","0.10.0","0.11.4","Yes","No","No","forever@2.0.0","N/A","N/A"
"CVE-2022-21803","nconf: Prototype pollution in memory store","HIGH","NodeGoat","https://github.com/test-org-example/NodeGoat/blob/995a1ce1c99be4ac2647254085a90416b92e7c3d/package.json#L15-L15","package.json","15","2025-02-02T13:18:45.303Z","Active","nconf","0.6.9","0.11.4","Yes","No","No","forever@2.0.0","N/A","N/A"
"CVE-2024-45296","path-to-regexp: Backtracking regular expressions cause ReDoS","HIGH","NodeGoat","https://github.com/test-org-example/NodeGoat/blob/995a1ce1c99be4ac2647254085a90416b92e7c3d/package.json#L13-L13","package.json","13","2025-02-02T13:18:45.303Z","Active","path-to-regexp","0.1.7","1.9.0, 0.1.10, 8.0.0, 3.3.0, 6.3.0","Yes","No","No","express@4.16.4","N/A","N/A"
"CVE-2024-52798","path-to-regexp: path-to-regexp Unpatched `path-to-regexp` ReDoS in 0.1.x","HIGH","NodeGoat","https://github.com/test-org-example/NodeGoat/blob/995a1ce1c99be4ac2647254085a90416b92e7c3d/package.json#L13-L13","package.json","13","2025-02-02T13:18:45.303Z","Active","path-to-regexp","0.1.7","0.1.12","Yes","No","No","express@4.16.4","N/A","N/A"
"CVE-2022-24999","express: ""qs"" prototype poisoning causes the hang of the node process","HIGH","NodeGoat","https://github.com/test-org-example/NodeGoat/blob/995a1ce1c99be4ac2647254085a90416b92e7c3d/package.json#L9-L9","package.json","9","2025-02-02T13:18:45.303Z","Active","qs","6.5.2","6.10.3, 6.9.7, 6.8.3, 6.7.3, 6.6.1, 6.5.3, 6.4.1, 6.3.3, 6.2.4","Yes","No","No","body-parser@1.18.3,express@4.16.4","N/A","N/A"
"CVE-2021-23440","nodejs-set-value: type confusion allows bypass of CVE-2019-10747","HIGH","NodeGoat","https://github.com/test-org-example/NodeGoat/blob/995a1ce1c99be4ac2647254085a90416b92e7c3d/package.json#L15-L15","package.json","15","2025-02-02T13:18:45.303Z","Active","set-value","0.4.3","4.0.1, 2.0.1, 3.0.3","Yes","No","No","forever@2.0.0","N/A","N/A"
"CVE-2022-25883","nodejs-semver: Regular expression denial of service","HIGH","NodeGoat","https://github.com/test-org-example/NodeGoat/blob/995a1ce1c99be4ac2647254085a90416b92e7c3d/package.json#L18-L18","package.json","18","2025-02-02T13:18:45.303Z","Active","semver","5.6.0","7.5.2, 6.3.1, 5.7.2","Yes","No","No","mongodb@2.2.36","N/A","N/A"
"CVE-2022-25883","nodejs-semver: Regular expression denial of service","HIGH","NodeGoat","https://github.com/test-org-example/NodeGoat/blob/995a1ce1c99be4ac2647254085a90416b92e7c3d/package.json#L15-L15","package.json","15","2025-02-02T13:18:45.303Z","Active","semver","5.7.0","7.5.2, 6.3.1, 5.7.2","Yes","No","No","forever@2.0.0","N/A","N/A"
"CVE-2024-43799","send: Code Execution Vulnerability in Send Library","LOW","NodeGoat","https://github.com/test-org-example/NodeGoat/blob/995a1ce1c99be4ac2647254085a90416b92e7c3d/package.json#L13-L13","package.json","13","2025-02-02T13:18:45.303Z","Active","send","0.16.2","0.19.0","Yes","No","No","express@4.16.4","N/A","N/A"
"CVE-2024-43800","serve-static: Improper Sanitization in serve-static","LOW","NodeGoat","https://github.com/test-org-example/NodeGoat/blob/995a1ce1c99be4ac2647254085a90416b92e7c3d/package.json#L13-L13","package.json","13","2025-02-02T13:18:45.303Z","Active","serve-static","1.13.2","1.16.0, 2.1.0","Yes","No","No","express@4.16.4","N/A","N/A"
"CVE-2021-23440","nodejs-set-value: type confusion allows bypass of CVE-2019-10747","HIGH","NodeGoat","https://github.com/test-org-example/NodeGoat/blob/995a1ce1c99be4ac2647254085a90416b92e7c3d/package.json#L15-L15","package.json","15","2025-02-02T13:18:45.303Z","Active","set-value","2.0.0","4.0.1, 2.0.1, 3.0.3","Yes","No","No","forever@2.0.0","N/A","N/A"
"CVE-2023-25345","Arbitrary local file read vulnerability during template rendering ","HIGH","NodeGoat","https://github.com/test-org-example/NodeGoat/blob/995a1ce1c99be4ac2647254085a90416b92e7c3d/package.json#L22-L22","package.json","22","2025-02-02T13:18:45.303Z","Active","swig","1.4.2","-","No","Yes","Yes","-","N/A","N/A"
"CVE-2021-32803","nodejs-tar: Insufficient symlink protection allowing arbitrary file creation and overwrite","HIGH","NodeGoat","https://github.com/test-org-example/NodeGoat/blob/995a1ce1c99be4ac2647254085a90416b92e7c3d/package.json#L15-L15","package.json","15","2025-02-02T13:18:45.303Z","Active","tar","4.4.8","3.2.3, 4.4.15, 5.0.7, 6.1.2","Yes","No","No","forever@2.0.0","N/A","N/A"
"CVE-2021-32804","nodejs-tar: Insufficient absolute path sanitization allowing arbitrary file creation and overwrite","HIGH","NodeGoat","https://github.com/test-org-example/NodeGoat/blob/995a1ce1c99be4ac2647254085a90416b92e7c3d/package.json#L15-L15","package.json","15","2025-02-02T13:18:45.303Z","Active","tar","4.4.8","3.2.2, 4.4.14, 5.0.6, 6.1.1","Yes","No","No","forever@2.0.0","N/A","N/A"
"CVE-2021-37701","nodejs-tar: Insufficient symlink protection due to directory cache poisoning using symbolic links allowing arbitrary file creation and overwrite","HIGH","NodeGoat","https://github.com/test-org-example/NodeGoat/blob/995a1ce1c99be4ac2647254085a90416b92e7c3d/package.json#L15-L15","package.json","15","2025-02-02T13:18:45.303Z","Active","tar","4.4.8","4.4.16, 5.0.8, 6.1.7","Yes","No","No","forever@2.0.0","N/A","N/A"
"CVE-2021-37712","nodejs-tar: Insufficient symlink protection due to directory cache poisoning using symbolic links allowing arbitrary file creation and overwrite","HIGH","NodeGoat","https://github.com/test-org-example/NodeGoat/blob/995a1ce1c99be4ac2647254085a90416b92e7c3d/package.json#L15-L15","package.json","15","2025-02-02T13:18:45.303Z","Active","tar","4.4.8","4.4.18, 5.0.10, 6.1.9","Yes","No","No","forever@2.0.0","N/A","N/A"
"CVE-2021-37713","nodejs-tar: Arbitrary File Creation/Overwrite on Windows via insufficient relative path sanitization","HIGH","NodeGoat","https://github.com/test-org-example/NodeGoat/blob/995a1ce1c99be4ac2647254085a90416b92e7c3d/package.json#L15-L15","package.json","15","2025-02-02T13:18:45.303Z","Active","tar","4.4.8","4.4.18, 5.0.10, 6.1.9","Yes","No","No","forever@2.0.0","N/A","N/A"
"CVE-2024-28863","node-tar: denial of service while parsing a tar file due to lack of folders depth validation","MEDIUM","NodeGoat","https://github.com/test-org-example/NodeGoat/blob/995a1ce1c99be4ac2647254085a90416b92e7c3d/package.json#L15-L15","package.json","15","2025-02-02T13:18:45.303Z","Active","tar","4.4.8","6.2.1","Yes","No","No","forever@2.0.0","N/A","N/A"
"CVE-2015-8858","The uglify-js package before 2.6.0 for Node.js allows attackers to cau ...","MEDIUM","NodeGoat","https://github.com/test-org-example/NodeGoat/blob/995a1ce1c99be4ac2647254085a90416b92e7c3d/package.json#L22-L22","package.json","22","2025-02-02T13:18:45.303Z","Active","uglify-js","2.4.24",">=2.6.0","Yes","No","No","swig@1.4.2","N/A","N/A"
"CVE-2021-23358","nodejs-underscore: Arbitrary code execution via the template function","CRITICAL","NodeGoat","https://github.com/test-org-example/NodeGoat/blob/995a1ce1c99be4ac2647254085a90416b92e7c3d/package.json#L23-L23","package.json","23","2025-02-02T13:18:45.303Z","Active","underscore","1.9.1","1.12.1","Yes","No","Yes","-","N/A","N/A"
"NSWG-ECO-445","Out-of-bounds Read","LOW","NodeGoat","https://github.com/test-org-example/NodeGoat/blob/995a1ce1c99be4ac2647254085a90416b92e7c3d/package.json#L15-L15","package.json","15","2025-02-02T13:18:45.303Z","Active","utile","0.2.1","-","No","No","No","forever@2.0.0","N/A","N/A"
"NSWG-ECO-445","Out-of-bounds Read","LOW","NodeGoat","https://github.com/test-org-example/NodeGoat/blob/995a1ce1c99be4ac2647254085a90416b92e7c3d/package.json#L15-L15","package.json","15","2025-02-02T13:18:45.303Z","Active","utile","0.3.0","-","No","No","No","forever@2.0.0","N/A","N/A"
"CVE-2020-7774","nodejs-y18n: prototype pollution vulnerability","HIGH","NodeGoat","https://github.com/test-org-example/NodeGoat/blob/995a1ce1c99be4ac2647254085a90416b92e7c3d/package.json#L15-L15","package.json","15","2025-02-02T13:18:45.303Z","Active","y18n","3.2.1","3.2.2, 4.0.1, 5.0.5","Yes","No","No","forever@2.0.0","N/A","N/A"
"CVE-2020-28168","nodejs-axios: allows an attacker to bypass a proxy by providing a URL that responds with a redirect to a restricted host or IP address","MEDIUM","trivy-plugin-e2e","https://github.aquaseclabs.com/argon-monitor/trivy-plugin-e2e/blob/95b8c1a7573f44a7965aa7973759f723a1c0016b/files_for_integration/push_files/package.json#L16-L16","files_for_integration/push_files/package.json","16","2025-02-09T08:29:12.138Z","Active","axios","0.19.2","0.21.1","Yes","No","Yes","-","N/A","N/A"
"CVE-2021-3749","nodejs-axios: Regular expression denial of service in trim function","HIGH","trivy-plugin-e2e","https://github.aquaseclabs.com/argon-monitor/trivy-plugin-e2e/blob/95b8c1a7573f44a7965aa7973759f723a1c0016b/files_for_integration/push_files/package.json#L16-L16","files_for_integration/push_files/package.json","16","2025-02-09T08:29:12.138Z","Active","axios","0.19.2","0.21.2","Yes","No","Yes","-","N/A","N/A"
"CVE-2023-45857","axios: exposure of confidential data stored in cookies","MEDIUM","trivy-plugin-e2e","https://github.aquaseclabs.com/argon-monitor/trivy-plugin-e2e/blob/95b8c1a7573f44a7965aa7973759f723a1c0016b/files_for_integration/push_files/package.json#L16-L16","files_for_integration/push_files/package.json","16","2025-02-09T08:29:12.138Z","Active","axios","0.19.2","1.6.0, 0.28.0","Yes","No","Yes","-","N/A","N/A"
"CVE-2024-45590","body-parser: Denial of Service Vulnerability in body-parser","HIGH","trivy-plugin-e2e","https://github.aquaseclabs.com/argon-monitor/trivy-plugin-e2e/blob/95b8c1a7573f44a7965aa7973759f723a1c0016b/files_for_integration/push_files/package.json#L13-L13","files_for_integration/push_files/package.json","13","2025-02-09T08:29:12.138Z","Active","body-parser","1.20.0","1.20.3","Yes","No","No","express@4.18.1","N/A","N/A"
"CVE-2024-47764","cookie: cookie accepts cookie name, path, and domain with out of bounds characters","LOW","trivy-plugin-e2e","https://github.aquaseclabs.com/argon-monitor/trivy-plugin-e2e/blob/95b8c1a7573f44a7965aa7973759f723a1c0016b/files_for_integration/push_files/package.json#L13-L13","files_for_integration/push_files/package.json","13","2025-02-09T08:29:12.138Z","Active","cookie","0.5.0","0.7.0","Yes","No","No","express@4.18.1","N/A","N/A"
"CVE-2024-29041","express: cause malformed URLs to be evaluated","MEDIUM","trivy-plugin-e2e","https://github.aquaseclabs.com/argon-monitor/trivy-plugin-e2e/blob/95b8c1a7573f44a7965aa7973759f723a1c0016b/files_for_integration/push_files/package.json#L13-L13","files_for_integration/push_files/package.json","13","2025-02-09T08:29:12.138Z","Active","express","4.18.1","4.19.2, 5.0.0-beta.3","Yes","No","Yes","-","N/A","N/A"
"CVE-2024-43796","express: Improper Input Handling in Express Redirects","LOW","trivy-plugin-e2e","https://github.aquaseclabs.com/argon-monitor/trivy-plugin-e2e/blob/95b8c1a7573f44a7965aa7973759f723a1c0016b/files_for_integration/push_files/package.json#L13-L13","files_for_integration/push_files/package.json","13","2025-02-09T08:29:12.138Z","Active","express","4.18.1","4.20.0, 5.0.0","Yes","No","Yes","-","N/A","N/A"
"CVE-2022-0155","follow-redirects: Exposure of Private Personal Information to an Unauthorized Actor","HIGH","trivy-plugin-e2e","https://github.aquaseclabs.com/argon-monitor/trivy-plugin-e2e/blob/95b8c1a7573f44a7965aa7973759f723a1c0016b/files_for_integration/push_files/package.json#L16-L16","files_for_integration/push_files/package.json","16","2025-02-09T08:29:12.138Z","Active","follow-redirects","1.5.10","1.14.7","Yes","No","No","axios@0.19.2","N/A","N/A"
"CVE-2022-0536","follow-redirects: Exposure of Sensitive Information via Authorization Header leak","MEDIUM","trivy-plugin-e2e","https://github.aquaseclabs.com/argon-monitor/trivy-plugin-e2e/blob/95b8c1a7573f44a7965aa7973759f723a1c0016b/files_for_integration/push_files/package.json#L16-L16","files_for_integration/push_files/package.json","16","2025-02-09T08:29:12.138Z","Active","follow-redirects","1.5.10","1.14.8","Yes","No","No","axios@0.19.2","N/A","N/A"
"CVE-2023-26159","follow-redirects: Improper Input Validation due to the improper handling of URLs by the url.parse()","MEDIUM","trivy-plugin-e2e","https://github.aquaseclabs.com/argon-monitor/trivy-plugin-e2e/blob/95b8c1a7573f44a7965aa7973759f723a1c0016b/files_for_integration/push_files/package.json#L16-L16","files_for_integration/push_files/package.json","16","2025-02-09T08:29:12.138Z","Active","follow-redirects","1.5.10","1.15.4","Yes","No","No","axios@0.19.2","N/A","N/A"
"CVE-2024-28849","follow-redirects: Possible credential leak","MEDIUM","trivy-plugin-e2e","https://github.aquaseclabs.com/argon-monitor/trivy-plugin-e2e/blob/95b8c1a7573f44a7965aa7973759f723a1c0016b/files_for_integration/push_files/package.json#L16-L16","files_for_integration/push_files/package.json","16","2025-02-09T08:29:12.138Z","Active","follow-redirects","1.5.10","1.15.6","Yes","No","No","axios@0.19.2","N/A","N/A"
"CVE-2024-45296","path-to-regexp: Backtracking regular expressions cause ReDoS","HIGH","trivy-plugin-e2e","https://github.aquaseclabs.com/argon-monitor/trivy-plugin-e2e/blob/95b8c1a7573f44a7965aa7973759f723a1c0016b/files_for_integration/push_files/package.json#L13-L13","files_for_integration/push_files/package.json","13","2025-02-09T08:29:12.138Z","Active","path-to-regexp","0.1.7","1.9.0, 0.1.10, 8.0.0, 3.3.0, 6.3.0","Yes","No","No","express@4.18.1","N/A","N/A"
"CVE-2024-52798","path-to-regexp: path-to-regexp Unpatched `path-to-regexp` ReDoS in 0.1.x","HIGH","trivy-plugin-e2e","https://github.aquaseclabs.com/argon-monitor/trivy-plugin-e2e/blob/95b8c1a7573f44a7965aa7973759f723a1c0016b/files_for_integration/push_files/package.json#L13-L13","files_for_integration/push_files/package.json","13","2025-02-09T08:29:12.138Z","Active","path-to-regexp","0.1.7","0.1.12","Yes","No","No","express@4.18.1","N/A","N/A"
"CVE-2024-43799","send: Code Execution Vulnerability in Send Library","LOW","trivy-plugin-e2e","https://github.aquaseclabs.com/argon-monitor/trivy-plugin-e2e/blob/95b8c1a7573f44a7965aa7973759f723a1c0016b/files_for_integration/push_files/package.json#L13-L13","files_for_integration/push_files/package.json","13","2025-02-09T08:29:12.138Z","Active","send","0.18.0","0.19.0","Yes","No","No","express@4.18.1","N/A","N/A"
"CVE-2024-43800","serve-static: Improper Sanitization in serve-static","LOW","trivy-plugin-e2e","https://github.aquaseclabs.com/argon-monitor/trivy-plugin-e2e/blob/95b8c1a7573f44a7965aa7973759f723a1c0016b/files_for_integration/push_files/package.json#L13-L13","files_for_integration/push_files/package.json","13","2025-02-09T08:29:12.138Z","Active","serve-static","1.15.0","1.16.0, 2.1.0","Yes","No","No","express@4.18.1","N/A","N/A"
"CVE-2021-36392","Moodle SQL Injection vulnerability","CRITICAL","billy-e2e","","artifacts/php/composer.lock","N/A","2025-02-09T08:32:38.945Z","Active","moodle/moodle","v2.6.2","3.11.1, 3.10.5, 3.9.8","Yes","No","Yes","-","N/A","N/A"
"CVE-2021-22880","rubygem-activerecord: crafted input may cause a regular expression DoS","MEDIUM","billy-e2e","","artifacts/ruby/gemspec/Gemfile.lock","N/A","2025-02-09T08:32:38.945Z","Active","activerecord","6.0.0","~>5.2.4, >=5.2.4.5, ~>6.0.3, >=6.0.3.5, >=6.1.2.1","Yes","No","No","acl9@3.1.0","N/A","N/A"
"CVE-2021-36393","Moodle SQL Injection vulnerability","CRITICAL","billy-e2e","","artifacts/php/composer.lock","N/A","2025-02-09T08:32:38.945Z","Active","moodle/moodle","v2.6.2","3.11.1, 3.10.5, 3.9.8","Yes","No","Yes","-","N/A","N/A"
"CVE-2024-47889","rubygem-actionmailer: Possible ReDoS vulnerability in block_format in Action Mailer","LOW","billy-e2e","","artifacts/ruby/gemspec/Gemfile.lock","N/A","2025-02-09T08:32:38.945Z","Active","actionmailer","6.0.0","~>6.1.7.9, ~>7.0.8.5, ~>7.1.4, >=7.1.4.1, >=7.2.1.1","Yes","No","No","acl9@3.1.0","N/A","N/A"
"CVE-2018-25032","zlib: A flaw found in zlib when compressing (not decompressing) certain inputs","HIGH","billy-e2e","","artifacts/ruby/gemspec/Gemfile.lock","N/A","2025-02-09T08:32:38.945Z","Active","nokogiri","1.10.4",">=1.13.4","Yes","No","No","acl9@3.1.0","N/A","N/A"
"CVE-2024-45590","body-parser: Denial of Service Vulnerability in body-parser","HIGH","billy-e2e","https://github.aquaseclabs.com/argon-monitor/billy-e2e/blob/0d236d9b93e321189fcf1963dd2a303582021de7/artifacts/docker/image/package.json#L22-L22","artifacts/docker/image/package.json","22","2025-02-09T08:32:38.945Z","Active","body-parser","1.18.2","1.20.3","Yes","No","Yes","-","N/A","N/A"
"CVE-2024-45590","body-parser: Denial of Service Vulnerability in body-parser","HIGH","billy-e2e","https://github.aquaseclabs.com/argon-monitor/billy-e2e/blob/0d236d9b93e321189fcf1963dd2a303582021de7/artifacts/docker/image/package.json#L21-L21","artifacts/docker/image/package.json","21","2025-02-09T08:32:38.945Z","Active","body-parser","1.20.0","1.20.3","Yes","No","No","express@4.18.1","N/A","N/A"
"CVE-2020-7610","bson: Deserialization of Untrusted Data could result in Code injection or Excessive CPU load","CRITICAL","billy-e2e","https://github.aquaseclabs.com/argon-monitor/billy-e2e/blob/0d236d9b93e321189fcf1963dd2a303582021de7/artifacts/docker/image/package.json#L25-L25","artifacts/docker/image/package.json","25","2025-02-09T08:32:38.945Z","Active","bson","1.0.9","1.1.4","Yes","No","No","multer-gridfs-storage@1.1.0","N/A","N/A"
"CVE-2019-2391","Incorrect parsing of certain JSON input may result in js-bson not corr ...","MEDIUM","billy-e2e","https://github.aquaseclabs.com/argon-monitor/billy-e2e/blob/0d236d9b93e321189fcf1963dd2a303582021de7/artifacts/docker/image/package.json#L25-L25","artifacts/docker/image/package.json","25","2025-02-09T08:32:38.945Z","Active","bson","1.0.9","1.1.4","Yes","No","No","multer-gridfs-storage@1.1.0","N/A","N/A"
"CVE-2024-47764","cookie: cookie accepts cookie name, path, and domain with out of bounds characters","LOW","billy-e2e","https://github.aquaseclabs.com/argon-monitor/billy-e2e/blob/0d236d9b93e321189fcf1963dd2a303582021de7/artifacts/docker/image/package.json#L21-L21","artifacts/docker/image/package.json","21","2025-02-09T08:32:38.945Z","Active","cookie","0.5.0","0.7.0","Yes","No","No","express@4.18.1","N/A","N/A"
"CVE-2022-24434","dicer: nodejs service crash by sending a crafted payload","HIGH","billy-e2e","https://github.aquaseclabs.com/argon-monitor/billy-e2e/blob/0d236d9b93e321189fcf1963dd2a303582021de7/artifacts/docker/image/package.json#L24-L24","artifacts/docker/image/package.json","24","2025-02-09T08:32:38.945Z","Active","dicer","0.2.5","-","No","No","No","multer@1.4.1","N/A","N/A"
"CVE-2024-29041","express: cause malformed URLs to be evaluated","MEDIUM","billy-e2e","https://github.aquaseclabs.com/argon-monitor/billy-e2e/blob/0d236d9b93e321189fcf1963dd2a303582021de7/artifacts/docker/image/package.json#L21-L21","artifacts/docker/image/package.json","21","2025-02-09T08:32:38.945Z","Active","express","4.18.1","4.19.2, 5.0.0-beta.3","Yes","No","Yes","-","N/A","N/A"
"CVE-2024-43796","express: Improper Input Handling in Express Redirects","LOW","billy-e2e","https://github.aquaseclabs.com/argon-monitor/billy-e2e/blob/0d236d9b93e321189fcf1963dd2a303582021de7/artifacts/docker/image/package.json#L21-L21","artifacts/docker/image/package.json","21","2025-02-09T08:32:38.945Z","Active","express","4.18.1","4.20.0, 5.0.0","Yes","No","Yes","-","N/A","N/A"
"GHSA-mh5c-679w-hh4r","Denial of Service in mongodb","HIGH","billy-e2e","https://github.aquaseclabs.com/argon-monitor/billy-e2e/blob/0d236d9b93e321189fcf1963dd2a303582021de7/artifacts/docker/image/package.json#L25-L25","artifacts/docker/image/package.json","25","2025-02-09T08:32:38.945Z","Active","mongodb","2.2.36","3.1.13","Yes","No","No","multer-gridfs-storage@1.1.0","N/A","N/A"
"CVE-2024-45296","path-to-regexp: Backtracking regular expressions cause ReDoS","HIGH","billy-e2e","https://github.aquaseclabs.com/argon-monitor/billy-e2e/blob/0d236d9b93e321189fcf1963dd2a303582021de7/artifacts/docker/image/package.json#L21-L21","artifacts/docker/image/package.json","21","2025-02-09T08:32:38.945Z","Active","path-to-regexp","0.1.7","1.9.0, 0.1.10, 8.0.0, 3.3.0, 6.3.0","Yes","No","No","express@4.18.1","N/A","N/A"
"CVE-2024-52798","path-to-regexp: path-to-regexp Unpatched `path-to-regexp` ReDoS in 0.1.x","HIGH","billy-e2e","https://github.aquaseclabs.com/argon-monitor/billy-e2e/blob/0d236d9b93e321189fcf1963dd2a303582021de7/artifacts/docker/image/package.json#L21-L21","artifacts/docker/image/package.json","21","2025-02-09T08:32:38.945Z","Active","path-to-regexp","0.1.7","0.1.12","Yes","No","No","express@4.18.1","N/A","N/A"
"CVE-2019-13118","libxslt: read of uninitialized stack data due to too narrow xsl:number instruction and an invalid character","HIGH","billy-e2e","","artifacts/ruby/gemspec/Gemfile.lock","N/A","2025-02-09T08:32:38.945Z","Active","nokogiri","1.10.4",">=1.10.5","Yes","No","No","acl9@3.1.0","N/A","N/A"
"CVE-2022-24999","express: ""qs"" prototype poisoning causes the hang of the node process","HIGH","billy-e2e","https://github.aquaseclabs.com/argon-monitor/billy-e2e/blob/0d236d9b93e321189fcf1963dd2a303582021de7/artifacts/docker/image/package.json#L22-L22","artifacts/docker/image/package.json","22","2025-02-09T08:32:38.945Z","Active","qs","6.5.1","6.10.3, 6.9.7, 6.8.3, 6.7.3, 6.6.1, 6.5.3, 6.4.1, 6.3.3, 6.2.4","Yes","No","No","body-parser@1.18.2","N/A","N/A"
"CVE-2021-29469","Node-redis is a Node.js Redis client. Before version 3.1.1, when a cli ...","HIGH","billy-e2e","https://github.aquaseclabs.com/argon-monitor/billy-e2e/blob/0d236d9b93e321189fcf1963dd2a303582021de7/artifacts/docker/image/package.json#L20-L20","artifacts/docker/image/package.json","20","2025-02-09T08:32:38.945Z","Active","redis","3.0.2","3.1.1","Yes","No","Yes","-","N/A","N/A"
"CVE-2024-43799","send: Code Execution Vulnerability in Send Library","LOW","billy-e2e","https://github.aquaseclabs.com/argon-monitor/billy-e2e/blob/0d236d9b93e321189fcf1963dd2a303582021de7/artifacts/docker/image/package.json#L21-L21","artifacts/docker/image/package.json","21","2025-02-09T08:32:38.945Z","Active","send","0.18.0","0.19.0","Yes","No","No","express@4.18.1","N/A","N/A"
"CVE-2024-43800","serve-static: Improper Sanitization in serve-static","LOW","billy-e2e","https://github.aquaseclabs.com/argon-monitor/billy-e2e/blob/0d236d9b93e321189fcf1963dd2a303582021de7/artifacts/docker/image/package.json#L21-L21","artifacts/docker/image/package.json","21","2025-02-09T08:32:38.945Z","Active","serve-static","1.15.0","1.16.0, 2.1.0","Yes","No","No","express@4.18.1","N/A","N/A"
"CVE-2024-45590","body-parser: Denial of Service Vulnerability in body-parser","HIGH","billy-e2e","https://github.aquaseclabs.com/argon-monitor/billy-e2e/blob/0d236d9b93e321189fcf1963dd2a303582021de7/artifacts/node/non-lock/package.json#L22-L22","artifacts/node/non-lock/package.json","22","2025-02-09T08:32:38.945Z","Active","body-parser","1.18.2","1.20.3","Yes","No","Yes","-","N/A","N/A"
"CVE-2024-45590","body-parser: Denial of Service Vulnerability in body-parser","HIGH","billy-e2e","https://github.aquaseclabs.com/argon-monitor/billy-e2e/blob/0d236d9b93e321189fcf1963dd2a303582021de7/artifacts/node/non-lock/package.json#L21-L21","artifacts/node/non-lock/package.json","21","2025-02-09T08:32:38.945Z","Active","body-parser","1.20.0","1.20.3","Yes","No","No","express@4.18.1","N/A","N/A"
"CVE-2020-7610","bson: Deserialization of Untrusted Data could result in Code injection or Excessive CPU load","CRITICAL","billy-e2e","https://github.aquaseclabs.com/argon-monitor/billy-e2e/blob/0d236d9b93e321189fcf1963dd2a303582021de7/artifacts/node/non-lock/package.json#L25-L25","artifacts/node/non-lock/package.json","25","2025-02-09T08:32:38.945Z","Active","bson","1.0.9","1.1.4","Yes","No","No","multer-gridfs-storage@1.1.0","N/A","N/A"
"CVE-2019-2391","Incorrect parsing of certain JSON input may result in js-bson not corr ...","MEDIUM","billy-e2e","https://github.aquaseclabs.com/argon-monitor/billy-e2e/blob/0d236d9b93e321189fcf1963dd2a303582021de7/artifacts/node/non-lock/package.json#L25-L25","artifacts/node/non-lock/package.json","25","2025-02-09T08:32:38.945Z","Active","bson","1.0.9","1.1.4","Yes","No","No","multer-gridfs-storage@1.1.0","N/A","N/A"
"CVE-2024-47764","cookie: cookie accepts cookie name, path, and domain with out of bounds characters","LOW","billy-e2e","https://github.aquaseclabs.com/argon-monitor/billy-e2e/blob/0d236d9b93e321189fcf1963dd2a303582021de7/artifacts/node/non-lock/package.json#L21-L21","artifacts/node/non-lock/package.json","21","2025-02-09T08:32:38.945Z","Active","cookie","0.5.0","0.7.0","Yes","No","No","express@4.18.1","N/A","N/A"
"CVE-2022-24434","dicer: nodejs service crash by sending a crafted payload","HIGH","billy-e2e","https://github.aquaseclabs.com/argon-monitor/billy-e2e/blob/0d236d9b93e321189fcf1963dd2a303582021de7/artifacts/node/non-lock/package.json#L24-L24","artifacts/node/non-lock/package.json","24","2025-02-09T08:32:38.945Z","Active","dicer","0.2.5","-","No","No","No","multer@1.4.1","N/A","N/A"
"CVE-2024-29041","express: cause malformed URLs to be evaluated","MEDIUM","billy-e2e","https://github.aquaseclabs.com/argon-monitor/billy-e2e/blob/0d236d9b93e321189fcf1963dd2a303582021de7/artifacts/node/non-lock/package.json#L21-L21","artifacts/node/non-lock/package.json","21","2025-02-09T08:32:38.945Z","Active","express","4.18.1","4.19.2, 5.0.0-beta.3","Yes","No","Yes","-","N/A","N/A"
"CVE-2024-43796","express: Improper Input Handling in Express Redirects","LOW","billy-e2e","https://github.aquaseclabs.com/argon-monitor/billy-e2e/blob/0d236d9b93e321189fcf1963dd2a303582021de7/artifacts/node/non-lock/package.json#L21-L21","artifacts/node/non-lock/package.json","21","2025-02-09T08:32:38.945Z","Active","express","4.18.1","4.20.0, 5.0.0","Yes","No","Yes","-","N/A","N/A"
"GHSA-mh5c-679w-hh4r","Denial of Service in mongodb","HIGH","billy-e2e","https://github.aquaseclabs.com/argon-monitor/billy-e2e/blob/0d236d9b93e321189fcf1963dd2a303582021de7/artifacts/node/non-lock/package.json#L25-L25","artifacts/node/non-lock/package.json","25","2025-02-09T08:32:38.945Z","Active","mongodb","2.2.36","3.1.13","Yes","No","No","multer-gridfs-storage@1.1.0","N/A","N/A"
"CVE-2024-45296","path-to-regexp: Backtracking regular expressions cause ReDoS","HIGH","billy-e2e","https://github.aquaseclabs.com/argon-monitor/billy-e2e/blob/0d236d9b93e321189fcf1963dd2a303582021de7/artifacts/node/non-lock/package.json#L21-L21","artifacts/node/non-lock/package.json","21","2025-02-09T08:32:38.945Z","Active","path-to-regexp","0.1.7","1.9.0, 0.1.10, 8.0.0, 3.3.0, 6.3.0","Yes","No","No","express@4.18.1","N/A","N/A"
"CVE-2024-52798","path-to-regexp: path-to-regexp Unpatched `path-to-regexp` ReDoS in 0.1.x","HIGH","billy-e2e","https://github.aquaseclabs.com/argon-monitor/billy-e2e/blob/0d236d9b93e321189fcf1963dd2a303582021de7/artifacts/node/non-lock/package.json#L21-L21","artifacts/node/non-lock/package.json","21","2025-02-09T08:32:38.945Z","Active","path-to-regexp","0.1.7","0.1.12","Yes","No","No","express@4.18.1","N/A","N/A"
"CVE-2022-24999","express: ""qs"" prototype poisoning causes the hang of the node process","HIGH","billy-e2e","https://github.aquaseclabs.com/argon-monitor/billy-e2e/blob/0d236d9b93e321189fcf1963dd2a303582021de7/artifacts/node/non-lock/package.json#L22-L22","artifacts/node/non-lock/package.json","22","2025-02-09T08:32:38.945Z","Active","qs","6.5.1","6.10.3, 6.9.7, 6.8.3, 6.7.3, 6.6.1, 6.5.3, 6.4.1, 6.3.3, 6.2.4","Yes","No","No","body-parser@1.18.2","N/A","N/A"
"CVE-2019-18197","libxslt: use after free in xsltCopyText in transform.c could lead to information disclosure","HIGH","billy-e2e","","artifacts/ruby/gemspec/Gemfile.lock","N/A","2025-02-09T08:32:38.945Z","Active","nokogiri","1.10.4",">=1.10.5","Yes","No","No","acl9@3.1.0","N/A","N/A"
"CVE-2021-29469","Node-redis is a Node.js Redis client. Before version 3.1.1, when a cli ...","HIGH","billy-e2e","https://github.aquaseclabs.com/argon-monitor/billy-e2e/blob/0d236d9b93e321189fcf1963dd2a303582021de7/artifacts/node/non-lock/package.json#L20-L20","artifacts/node/non-lock/package.json","20","2025-02-09T08:32:38.945Z","Active","redis","3.0.2","3.1.1","Yes","No","Yes","-","N/A","N/A"
"CVE-2024-43799","send: Code Execution Vulnerability in Send Library","LOW","billy-e2e","https://github.aquaseclabs.com/argon-monitor/billy-e2e/blob/0d236d9b93e321189fcf1963dd2a303582021de7/artifacts/node/non-lock/package.json#L21-L21","artifacts/node/non-lock/package.json","21","2025-02-09T08:32:38.945Z","Active","send","0.18.0","0.19.0","Yes","No","No","express@4.18.1","N/A","N/A"
"CVE-2024-43800","serve-static: Improper Sanitization in serve-static","LOW","billy-e2e","https://github.aquaseclabs.com/argon-monitor/billy-e2e/blob/0d236d9b93e321189fcf1963dd2a303582021de7/artifacts/node/non-lock/package.json#L21-L21","artifacts/node/non-lock/package.json","21","2025-02-09T08:32:38.945Z","Active","serve-static","1.15.0","1.16.0, 2.1.0","Yes","No","No","express@4.18.1","N/A","N/A"
"CVE-2023-5841","OpenEXR: Heap Overflow in Scanline Deep Data Parsing","CRITICAL","billy-e2e","","artifacts/conan/python-recipe/conan.lock","N/A","2025-02-09T08:32:38.945Z","Active","openexr","2.5.7","-","No","No","Yes","-","N/A","N/A"
"CVE-2021-20298","OpenEXR: Out-of-memory in B44Compressor","HIGH","billy-e2e","","artifacts/conan/python-recipe/conan.lock","N/A","2025-02-09T08:32:38.945Z","Active","openexr","2.5.7","3.1.4","Yes","No","Yes","-","N/A","N/A"
"CVE-2021-20304","OpenEXR: Undefined-shift in Imf_2_5::hufDecode","HIGH","billy-e2e","","artifacts/conan/python-recipe/conan.lock","N/A","2025-02-09T08:32:38.945Z","Active","openexr","2.5.7","3.1.4","Yes","No","Yes","-","N/A","N/A"
"CVE-2021-23169","OpenEXR: Heap-buffer-overflow in Imf_2_5::copyIntoFrameBuffer","HIGH","billy-e2e","","artifacts/conan/python-recipe/conan.lock","N/A","2025-02-09T08:32:38.945Z","Active","openexr","2.5.7","3.1.4","Yes","No","Yes","-","N/A","N/A"
"CVE-2021-23215","OpenEXR: Integer-overflow in Imf_2_5::DwaCompressor::initializeBuffers","MEDIUM","billy-e2e","","artifacts/conan/python-recipe/conan.lock","N/A","2025-02-09T08:32:38.945Z","Active","openexr","2.5.7","3.1.4","Yes","No","Yes","-","N/A","N/A"
"CVE-2021-26260","OpenEXR: Integer-overflow in Imf_2_5::DwaCompressor::initializeBuffers","MEDIUM","billy-e2e","","artifacts/conan/python-recipe/conan.lock","N/A","2025-02-09T08:32:38.945Z","Active","openexr","2.5.7","3.1.4","Yes","No","Yes","-","N/A","N/A"
"CVE-2021-26945","OpenEXR: Integer-overflow in bool Imf_2_5::readDeepTile<Imf_2_5::DeepTiledInputPart>","MEDIUM","billy-e2e","","artifacts/conan/python-recipe/conan.lock","N/A","2025-02-09T08:32:38.945Z","Active","openexr","2.5.7","3.1.4","Yes","No","Yes","-","N/A","N/A"
"CVE-2021-3598","OpenEXR: Heap buffer overflow in Imf_3_1::CharPtrIO::readChars","MEDIUM","billy-e2e","","artifacts/conan/python-recipe/conan.lock","N/A","2025-02-09T08:32:38.945Z","Active","openexr","2.5.7","3.1.4","Yes","No","Yes","-","N/A","N/A"
"CVE-2021-3605","OpenEXR: Heap buffer overflow in the rleUncompress function","MEDIUM","billy-e2e","","artifacts/conan/python-recipe/conan.lock","N/A","2025-02-09T08:32:38.945Z","Active","openexr","2.5.7","3.1.4","Yes","No","Yes","-","N/A","N/A"
"CVE-2021-3933","openexr: Integer-overflow in Imf_3_1::bytesPerDeepLineTable","MEDIUM","billy-e2e","","artifacts/conan/python-recipe/conan.lock","N/A","2025-02-09T08:32:38.945Z","Active","openexr","2.5.7","3.1.4","Yes","No","Yes","-","N/A","N/A"
"CVE-2022-1941","protobuf: message parsing vulnerability in ProtocolBuffers","HIGH","billy-e2e","","artifacts/conan/text-recipe/conan.lock","N/A","2025-02-09T08:32:38.945Z","Active","protobuf","3.21.4","3.19.6, 3.21.9","Yes","No","Yes","-","N/A","N/A"
"CVE-2024-21907","Improper Handling of Exceptional Conditions in Newtonsoft.Json","HIGH","billy-e2e","","artifacts/dotnet/lock/packages.config","N/A","2025-02-09T08:32:38.945Z","Active","Newtonsoft.Json","8.0.3","13.0.1","Yes","No","Yes","-","N/A","N/A"
"CVE-2020-26160","jwt-go: access restriction bypass vulnerability","HIGH","billy-e2e","","artifacts/go/go.mod","N/A","2025-02-09T08:32:38.945Z","Active","github.com/dgrijalva/jwt-go","v3.2.0+incompatible","-","No","No","Yes","-","N/A","N/A"
"CVE-2022-40083","Labstack Echo v4.8.0 was discovered to contain an open redirect vulner ...","CRITICAL","billy-e2e","","artifacts/go/go.mod","N/A","2025-02-09T08:32:38.945Z","Active","github.com/labstack/echo/v4","v4.1.16","4.9.0","Yes","No","Yes","-","N/A","N/A"
"CVE-2020-36565","Echo vulnerable to directory traversal","MEDIUM","billy-e2e","","artifacts/go/go.mod","N/A","2025-02-09T08:32:38.945Z","Active","github.com/labstack/echo/v4","v4.1.16","4.2.0","Yes","No","Yes","-","N/A","N/A"
"CVE-2024-45337","golang.org/x/crypto/ssh: Misuse of ServerConfig.PublicKeyCallback may cause authorization bypass in golang.org/x/crypto","CRITICAL","billy-e2e","","artifacts/go/go.mod","N/A","2025-02-09T08:32:38.945Z","Active","golang.org/x/crypto","v0.0.0-20200429183012-4b2356b1ed79","0.31.0","Yes","No","Yes","-","N/A","N/A"
"CVE-2020-29652","golang: crypto/ssh: crafted authentication request can lead to nil pointer dereference","HIGH","billy-e2e","","artifacts/go/go.mod","N/A","2025-02-09T08:32:38.945Z","Active","golang.org/x/crypto","v0.0.0-20200429183012-4b2356b1ed79","0.0.0-20201216223049-8b5274cf687f","Yes","No","Yes","-","N/A","N/A"
"CVE-2021-36396","Moodle vulnerable to Server-Side Request Forgery","HIGH","billy-e2e","","artifacts/php/composer.lock","N/A","2025-02-09T08:32:38.945Z","Active","moodle/moodle","v2.6.2","3.11.1, 3.10.5, 3.9.8","Yes","No","Yes","-","N/A","N/A"
"CVE-2021-43565","golang.org/x/crypto: empty plaintext packet causes panic","HIGH","billy-e2e","","artifacts/go/go.mod","N/A","2025-02-09T08:32:38.945Z","Active","golang.org/x/crypto","v0.0.0-20200429183012-4b2356b1ed79","0.0.0-20211202192323-5770296d904e","Yes","No","Yes","-","N/A","N/A"
"CVE-2022-27191","golang: crash in a golang.org/x/crypto/ssh server","HIGH","billy-e2e","","artifacts/go/go.mod","N/A","2025-02-09T08:32:38.945Z","Active","golang.org/x/crypto","v0.0.0-20200429183012-4b2356b1ed79","0.0.0-20220314234659-1baeb1ce4c0b","Yes","No","Yes","-","N/A","N/A"
"CVE-2023-48795","ssh: Prefix truncation attack on Binary Packet Protocol (BPP)","MEDIUM","billy-e2e","","artifacts/go/go.mod","N/A","2025-02-09T08:32:38.945Z","Active","golang.org/x/crypto","v0.0.0-20200429183012-4b2356b1ed79","0.17.0","Yes","No","Yes","-","N/A","N/A"
"CVE-2021-33194","golang: x/net/html: infinite loop in ParseFragment","HIGH","billy-e2e","","artifacts/go/go.mod","N/A","2025-02-09T08:32:38.945Z","Active","golang.org/x/net","v0.0.0-20200501053045-e0ff5e5a1de5","0.0.0-20210520170846-37e1c6afe023","Yes","No","No","github.com/xesina/golang-echo-realworld-example-app","N/A","N/A"
"CVE-2022-27664","golang: net/http: handle server errors after sending GOAWAY","HIGH","billy-e2e","","artifacts/go/go.mod","N/A","2025-02-09T08:32:38.945Z","Active","golang.org/x/net","v0.0.0-20200501053045-e0ff5e5a1de5","0.0.0-20220906165146-f3363e06e74c","Yes","No","No","github.com/xesina/golang-echo-realworld-example-app","N/A","N/A"
"CVE-2022-41723","golang.org/x/net/http2: avoid quadratic complexity in HPACK decoding","HIGH","billy-e2e","","artifacts/go/go.mod","N/A","2025-02-09T08:32:38.945Z","Active","golang.org/x/net","v0.0.0-20200501053045-e0ff5e5a1de5","0.7.0","Yes","No","No","github.com/xesina/golang-echo-realworld-example-app","N/A","N/A"
"CVE-2023-39325","golang: net/http, x/net/http2: rapid stream resets can cause excessive work (CVE-2023-44487)","HIGH","billy-e2e","","artifacts/go/go.mod","N/A","2025-02-09T08:32:38.945Z","Active","golang.org/x/net","v0.0.0-20200501053045-e0ff5e5a1de5","0.17.0","Yes","No","No","github.com/xesina/golang-echo-realworld-example-app","N/A","N/A"
"CVE-2024-45338","golang.org/x/net/html: Non-linear parsing of case-insensitive content in golang.org/x/net/html","HIGH","billy-e2e","","artifacts/go/go.mod","N/A","2025-02-09T08:32:38.945Z","Active","golang.org/x/net","v0.0.0-20200501053045-e0ff5e5a1de5","0.33.0","Yes","No","No","github.com/xesina/golang-echo-realworld-example-app","N/A","N/A"
"CVE-2021-31525","golang: net/http: panic in ReadRequest and ReadResponse when reading a very large header","MEDIUM","billy-e2e","","artifacts/go/go.mod","N/A","2025-02-09T08:32:38.945Z","Active","golang.org/x/net","v0.0.0-20200501053045-e0ff5e5a1de5","0.0.0-20210428140749-89ef3d95e781","Yes","No","No","github.com/xesina/golang-echo-realworld-example-app","N/A","N/A"
"CVE-2022-41717","golang: net/http: excessive memory growth in a Go server accepting HTTP/2 requests","MEDIUM","billy-e2e","","artifacts/go/go.mod","N/A","2025-02-09T08:32:38.945Z","Active","golang.org/x/net","v0.0.0-20200501053045-e0ff5e5a1de5","0.4.0","Yes","No","No","github.com/xesina/golang-echo-realworld-example-app","N/A","N/A"
"CVE-2024-34001","Moodle CSRF risk in admin preset tool management of presets","HIGH","billy-e2e","","artifacts/php/composer.lock","N/A","2025-02-09T08:32:38.945Z","Active","moodle/moodle","v2.6.2","4.3.4, 4.2.7, 4.1.10","Yes","No","Yes","-","N/A","N/A"
"CVE-2023-3978","golang.org/x/net/html: Cross site scripting","MEDIUM","billy-e2e","","artifacts/go/go.mod","N/A","2025-02-09T08:32:38.945Z","Active","golang.org/x/net","v0.0.0-20200501053045-e0ff5e5a1de5","0.13.0","Yes","No","No","github.com/xesina/golang-echo-realworld-example-app","N/A","N/A"
"CVE-2023-44487","HTTP/2: Multiple HTTP/2 enabled web servers are vulnerable to a DDoS attack (Rapid Reset Attack)","MEDIUM","billy-e2e","","artifacts/go/go.mod","N/A","2025-02-09T08:32:38.945Z","Active","golang.org/x/net","v0.0.0-20200501053045-e0ff5e5a1de5","0.17.0","Yes","No","No","github.com/xesina/golang-echo-realworld-example-app","N/A","N/A"
"CVE-2023-45288","golang: net/http, x/net/http2: unlimited number of CONTINUATION frames causes DoS","MEDIUM","billy-e2e","","artifacts/go/go.mod","N/A","2025-02-09T08:32:38.945Z","Active","golang.org/x/net","v0.0.0-20200501053045-e0ff5e5a1de5","0.23.0","Yes","No","No","github.com/xesina/golang-echo-realworld-example-app","N/A","N/A"
"CVE-2022-29526","golang: syscall: faccessat checks wrong group","MEDIUM","billy-e2e","","artifacts/go/go.mod","N/A","2025-02-09T08:32:38.945Z","Active","golang.org/x/sys","v0.0.0-20210630005230-0f9fa26af87c","0.0.0-20220412211240-33da011f77ad","Yes","No","No","github.com/xesina/golang-echo-realworld-example-app","N/A","N/A"
"CVE-2021-36399","Moodle Cross-site Scripting vulnerability","MEDIUM","billy-e2e","","artifacts/php/composer.lock","N/A","2025-02-09T08:32:38.945Z","Active","moodle/moodle","v2.6.2","3.11.1, 3.10.5, 3.9.8","Yes","No","Yes","-","N/A","N/A"
"CVE-2021-38561","golang: out-of-bounds read in golang.org/x/text/language leads to DoS","HIGH","billy-e2e","","artifacts/go/go.mod","N/A","2025-02-09T08:32:38.945Z","Active","golang.org/x/text","v0.3.2","0.3.7","Yes","No","No","github.com/xesina/golang-echo-realworld-example-app","N/A","N/A"
"CVE-2022-32149","golang: golang.org/x/text/language: ParseAcceptLanguage takes a long time to parse complex tags","HIGH","billy-e2e","","artifacts/go/go.mod","N/A","2025-02-09T08:32:38.945Z","Active","golang.org/x/text","v0.3.2","0.3.8","Yes","No","No","github.com/xesina/golang-echo-realworld-example-app","N/A","N/A"
"CVE-2020-14040","golang.org/x/text: possibility to trigger an infinite loop in encoding/unicode could lead to crash","MEDIUM","billy-e2e","","artifacts/go/go.mod","N/A","2025-02-09T08:32:38.945Z","Active","golang.org/x/text","v0.3.2","0.3.3","Yes","No","No","github.com/xesina/golang-echo-realworld-example-app","N/A","N/A"
"CVE-2022-4065","testng: a path traversal in zip files","HIGH","billy-e2e","https://github.aquaseclabs.com/argon-monitor/billy-e2e/blob/0d236d9b93e321189fcf1963dd2a303582021de7/artifacts/gradle/lock/build.gradle#L1-L1","artifacts/gradle/lock/build.gradle","N/A","2025-02-09T08:32:38.945Z","Active","org.testng:testng","7.5","7.5.1, 7.7.0","Yes","No","No","-","N/A","N/A"
"CVE-2024-45590","body-parser: Denial of Service Vulnerability in body-parser","HIGH","billy-e2e","https://github.aquaseclabs.com/argon-monitor/billy-e2e/blob/0d236d9b93e321189fcf1963dd2a303582021de7/artifacts/node/lock/package.json#L22-L22","artifacts/node/lock/package.json","22","2025-02-09T08:32:38.945Z","Active","body-parser","1.18.2","1.20.3","Yes","No","Yes","-","N/A","N/A"
"CVE-2024-45590","body-parser: Denial of Service Vulnerability in body-parser","HIGH","billy-e2e","https://github.aquaseclabs.com/argon-monitor/billy-e2e/blob/0d236d9b93e321189fcf1963dd2a303582021de7/artifacts/node/lock/package.json#L21-L21","artifacts/node/lock/package.json","21","2025-02-09T08:32:38.945Z","Active","body-parser","1.20.0","1.20.3","Yes","No","No","express@4.18.1","N/A","N/A"
"CVE-2020-7610","bson: Deserialization of Untrusted Data could result in Code injection or Excessive CPU load","CRITICAL","billy-e2e","https://github.aquaseclabs.com/argon-monitor/billy-e2e/blob/0d236d9b93e321189fcf1963dd2a303582021de7/artifacts/node/lock/package.json#L25-L25","artifacts/node/lock/package.json","25","2025-02-09T08:32:38.945Z","Active","bson","1.0.9","1.1.4","Yes","No","No","multer-gridfs-storage@1.1.0","N/A","N/A"
"CVE-2019-2391","Incorrect parsing of certain JSON input may result in js-bson not corr ...","MEDIUM","billy-e2e","https://github.aquaseclabs.com/argon-monitor/billy-e2e/blob/0d236d9b93e321189fcf1963dd2a303582021de7/artifacts/node/lock/package.json#L25-L25","artifacts/node/lock/package.json","25","2025-02-09T08:32:38.945Z","Active","bson","1.0.9","1.1.4","Yes","No","No","multer-gridfs-storage@1.1.0","N/A","N/A"
"CVE-2024-47764","cookie: cookie accepts cookie name, path, and domain with out of bounds characters","LOW","billy-e2e","https://github.aquaseclabs.com/argon-monitor/billy-e2e/blob/0d236d9b93e321189fcf1963dd2a303582021de7/artifacts/node/lock/package.json#L21-L21","artifacts/node/lock/package.json","21","2025-02-09T08:32:38.945Z","Active","cookie","0.5.0","0.7.0","Yes","No","No","express@4.18.1","N/A","N/A"
"CVE-2022-24434","dicer: nodejs service crash by sending a crafted payload","HIGH","billy-e2e","https://github.aquaseclabs.com/argon-monitor/billy-e2e/blob/0d236d9b93e321189fcf1963dd2a303582021de7/artifacts/node/lock/package.json#L24-L24","artifacts/node/lock/package.json","24","2025-02-09T08:32:38.945Z","Active","dicer","0.2.5","-","No","No","No","multer@1.4.1","N/A","N/A"
"CVE-2024-29041","express: cause malformed URLs to be evaluated","MEDIUM","billy-e2e","https://github.aquaseclabs.com/argon-monitor/billy-e2e/blob/0d236d9b93e321189fcf1963dd2a303582021de7/artifacts/node/lock/package.json#L21-L21","artifacts/node/lock/package.json","21","2025-02-09T08:32:38.945Z","Active","express","4.18.1","4.19.2, 5.0.0-beta.3","Yes","No","Yes","-","N/A","N/A"
"CVE-2024-43796","express: Improper Input Handling in Express Redirects","LOW","billy-e2e","https://github.aquaseclabs.com/argon-monitor/billy-e2e/blob/0d236d9b93e321189fcf1963dd2a303582021de7/artifacts/node/lock/package.json#L21-L21","artifacts/node/lock/package.json","21","2025-02-09T08:32:38.945Z","Active","express","4.18.1","4.20.0, 5.0.0","Yes","No","Yes","-","N/A","N/A"
"GHSA-mh5c-679w-hh4r","Denial of Service in mongodb","HIGH","billy-e2e","https://github.aquaseclabs.com/argon-monitor/billy-e2e/blob/0d236d9b93e321189fcf1963dd2a303582021de7/artifacts/node/lock/package.json#L25-L25","artifacts/node/lock/package.json","25","2025-02-09T08:32:38.945Z","Active","mongodb","2.2.36","3.1.13","Yes","No","No","multer-gridfs-storage@1.1.0","N/A","N/A"
"CVE-2024-45296","path-to-regexp: Backtracking regular expressions cause ReDoS","HIGH","billy-e2e","https://github.aquaseclabs.com/argon-monitor/billy-e2e/blob/0d236d9b93e321189fcf1963dd2a303582021de7/artifacts/node/lock/package.json#L21-L21","artifacts/node/lock/package.json","21","2025-02-09T08:32:38.945Z","Active","path-to-regexp","0.1.7","1.9.0, 0.1.10, 8.0.0, 3.3.0, 6.3.0","Yes","No","No","express@4.18.1","N/A","N/A"
"CVE-2024-52798","path-to-regexp: path-to-regexp Unpatched `path-to-regexp` ReDoS in 0.1.x","HIGH","billy-e2e","https://github.aquaseclabs.com/argon-monitor/billy-e2e/blob/0d236d9b93e321189fcf1963dd2a303582021de7/artifacts/node/lock/package.json#L21-L21","artifacts/node/lock/package.json","21","2025-02-09T08:32:38.945Z","Active","path-to-regexp","0.1.7","0.1.12","Yes","No","No","express@4.18.1","N/A","N/A"
"CVE-2022-24999","express: ""qs"" prototype poisoning causes the hang of the node process","HIGH","billy-e2e","https://github.aquaseclabs.com/argon-monitor/billy-e2e/blob/0d236d9b93e321189fcf1963dd2a303582021de7/artifacts/node/lock/package.json#L22-L22","artifacts/node/lock/package.json","22","2025-02-09T08:32:38.945Z","Active","qs","6.5.1","6.10.3, 6.9.7, 6.8.3, 6.7.3, 6.6.1, 6.5.3, 6.4.1, 6.3.3, 6.2.4","Yes","No","No","body-parser@1.18.2","N/A","N/A"
"GHSA-cgx6-hpwq-fhv5","Integer Overflow or Wraparound in libxml2 affects Nokogiri","HIGH","billy-e2e","","artifacts/ruby/gemspec/Gemfile.lock","N/A","2025-02-09T08:32:38.945Z","Active","nokogiri","1.10.4",">=1.13.5","Yes","No","No","acl9@3.1.0","N/A","N/A"
"CVE-2021-29469","Node-redis is a Node.js Redis client. Before version 3.1.1, when a cli ...","HIGH","billy-e2e","https://github.aquaseclabs.com/argon-monitor/billy-e2e/blob/0d236d9b93e321189fcf1963dd2a303582021de7/artifacts/node/lock/package.json#L20-L20","artifacts/node/lock/package.json","20","2025-02-09T08:32:38.945Z","Active","redis","3.0.2","3.1.1","Yes","No","Yes","-","N/A","N/A"
"CVE-2022-25883","nodejs-semver: Regular expression denial of service","HIGH","billy-e2e","https://github.aquaseclabs.com/argon-monitor/billy-e2e/blob/0d236d9b93e321189fcf1963dd2a303582021de7/artifacts/node/lock/package.json#L25-L25","artifacts/node/lock/package.json","25","2025-02-09T08:32:38.945Z","Active","semver","5.7.1","7.5.2, 6.3.1, 5.7.2","Yes","No","No","multer-gridfs-storage@1.1.0","N/A","N/A"
"CVE-2024-43799","send: Code Execution Vulnerability in Send Library","LOW","billy-e2e","https://github.aquaseclabs.com/argon-monitor/billy-e2e/blob/0d236d9b93e321189fcf1963dd2a303582021de7/artifacts/node/lock/package.json#L21-L21","artifacts/node/lock/package.json","21","2025-02-09T08:32:38.945Z","Active","send","0.18.0","0.19.0","Yes","No","No","express@4.18.1","N/A","N/A"
"CVE-2024-43800","serve-static: Improper Sanitization in serve-static","LOW","billy-e2e","https://github.aquaseclabs.com/argon-monitor/billy-e2e/blob/0d236d9b93e321189fcf1963dd2a303582021de7/artifacts/node/lock/package.json#L21-L21","artifacts/node/lock/package.json","21","2025-02-09T08:32:38.945Z","Active","serve-static","1.15.0","1.16.0, 2.1.0","Yes","No","No","express@4.18.1","N/A","N/A"
"GHSA-fq42-c5rg-92c2","Vulnerable dependencies in Nokogiri","HIGH","billy-e2e","","artifacts/ruby/gemspec/Gemfile.lock","N/A","2025-02-09T08:32:38.945Z","Active","nokogiri","1.10.4","1.13.2","Yes","No","No","acl9@3.1.0","N/A","N/A"
"CVE-2022-40314","Moodle remote code execution","CRITICAL","billy-e2e","","artifacts/php/composer.lock","N/A","2025-02-09T08:32:38.945Z","Active","moodle/moodle","v2.6.2","3.9.17, 3.11.10, 4.0.4","Yes","No","Yes","-","N/A","N/A"
"CVE-2023-28333","Moodle's Mustache pix helper contained a potential Mustache injection risk if combined with user input","CRITICAL","billy-e2e","","artifacts/php/composer.lock","N/A","2025-02-09T08:32:38.945Z","Active","moodle/moodle","v2.6.2","4.1.2, 4.0.7, 3.11.13, 3.9.20","Yes","No","Yes","-","N/A","N/A"
"CVE-2014-3541","Moodle vulnerable to PHP object injection attacks","HIGH","billy-e2e","","artifacts/php/composer.lock","N/A","2025-02-09T08:32:38.945Z","Active","moodle/moodle","v2.6.2","2.4.11, 2.5.7, 2.6.4, 2.7.1","Yes","No","Yes","-","N/A","N/A"
"CVE-2014-7845","Moodle Temporary Passwords are Brute Force-able","HIGH","billy-e2e","","artifacts/php/composer.lock","N/A","2025-02-09T08:32:38.945Z","Active","moodle/moodle","v2.6.2","2.7.3, 2.6.6, 2.5.9","Yes","No","Yes","-","N/A","N/A"
"CVE-2015-5267","Moodle uses predictable password-recovery tokens","HIGH","billy-e2e","","artifacts/php/composer.lock","N/A","2025-02-09T08:32:38.945Z","Active","moodle/moodle","v2.6.2","2.7.10, 2.8.8, 2.9.2","Yes","No","Yes","-","N/A","N/A"
"CVE-2015-5338","Moodle multiple cross-site request forgery (CSRF) vulnerabilities","HIGH","billy-e2e","","artifacts/php/composer.lock","N/A","2025-02-09T08:32:38.945Z","Active","moodle/moodle","v2.6.2","2.7.11, 2.8.9, 2.9.3","Yes","No","Yes","-","N/A","N/A"
"CVE-2016-2157","Moodle cross-site request forgery (CSRF) vulnerability","HIGH","billy-e2e","","artifacts/php/composer.lock","N/A","2025-02-09T08:32:38.945Z","Active","moodle/moodle","v2.6.2","2.7.13, 2.8.11, 2.9.5, 3.0.3","Yes","No","Yes","-","N/A","N/A"
"CVE-2016-3734","Moodle Cross-site request forgery (CSRF) vulnerability","HIGH","billy-e2e","","artifacts/php/composer.lock","N/A","2025-02-09T08:32:38.945Z","Active","moodle/moodle","v2.6.2","2.7.14, 2.8.12, 2.9.6, 3.0.4","Yes","No","Yes","-","N/A","N/A"
"CVE-2016-9187","Moodle Unrestricted file upload vulnerability","HIGH","billy-e2e","","artifacts/php/composer.lock","N/A","2025-02-09T08:32:38.945Z","Active","moodle/moodle","v2.6.2","-","No","No","Yes","-","N/A","N/A"
"CVE-2018-14630","Moodle XML import of ddwtos could lead to intentional remote code execution","HIGH","billy-e2e","","artifacts/php/composer.lock","N/A","2025-02-09T08:32:38.945Z","Active","moodle/moodle","v2.6.2","3.5.2, 3.4.5, 3.3.8, 3.1.14","Yes","No","Yes","-","N/A","N/A"
"CVE-2019-3849","Moodle Users could elevate their role when accessing the LTI tool on a provider site","HIGH","billy-e2e","","artifacts/php/composer.lock","N/A","2025-02-09T08:32:38.945Z","Active","moodle/moodle","v2.6.2","3.4.8, 3.5.5, 3.6.3","Yes","No","Yes","-","N/A","N/A"
"CVE-2021-36394","Moodle Session Fixation vulnerability","HIGH","billy-e2e","","artifacts/php/composer.lock","N/A","2025-02-09T08:32:38.945Z","Active","moodle/moodle","v2.6.2","3.11.1, 3.10.5, 3.9.8","Yes","No","Yes","-","N/A","N/A"
"CVE-2021-36395","Moodle vulnerable to Uncontrolled Resource Consumption","HIGH","billy-e2e","","artifacts/php/composer.lock","N/A","2025-02-09T08:32:38.945Z","Active","moodle/moodle","v2.6.2","3.11.1, 3.10.5, 3.9.8","Yes","No","Yes","-","N/A","N/A"
"CVE-2022-0983","SQL Injection in Moodle","HIGH","billy-e2e","","artifacts/php/composer.lock","N/A","2025-02-09T08:32:38.945Z","Active","moodle/moodle","v2.6.2","3.11.6, 3.10.10, 3.9.13","Yes","No","Yes","-","N/A","N/A"
"CVE-2023-23923","Moodle Improper Access Control vulnerability","HIGH","billy-e2e","","artifacts/php/composer.lock","N/A","2025-02-09T08:32:38.945Z","Active","moodle/moodle","v2.6.2","3.9.19, 3.11.12, 4.0.6, 4.1.1","Yes","No","Yes","-","N/A","N/A"
"CVE-2023-28329","Moodle SQL Injection vulnerability","HIGH","billy-e2e","","artifacts/php/composer.lock","N/A","2025-02-09T08:32:38.945Z","Active","moodle/moodle","v2.6.2","4.1.2, 4.0.7, 3.11.13, 3.9.20","Yes","No","Yes","-","N/A","N/A"
"CVE-2023-30944","Moodle SQL Injection vulnerability","HIGH","billy-e2e","","artifacts/php/composer.lock","N/A","2025-02-09T08:32:38.945Z","Active","moodle/moodle","v2.6.2","4.2.0-rc2","Yes","No","Yes","-","N/A","N/A"
"CVE-2023-35133","Moodle vulnerable to Server Side Request Forgery","HIGH","billy-e2e","","artifacts/php/composer.lock","N/A","2025-02-09T08:32:38.945Z","Active","moodle/moodle","v2.6.2","4.2.1, 4.1.4, 4.0.9, 3.11.15, 3.9.22","Yes","No","Yes","-","N/A","N/A"
"CVE-2023-5540","Moodle Code Injection vulnerability","HIGH","billy-e2e","","artifacts/php/composer.lock","N/A","2025-02-09T08:32:38.945Z","Active","moodle/moodle","v2.6.2","4.3.0-rc2","Yes","No","Yes","-","N/A","N/A"
"CVE-2024-25978","Uncontrolled Resource Consumption in moodle","HIGH","billy-e2e","","artifacts/php/composer.lock","N/A","2025-02-09T08:32:38.945Z","Active","moodle/moodle","v2.6.2","4.3.3, 4.2.6, 4.1.9","Yes","No","Yes","-","N/A","N/A"
"CVE-2024-25982","Cross-Site Request Forgery in moodle","HIGH","billy-e2e","","artifacts/php/composer.lock","N/A","2025-02-09T08:32:38.945Z","Active","moodle/moodle","v2.6.2","4.3.3, 4.2.6, 4.1.9","Yes","No","Yes","-","N/A","N/A"
"CVE-2024-34002","Moodle Authenticated LFI risk in some misconfigured shared hosting environments","HIGH","billy-e2e","","artifacts/php/composer.lock","N/A","2025-02-09T08:32:38.945Z","Active","moodle/moodle","v2.6.2","4.3.4, 4.2.7, 4.1.10","Yes","No","Yes","-","N/A","N/A"
"CVE-2024-34005","Moodle Authenticated LFI risk in some misconfigured shared hosting environments","HIGH","billy-e2e","","artifacts/php/composer.lock","N/A","2025-02-09T08:32:38.945Z","Active","moodle/moodle","v2.6.2","4.3.4, 4.2.7, 4.1.10","Yes","No","Yes","-","N/A","N/A"
"CVE-2024-34008","Moodle CSRF risk in analytics management of models","HIGH","billy-e2e","","artifacts/php/composer.lock","N/A","2025-02-09T08:32:38.945Z","Active","moodle/moodle","v2.6.2","4.3.4, 4.2.7, 4.1.10","Yes","No","Yes","-","N/A","N/A"
"CVE-2024-43425","Moodle Remote Code Execution vulnerability","HIGH","billy-e2e","","artifacts/php/composer.lock","N/A","2025-02-09T08:32:38.945Z","Active","moodle/moodle","v2.6.2","4.1.12, 4.2.9, 4.3.6, 4.4.2","Yes","No","Yes","-","N/A","N/A"
"GHSA-2qc6-mcvw-92cw","Update bundled libxml2 to v2.10.3 to resolve multiple CVEs","MEDIUM","billy-e2e","","artifacts/ruby/gemspec/Gemfile.lock","N/A","2025-02-09T08:32:38.945Z","Active","nokogiri","1.10.4",">=1.13.9","Yes","No","No","acl9@3.1.0","N/A","N/A"
"CVE-2024-43434","Moodle has CSRF risk in Feedback non-respondents report","HIGH","billy-e2e","","artifacts/php/composer.lock","N/A","2025-02-09T08:32:38.945Z","Active","moodle/moodle","v2.6.2","4.1.12, 4.2.9, 4.3.6, 4.4.2","Yes","No","Yes","-","N/A","N/A"
"CVE-2014-0213","Moodle multiple cross-site request forgery (CSRF) vulnerabilities","MEDIUM","billy-e2e","","artifacts/php/composer.lock","N/A","2025-02-09T08:32:38.945Z","Active","moodle/moodle","v2.6.2","2.4.10, 2.5.6, 2.6.3","Yes","No","Yes","-","N/A","N/A"
"CVE-2014-0214","Moodle creates a MoodleMobile web-service token with an infinite lifetime","MEDIUM","billy-e2e","","artifacts/php/composer.lock","N/A","2025-02-09T08:32:38.945Z","Active","moodle/moodle","v2.6.2","2.4.10, 2.5.6, 2.6.3","Yes","No","Yes","-","N/A","N/A"
"CVE-2014-0215","Moodle Reveals Student Information Meant To Be Anonymous","MEDIUM","billy-e2e","","artifacts/php/composer.lock","N/A","2025-02-09T08:32:38.945Z","Active","moodle/moodle","v2.6.2","2.7.0, 2.5.6, 2.4.10","Yes","No","Yes","-","N/A","N/A"
"CVE-2014-0216","Moodle does not properly restrict file access","MEDIUM","billy-e2e","","artifacts/php/composer.lock","N/A","2025-02-09T08:32:38.945Z","Active","moodle/moodle","v2.6.2","2.4.10, 2.5.6, 2.6.3","Yes","No","Yes","-","N/A","N/A"
"CVE-2014-0217","Moodle does not check for the moodle/course:viewhiddencourses capability","MEDIUM","billy-e2e","","artifacts/php/composer.lock","N/A","2025-02-09T08:32:38.945Z","Active","moodle/moodle","v2.6.2","2.6.3","Yes","No","Yes","-","N/A","N/A"
"CVE-2014-0218","Moodle cross-site scripting (XSS) vulnerability","MEDIUM","billy-e2e","","artifacts/php/composer.lock","N/A","2025-02-09T08:32:38.945Z","Active","moodle/moodle","v2.6.2","2.4.10, 2.5.6, 2.6.3","Yes","No","Yes","-","N/A","N/A"
"CVE-2014-3542","Moodle allows remote attackers to read arbitrary files","MEDIUM","billy-e2e","","artifacts/php/composer.lock","N/A","2025-02-09T08:32:38.945Z","Active","moodle/moodle","v2.6.2","2.4.11, 2.5.7, 2.6.4, 2.7.1","Yes","No","Yes","-","N/A","N/A"
"CVE-2014-3543","Moodle Arbitrary File Read via XML External Entity vulnerability","MEDIUM","billy-e2e","","artifacts/php/composer.lock","N/A","2025-02-09T08:32:38.945Z","Active","moodle/moodle","v2.6.2","2.7.1, 2.6.4, 2.5.7, 2.4.11","Yes","No","Yes","-","N/A","N/A"
"CVE-2014-3545","Moodle remote code execution via quiz questions","MEDIUM","billy-e2e","","artifacts/php/composer.lock","N/A","2025-02-09T08:32:38.945Z","Active","moodle/moodle","v2.6.2","2.7.1, 2.6.4, 2.5.7, 2.4.11","Yes","No","Yes","-","N/A","N/A"
"CVE-2014-3546","Moodle allows attackers to obtain username and course information","MEDIUM","billy-e2e","","artifacts/php/composer.lock","N/A","2025-02-09T08:32:38.945Z","Active","moodle/moodle","v2.6.2","2.4.11, 2.5.7, 2.6.4, 2.7.1","Yes","No","Yes","-","N/A","N/A"
"CVE-2014-3547","Moodle multiple cross-site scripting (XSS) vulnerabilities","MEDIUM","billy-e2e","","artifacts/php/composer.lock","N/A","2025-02-09T08:32:38.945Z","Active","moodle/moodle","v2.6.2","2.5.7, 2.6.4, 2.7.1","Yes","No","Yes","-","N/A","N/A"
"CVE-2014-3548","Moodle multiple cross-site scripting (XSS) vulnerabilities","MEDIUM","billy-e2e","","artifacts/php/composer.lock","N/A","2025-02-09T08:32:38.945Z","Active","moodle/moodle","v2.6.2","2.4.11, 2.5.7, 2.6.4, 2.7.1","Yes","No","Yes","-","N/A","N/A"
"CVE-2014-3553","Moodle does not enforce the moodle/site:accessallgroups capability requirement","MEDIUM","billy-e2e","","artifacts/php/composer.lock","N/A","2025-02-09T08:32:38.945Z","Active","moodle/moodle","v2.6.2","2.5.7, 2.6.4, 2.7.1","Yes","No","Yes","-","N/A","N/A"
"CVE-2014-3617","Moodle allows discovery of an author's username","MEDIUM","billy-e2e","","artifacts/php/composer.lock","N/A","2025-02-09T08:32:38.945Z","Active","moodle/moodle","v2.6.2","2.5.8, 2.6.5, 2.7.2","Yes","No","Yes","-","N/A","N/A"
"CVE-2014-7832","Moodle allows attackers to bypass the mod/lti:view capability requirement","MEDIUM","billy-e2e","","artifacts/php/composer.lock","N/A","2025-02-09T08:32:38.945Z","Active","moodle/moodle","v2.6.2","2.5.9, 2.6.6, 2.7.3","Yes","No","Yes","-","N/A","N/A"
"CVE-2014-7833","Moodle allows attackers to obtain sensitive information","MEDIUM","billy-e2e","","artifacts/php/composer.lock","N/A","2025-02-09T08:32:38.945Z","Active","moodle/moodle","v2.6.2","2.5.9, 2.6.6, 2.7.3","Yes","No","Yes","-","N/A","N/A"
"CVE-2014-7834","Moodle does not verify group permissions","MEDIUM","billy-e2e","","artifacts/php/composer.lock","N/A","2025-02-09T08:32:38.945Z","Active","moodle/moodle","v2.6.2","2.6.6, 2.7.3","Yes","No","Yes","-","N/A","N/A"
"CVE-2014-7836","Moodle multiple cross-site request forgery (CSRF) vulnerabilities","MEDIUM","billy-e2e","","artifacts/php/composer.lock","N/A","2025-02-09T08:32:38.945Z","Active","moodle/moodle","v2.6.2","2.5.9, 2.6.6, 2.7.3","Yes","No","Yes","-","N/A","N/A"
"CVE-2014-7837","Moodle allows attackers to remove wiki pages","MEDIUM","billy-e2e","","artifacts/php/composer.lock","N/A","2025-02-09T08:32:38.945Z","Active","moodle/moodle","v2.6.2","2.5.9, 2.6.6, 2.7.3","Yes","No","Yes","-","N/A","N/A"
"CVE-2014-7838","Moodle has multiple cross-site request forgery (CSRF) vulnerabilities in the Forum module","MEDIUM","billy-e2e","","artifacts/php/composer.lock","N/A","2025-02-09T08:32:38.945Z","Active","moodle/moodle","v2.6.2","2.5.9, 2.6.6, 2.7.3","Yes","No","Yes","-","N/A","N/A"
"CVE-2014-7846","Moodle does not consider the moodle/tag:edit capability before adding a tag","MEDIUM","billy-e2e","","artifacts/php/composer.lock","N/A","2025-02-09T08:32:38.945Z","Active","moodle/moodle","v2.6.2","2.5.9, 2.6.6, 2.7.3","Yes","No","Yes","-","N/A","N/A"
"CVE-2014-7847","Moodle allows attackers to cause a denial of service","MEDIUM","billy-e2e","","artifacts/php/composer.lock","N/A","2025-02-09T08:32:38.945Z","Active","moodle/moodle","v2.6.2","2.5.9, 2.6.6, 2.7.3","Yes","No","Yes","-","N/A","N/A"
"CVE-2014-7848","Moodle allows attacks to obtain sensitive information","MEDIUM","billy-e2e","","artifacts/php/composer.lock","N/A","2025-02-09T08:32:38.945Z","Active","moodle/moodle","v2.6.2","2.6.6, 2.7.3","Yes","No","Yes","-","N/A","N/A"
"CVE-2014-9059","Moodle does not provide charset information in HTTP headers","MEDIUM","billy-e2e","","artifacts/php/composer.lock","N/A","2025-02-09T08:32:38.945Z","Active","moodle/moodle","v2.6.2","2.5.9, 2.6.6, 2.7.3","Yes","No","Yes","-","N/A","N/A"
"CVE-2014-9060","Moodle allows attackers to trigger the generation of arbitrary messages","MEDIUM","billy-e2e","","artifacts/php/composer.lock","N/A","2025-02-09T08:32:38.945Z","Active","moodle/moodle","v2.6.2","2.5.9, 2.6.6, 2.7.3","Yes","No","Yes","-","N/A","N/A"
"CVE-2015-0211","Moodle allows attackers to obtain sensitive information","MEDIUM","billy-e2e","","artifacts/php/composer.lock","N/A","2025-02-09T08:32:38.945Z","Active","moodle/moodle","v2.6.2","2.6.7, 2.7.4, 2.8.2","Yes","No","Yes","-","N/A","N/A"
"CVE-2015-0213","Moodle multiple cross-site request forgery (CSRF) vulnerabilities","MEDIUM","billy-e2e","","artifacts/php/composer.lock","N/A","2025-02-09T08:32:38.945Z","Active","moodle/moodle","v2.6.2","2.6.7, 2.7.4, 2.8.2","Yes","No","Yes","-","N/A","N/A"
"CVE-2015-0214","Moodle allows attackers to bypass a messaging-disabled setting","MEDIUM","billy-e2e","","artifacts/php/composer.lock","N/A","2025-02-09T08:32:38.945Z","Active","moodle/moodle","v2.6.2","2.6.7, 2.7.4, 2.8.2","Yes","No","Yes","-","N/A","N/A"
"CVE-2015-0215","Moodle allows attackers to obtain sensitive calendar-event information","MEDIUM","billy-e2e","","artifacts/php/composer.lock","N/A","2025-02-09T08:32:38.945Z","Active","moodle/moodle","v2.6.2","2.6.7, 2.7.4, 2.8.2","Yes","No","Yes","-","N/A","N/A"
"CVE-2015-0217","Moodle allows attackers to cause a denial of service","MEDIUM","billy-e2e","","artifacts/php/composer.lock","N/A","2025-02-09T08:32:38.945Z","Active","moodle/moodle","v2.6.2","2.6.7, 2.7.4, 2.8.2","Yes","No","Yes","-","N/A","N/A"
"CVE-2015-0218","Moodle cross-site request forgery (CSRF) vulnerability","MEDIUM","billy-e2e","","artifacts/php/composer.lock","N/A","2025-02-09T08:32:38.945Z","Active","moodle/moodle","v2.6.2","2.6.7, 2.7.4, 2.8.2","Yes","No","Yes","-","N/A","N/A"
"CVE-2015-1493","Moodle directory traversal vulnerability","MEDIUM","billy-e2e","","artifacts/php/composer.lock","N/A","2025-02-09T08:32:38.945Z","Active","moodle/moodle","v2.6.2","2.6.8, 2.7.5, 2.8.3","Yes","No","Yes","-","N/A","N/A"
"CVE-2015-2266","Moodle allows attackers to obtain sensitive personal-contact and unread-message-count information","MEDIUM","billy-e2e","","artifacts/php/composer.lock","N/A","2025-02-09T08:32:38.945Z","Active","moodle/moodle","v2.6.2","2.6.9, 2.7.6, 2.8.4","Yes","No","Yes","-","N/A","N/A"
"CVE-2015-2267","Moodle allows attackers to extract archives to arbitrary directories","MEDIUM","billy-e2e","","artifacts/php/composer.lock","N/A","2025-02-09T08:32:38.945Z","Active","moodle/moodle","v2.6.2","2.6.9, 2.7.6, 2.8.4","Yes","No","Yes","-","N/A","N/A"
"CVE-2015-2268","Moodle allows attackers to cause a denial of service","MEDIUM","billy-e2e","","artifacts/php/composer.lock","N/A","2025-02-09T08:32:38.945Z","Active","moodle/moodle","v2.6.2","2.6.9, 2.7.6, 2.8.4","Yes","No","Yes","-","N/A","N/A"
"CVE-2015-2270","Moodle allows attackers to obtain sensitive course information","MEDIUM","billy-e2e","","artifacts/php/composer.lock","N/A","2025-02-09T08:32:38.945Z","Active","moodle/moodle","v2.6.2","2.6.9, 2.7.6, 2.8.4","Yes","No","Yes","-","N/A","N/A"
"CVE-2015-2271","Moodle does not consider the moodle/tag:flag capability","MEDIUM","billy-e2e","","artifacts/php/composer.lock","N/A","2025-02-09T08:32:38.945Z","Active","moodle/moodle","v2.6.2","2.6.9, 2.7.6, 2.8.4","Yes","No","Yes","-","N/A","N/A"
"CVE-2015-2272","Moodle allows attackers to bypass a forced-password-change requirement","MEDIUM","billy-e2e","","artifacts/php/composer.lock","N/A","2025-02-09T08:32:38.945Z","Active","moodle/moodle","v2.6.2","2.6.9, 2.7.6, 2.8.4","Yes","No","Yes","-","N/A","N/A"
"CVE-2015-3175","Moodle Arbitrary Redirect","MEDIUM","billy-e2e","","artifacts/php/composer.lock","N/A","2025-02-09T08:32:38.945Z","Active","moodle/moodle","v2.6.2","2.6.11, 2.7.8, 2.8.6","Yes","No","Yes","-","N/A","N/A"
"CVE-2015-3176","Moodle allows attackers obtain full-name information","MEDIUM","billy-e2e","","artifacts/php/composer.lock","N/A","2025-02-09T08:32:38.945Z","Active","moodle/moodle","v2.6.2","2.6.11, 2.7.8, 2.8.6","Yes","No","Yes","-","N/A","N/A"
"CVE-2015-3180","Moodle allows attackers to obtain sensitive course-structure information","MEDIUM","billy-e2e","","artifacts/php/composer.lock","N/A","2025-02-09T08:32:38.945Z","Active","moodle/moodle","v2.6.2","2.6.11, 2.7.8, 2.8.6","Yes","No","Yes","-","N/A","N/A"
"CVE-2015-3181","Moodle allows attackers to bypass file-management restrictions","MEDIUM","billy-e2e","","artifacts/php/composer.lock","N/A","2025-02-09T08:32:38.945Z","Active","moodle/moodle","v2.6.2","2.6.11, 2.7.8, 2.8.6","Yes","No","Yes","-","N/A","N/A"
"CVE-2015-5268","Moodle mishandles group-based authorization checks","MEDIUM","billy-e2e","","artifacts/php/composer.lock","N/A","2025-02-09T08:32:38.945Z","Active","moodle/moodle","v2.6.2","2.7.10, 2.8.8, 2.9.2","Yes","No","Yes","-","N/A","N/A"
"CVE-2015-5269","Moodle cross-site scripting (XSS) vulnerability","MEDIUM","billy-e2e","","artifacts/php/composer.lock","N/A","2025-02-09T08:32:38.945Z","Active","moodle/moodle","v2.6.2","2.7.10, 2.8.8, 2.9.2","Yes","No","Yes","-","N/A","N/A"
"CVE-2015-5335","Moodle cross-site request forgery (CSRF) vulnerability","MEDIUM","billy-e2e","","artifacts/php/composer.lock","N/A","2025-02-09T08:32:38.945Z","Active","moodle/moodle","v2.6.2","2.7.11, 2.8.9, 2.9.3","Yes","No","Yes","-","N/A","N/A"
"CVE-2015-5336","Moodle multiple cross-site scripting (XSS) vulnerabilities","MEDIUM","billy-e2e","","artifacts/php/composer.lock","N/A","2025-02-09T08:32:38.945Z","Active","moodle/moodle","v2.6.2","2.7.11, 2.8.9, 2.9.3","Yes","No","Yes","-","N/A","N/A"
"CVE-2015-5337","Moodle XSS Vulnerability","MEDIUM","billy-e2e","","artifacts/php/composer.lock","N/A","2025-02-09T08:32:38.945Z","Active","moodle/moodle","v2.6.2","2.7.11, 2.8.9, 2.9.3","Yes","No","Yes","-","N/A","N/A"
"CVE-2015-5339","Moodle does not properly implement group-based access restrictions","MEDIUM","billy-e2e","","artifacts/php/composer.lock","N/A","2025-02-09T08:32:38.945Z","Active","moodle/moodle","v2.6.2","2.7.11, 2.8.9, 2.9.3","Yes","No","Yes","-","N/A","N/A"
"CVE-2015-5340","Moodle sensitive information disclosure","MEDIUM","billy-e2e","","artifacts/php/composer.lock","N/A","2025-02-09T08:32:38.945Z","Active","moodle/moodle","v2.6.2","2.7.11, 2.8.9, 2.9.3","Yes","No","Yes","-","N/A","N/A"
"CVE-2015-5341","Moodle allows attackers to read SCORM contents","MEDIUM","billy-e2e","","artifacts/php/composer.lock","N/A","2025-02-09T08:32:38.945Z","Active","moodle/moodle","v2.6.2","2.7.11, 2.8.9, 2.9.3","Yes","No","Yes","-","N/A","N/A"
"CVE-2015-5342","Moodle allows attackers to bypass intended access restrictions","MEDIUM","billy-e2e","","artifacts/php/composer.lock","N/A","2025-02-09T08:32:38.945Z","Active","moodle/moodle","v2.6.2","2.7.11, 2.8.9, 2.9.3","Yes","No","Yes","-","N/A","N/A"
"CVE-2016-0724","Moodle sensitive information disclosure","MEDIUM","billy-e2e","","artifacts/php/composer.lock","N/A","2025-02-09T08:32:38.945Z","Active","moodle/moodle","v2.6.2","2.7.12, 2.8.10, 2.9.4, 3.0.2","Yes","No","Yes","-","N/A","N/A"
"CVE-2016-2151","Moodle allows attackers to discover student e-mail addresses","MEDIUM","billy-e2e","","artifacts/php/composer.lock","N/A","2025-02-09T08:32:38.945Z","Active","moodle/moodle","v2.6.2","2.7.13, 2.8.11, 2.9.5, 3.0.3","Yes","No","Yes","-","N/A","N/A"
"CVE-2016-2156","Moodle provides calendar-event data without considering whether an activity is hidden","MEDIUM","billy-e2e","","artifacts/php/composer.lock","N/A","2025-02-09T08:32:38.945Z","Active","moodle/moodle","v2.6.2","2.7.13, 2.8.11, 2.9.5, 3.0.3","Yes","No","Yes","-","N/A","N/A"
"CVE-2016-2158","Moodle allows attackers to obtain sensitive category-detail information","MEDIUM","billy-e2e","","artifacts/php/composer.lock","N/A","2025-02-09T08:32:38.945Z","Active","moodle/moodle","v2.6.2","2.7.13, 2.8.11, 2.9.5, 3.0.3","Yes","No","Yes","-","N/A","N/A"
"CVE-2016-2190","Moodle sensitive information disclosure","MEDIUM","billy-e2e","","artifacts/php/composer.lock","N/A","2025-02-09T08:32:38.945Z","Active","moodle/moodle","v2.6.2","2.7.13, 2.8.11, 2.9.5, 3.0.3","Yes","No","Yes","-","N/A","N/A"
"CVE-2016-9188","Moodle XSS Vulnerability","MEDIUM","billy-e2e","","artifacts/php/composer.lock","N/A","2025-02-09T08:32:38.945Z","Active","moodle/moodle","v2.6.2","-","No","No","Yes","-","N/A","N/A"
"CVE-2017-12156","Moodle XSS Vulnerability","MEDIUM","billy-e2e","","artifacts/php/composer.lock","N/A","2025-02-09T08:32:38.945Z","Active","moodle/moodle","v2.6.2","3.3.2, 3.2.5, 3.1.8","Yes","No","Yes","-","N/A","N/A"
"CVE-2017-12157","Moodle sensitive information disclosure","MEDIUM","billy-e2e","","artifacts/php/composer.lock","N/A","2025-02-09T08:32:38.945Z","Active","moodle/moodle","v2.6.2","3.3.2, 3.2.5, 3.1.8","Yes","No","Yes","-","N/A","N/A"
"CVE-2017-7531","Moodle Information Disclosure","MEDIUM","billy-e2e","","artifacts/php/composer.lock","N/A","2025-02-09T08:32:38.945Z","Active","moodle/moodle","v2.6.2","3.3.1","Yes","No","Yes","-","N/A","N/A"
"CVE-2017-7532","Moodle Improper Privilege Management","MEDIUM","billy-e2e","","artifacts/php/composer.lock","N/A","2025-02-09T08:32:38.945Z","Active","moodle/moodle","v2.6.2","3.3.1, 3.2.4, 3.1.7","Yes","No","Yes","-","N/A","N/A"
"CVE-2019-10133","Moodle Open Redirect Vulnerability","MEDIUM","billy-e2e","","artifacts/php/composer.lock","N/A","2025-02-09T08:32:38.945Z","Active","moodle/moodle","v2.6.2","3.6.4, 3.5.6, 3.4.9, 3.1.18","Yes","No","Yes","-","N/A","N/A"
"CVE-2019-10188","moodle Improper Access Control","MEDIUM","billy-e2e","","artifacts/php/composer.lock","N/A","2025-02-09T08:32:38.945Z","Active","moodle/moodle","v2.6.2","3.5.7, 3.6.5, 3.7.1","Yes","No","Yes","-","N/A","N/A"
"CVE-2019-10189","moodle Improper Access Control","MEDIUM","billy-e2e","","artifacts/php/composer.lock","N/A","2025-02-09T08:32:38.945Z","Active","moodle/moodle","v2.6.2","3.7.1, 3.6.5, 3.5.7","Yes","No","Yes","-","N/A","N/A"
"CVE-2019-3808","Moodle XSS Vulnerability","MEDIUM","billy-e2e","","artifacts/php/composer.lock","N/A","2025-02-09T08:32:38.945Z","Active","moodle/moodle","v2.6.2","3.6.2, 3.5.4, 3.4.7, 3.1.16","Yes","No","Yes","-","N/A","N/A"
"CVE-2019-3847","Moodle XSS Vulnerability","MEDIUM","billy-e2e","","artifacts/php/composer.lock","N/A","2025-02-09T08:32:38.945Z","Active","moodle/moodle","v2.6.2","3.6.3, 3.5.5, 3.4.8, 3.1.17","Yes","No","Yes","-","N/A","N/A"
"CVE-2019-3850","Moodle Stored HTML in assignment submission comments allowed links to be opened directly","MEDIUM","billy-e2e","","artifacts/php/composer.lock","N/A","2025-02-09T08:32:38.945Z","Active","moodle/moodle","v2.6.2","3.1.17, 3.4.8, 3.5.5, 3.6.3","Yes","No","Yes","-","N/A","N/A"
"CVE-2020-1692","Cross-Site Request Forgery in Moodle","MEDIUM","billy-e2e","","artifacts/php/composer.lock","N/A","2025-02-09T08:32:38.945Z","Active","moodle/moodle","v2.6.2","3.7.2","Yes","No","Yes","-","N/A","N/A"
"CVE-2021-20283","Missing permission check in Moodle","MEDIUM","billy-e2e","","artifacts/php/composer.lock","N/A","2025-02-09T08:32:38.945Z","Active","moodle/moodle","v2.6.2","3.10.2, 3.9.5, 3.8.8, 3.5.17","Yes","No","Yes","-","N/A","N/A"
"CVE-2021-27131","Moodle vulnerable to stored Cross-site Scripting","MEDIUM","billy-e2e","","artifacts/php/composer.lock","N/A","2025-02-09T08:32:38.945Z","Active","moodle/moodle","v2.6.2","-","No","No","Yes","-","N/A","N/A"
"CVE-2021-36397","Moodle has Incorrect Default Permissions","MEDIUM","billy-e2e","","artifacts/php/composer.lock","N/A","2025-02-09T08:32:38.945Z","Active","moodle/moodle","v2.6.2","3.11.1, 3.10.5, 3.9.8","Yes","No","Yes","-","N/A","N/A"
"CVE-2021-36400","Moodle has Incorrect Default Permissions","MEDIUM","billy-e2e","","artifacts/php/composer.lock","N/A","2025-02-09T08:32:38.945Z","Active","moodle/moodle","v2.6.2","3.11.1, 3.10.5, 3.9.8","Yes","No","Yes","-","N/A","N/A"
"CVE-2021-36401","Moodle vulnerable to Stored Cross-site Scripting","MEDIUM","billy-e2e","","artifacts/php/composer.lock","N/A","2025-02-09T08:32:38.945Z","Active","moodle/moodle","v2.6.2","3.11.1, 3.10.5, 3.9.8","Yes","No","Yes","-","N/A","N/A"
"CVE-2021-36402","Moodle Improper Input Validation vulnerability","MEDIUM","billy-e2e","","artifacts/php/composer.lock","N/A","2025-02-09T08:32:38.945Z","Active","moodle/moodle","v2.6.2","3.11.1, 3.10.5, 3.9.8","Yes","No","Yes","-","N/A","N/A"
"CVE-2021-36403","Moodle has a Hidden Functionality vulnerability","MEDIUM","billy-e2e","","artifacts/php/composer.lock","N/A","2025-02-09T08:32:38.945Z","Active","moodle/moodle","v2.6.2","3.11.1, 3.10.5, 3.9.8","Yes","No","Yes","-","N/A","N/A"
"CVE-2021-36568","Moodle Cross-site Scripting vulnerability","MEDIUM","billy-e2e","","artifacts/php/composer.lock","N/A","2025-02-09T08:32:38.945Z","Active","moodle/moodle","v2.6.2","3.11.10","Yes","No","Yes","-","N/A","N/A"
"CVE-2022-0334","Insufficient user authorization in Moodle","MEDIUM","billy-e2e","","artifacts/php/composer.lock","N/A","2025-02-09T08:32:38.945Z","Active","moodle/moodle","v2.6.2","3.11.5, 3.10.8, 3.9.11","Yes","No","Yes","-","N/A","N/A"
"CVE-2022-0984","Missing authorization in Moodle","MEDIUM","billy-e2e","","artifacts/php/composer.lock","N/A","2025-02-09T08:32:38.945Z","Active","moodle/moodle","v2.6.2","3.11.6, 3.10.10, 3.9.13","Yes","No","Yes","-","N/A","N/A"
"CVE-2022-40208","Moodle may allow students to bypass sequential navigation during a quiz attempt","MEDIUM","billy-e2e","","artifacts/php/composer.lock","N/A","2025-02-09T08:32:38.945Z","Active","moodle/moodle","v2.6.2","4.0.3, 3.11.9, 3.9.16","Yes","No","Yes","-","N/A","N/A"
"CVE-2023-1402","Moodle may display roles to users who don't have access to them","MEDIUM","billy-e2e","","artifacts/php/composer.lock","N/A","2025-02-09T08:32:38.945Z","Active","moodle/moodle","v2.6.2","4.1.2, 4.0.7, 3.11.13, 3.9.20","Yes","No","Yes","-","N/A","N/A"
"CVE-2023-23921","Moodle Cross-site Scripting vulnerability","MEDIUM","billy-e2e","","artifacts/php/composer.lock","N/A","2025-02-09T08:32:38.945Z","Active","moodle/moodle","v2.6.2","3.9.19, 3.11.12, 4.0.6, 4.1.1","Yes","No","Yes","-","N/A","N/A"
"CVE-2023-28330","Moodle arbitrary file read vulnerability","MEDIUM","billy-e2e","","artifacts/php/composer.lock","N/A","2025-02-09T08:32:38.945Z","Active","moodle/moodle","v2.6.2","4.1.2, 4.0.7, 3.11.13, 3.9.20","Yes","No","Yes","-","N/A","N/A"
"CVE-2023-28331","Moodle vulnerable to Cross-site Scripting","MEDIUM","billy-e2e","","artifacts/php/composer.lock","N/A","2025-02-09T08:32:38.945Z","Active","moodle/moodle","v2.6.2","4.1.2, 4.0.7, 3.11.13, 3.9.20","Yes","No","Yes","-","N/A","N/A"
"CVE-2023-28332","Moodle vulnerable to Cross-site Scripting when algebra filter enabled but not functional","MEDIUM","billy-e2e","","artifacts/php/composer.lock","N/A","2025-02-09T08:32:38.945Z","Active","moodle/moodle","v2.6.2","4.1.2, 4.0.7, 3.11.13, 3.9.20","Yes","No","Yes","-","N/A","N/A"
"CVE-2023-28334","Moodle may allow authenticated users to enumerate other user's names via learning plans page","MEDIUM","billy-e2e","","artifacts/php/composer.lock","N/A","2025-02-09T08:32:38.945Z","Active","moodle/moodle","v2.6.2","4.1.2, 4.0.7, 3.11.13, 3.9.20","Yes","No","Yes","-","N/A","N/A"
"CVE-2023-28336","Moodle may allow teachers to access the names of users they could not otherwise access","MEDIUM","billy-e2e","","artifacts/php/composer.lock","N/A","2025-02-09T08:32:38.945Z","Active","moodle/moodle","v2.6.2","4.1.2, 4.0.7, 3.11.13, 3.9.20","Yes","No","Yes","-","N/A","N/A"
"CVE-2023-30943","Moodle External Control of File Name or Path vulnerability","MEDIUM","billy-e2e","","artifacts/php/composer.lock","N/A","2025-02-09T08:32:38.945Z","Active","moodle/moodle","v2.6.2","4.2.0-rc2","Yes","No","Yes","-","N/A","N/A"
"CVE-2023-35131","Moodle vulnerable to Cross-site Scripting","MEDIUM","billy-e2e","","artifacts/php/composer.lock","N/A","2025-02-09T08:32:38.945Z","Active","moodle/moodle","v2.6.2","4.2.1, 4.1.4, 4.0.9, 3.11.15","Yes","No","Yes","-","N/A","N/A"
"CVE-2023-35132","Moodle vulnerable to SQL Injection","MEDIUM","billy-e2e","","artifacts/php/composer.lock","N/A","2025-02-09T08:32:38.945Z","Active","moodle/moodle","v2.6.2","4.2.1, 4.1.4, 4.0.9, 3.11.15, 3.9.22","Yes","No","Yes","-","N/A","N/A"
"CVE-2023-5539","Moodle Code Injection vulnerability","MEDIUM","billy-e2e","","artifacts/php/composer.lock","N/A","2025-02-09T08:32:38.945Z","Active","moodle/moodle","v2.6.2","4.3.0-rc2","Yes","No","Yes","-","N/A","N/A"
"CVE-2023-5541","Moodle Cross-site Scripting vulnerability","MEDIUM","billy-e2e","","artifacts/php/composer.lock","N/A","2025-02-09T08:32:38.945Z","Active","moodle/moodle","v2.6.2","4.3.0-rc2","Yes","No","Yes","-","N/A","N/A"
"CVE-2023-5542","Moodle Improper Access Control vulnerability","MEDIUM","billy-e2e","","artifacts/php/composer.lock","N/A","2025-02-09T08:32:38.945Z","Active","moodle/moodle","v2.6.2","4.3.0-rc2","Yes","No","Yes","-","N/A","N/A"
"CVE-2023-5544","Moodle Cross-site Scripting vulnerability","MEDIUM","billy-e2e","","artifacts/php/composer.lock","N/A","2025-02-09T08:32:38.945Z","Active","moodle/moodle","v2.6.2","4.3.0-rc2","Yes","No","Yes","-","N/A","N/A"
"CVE-2023-5545","Moodle Exposure of Sensitive Information to an Unauthorized Actor vulnerability","MEDIUM","billy-e2e","","artifacts/php/composer.lock","N/A","2025-02-09T08:32:38.945Z","Active","moodle/moodle","v2.6.2","4.3.0-rc2","Yes","No","Yes","-","N/A","N/A"
"CVE-2023-5546","Moodle Cross-site Scripting vulnerability","MEDIUM","billy-e2e","","artifacts/php/composer.lock","N/A","2025-02-09T08:32:38.945Z","Active","moodle/moodle","v2.6.2","4.3.0-rc2","Yes","No","Yes","-","N/A","N/A"
"CVE-2023-5547","Moodle Cross-site Scripting vulnerability","MEDIUM","billy-e2e","","artifacts/php/composer.lock","N/A","2025-02-09T08:32:38.945Z","Active","moodle/moodle","v2.6.2","4.3.0-rc2","Yes","No","Yes","-","N/A","N/A"
"CVE-2023-5548","Moodle Acceptance of Extraneous Untrusted Data With Trusted Data vulnerability","MEDIUM","billy-e2e","","artifacts/php/composer.lock","N/A","2025-02-09T08:32:38.945Z","Active","moodle/moodle","v2.6.2","4.3.0-rc2","Yes","No","Yes","-","N/A","N/A"
"CVE-2023-5549","Moodle Improper Access Control vulnerability","MEDIUM","billy-e2e","","artifacts/php/composer.lock","N/A","2025-02-09T08:32:38.945Z","Active","moodle/moodle","v2.6.2","4.3.0-rc2","Yes","No","Yes","-","N/A","N/A"
"CVE-2023-5550","Moodle Code Injection vulnerability","MEDIUM","billy-e2e","","artifacts/php/composer.lock","N/A","2025-02-09T08:32:38.945Z","Active","moodle/moodle","v2.6.2","4.3.0-rc2, 4.2.3, 4.1.6, 4.0.11, 3.11.17, 3.9.24","Yes","No","Yes","-","N/A","N/A"
"CVE-2024-1439","Moodle Improper Access Control vulnerability","MEDIUM","billy-e2e","","artifacts/php/composer.lock","N/A","2025-02-09T08:32:38.945Z","Active","moodle/moodle","v2.6.2","-","No","No","Yes","-","N/A","N/A"
"CVE-2024-25979","Improper Handling of Parameters in moodle","MEDIUM","billy-e2e","","artifacts/php/composer.lock","N/A","2025-02-09T08:32:38.945Z","Active","moodle/moodle","v2.6.2","4.3.3, 4.2.6, 4.1.9","Yes","No","Yes","-","N/A","N/A"
"CVE-2024-25980","Improper Access Control in moodle","MEDIUM","billy-e2e","","artifacts/php/composer.lock","N/A","2025-02-09T08:32:38.945Z","Active","moodle/moodle","v2.6.2","4.3.3, 4.2.6, 4.1.9","Yes","No","Yes","-","N/A","N/A"
"CVE-2024-25981","Improper Access Control in moodle","MEDIUM","billy-e2e","","artifacts/php/composer.lock","N/A","2025-02-09T08:32:38.945Z","Active","moodle/moodle","v2.6.2","4.3.3, 4.2.6, 4.1.9","Yes","No","Yes","-","N/A","N/A"
"CVE-2024-25983","Authorization Bypass in moodle","MEDIUM","billy-e2e","","artifacts/php/composer.lock","N/A","2025-02-09T08:32:38.945Z","Active","moodle/moodle","v2.6.2","4.3.3, 4.2.6, 4.1.9","Yes","No","Yes","-","N/A","N/A"
"CVE-2024-28593","Cross-site Scripting in Moodle Chat","MEDIUM","billy-e2e","","artifacts/php/composer.lock","N/A","2025-02-09T08:32:38.945Z","Active","moodle/moodle","v2.6.2","-","No","No","Yes","-","N/A","N/A"
"CVE-2024-29374","moodle: A Cross-Site Scripting (XSS) vulnerability in ""?lang"" parameter","MEDIUM","billy-e2e","","artifacts/php/composer.lock","N/A","2025-02-09T08:32:38.945Z","Active","moodle/moodle","v2.6.2","-","No","No","Yes","-","N/A","N/A"
"CVE-2024-33996","Moodle broken access control when setting calendar event type","MEDIUM","billy-e2e","","artifacts/php/composer.lock","N/A","2025-02-09T08:32:38.945Z","Active","moodle/moodle","v2.6.2","4.3.4, 4.2.7, 4.1.10","Yes","No","Yes","-","N/A","N/A"
"CVE-2024-33997","Moodle stored Cross-site Scripting (XSS)","MEDIUM","billy-e2e","","artifacts/php/composer.lock","N/A","2025-02-09T08:32:38.945Z","Active","moodle/moodle","v2.6.2","4.3.4, 4.2.7, 4.1.10","Yes","No","Yes","-","N/A","N/A"
"CVE-2024-33998","Moodle Cross-site Scripting (XSS)","MEDIUM","billy-e2e","","artifacts/php/composer.lock","N/A","2025-02-09T08:32:38.945Z","Active","moodle/moodle","v2.6.2","4.3.4, 4.2.7, 4.1.10","Yes","No","Yes","-","N/A","N/A"
"CVE-2024-34000","Moodle Cross-site Scripting (XSS)","MEDIUM","billy-e2e","","artifacts/php/composer.lock","N/A","2025-02-09T08:32:38.945Z","Active","moodle/moodle","v2.6.2","4.3.4, 4.2.7, 4.1.10","Yes","No","Yes","-","N/A","N/A"
"CVE-2024-34003","Moodle Authenticated LFI risk in some misconfigured shared hosting environments","MEDIUM","billy-e2e","","artifacts/php/composer.lock","N/A","2025-02-09T08:32:38.945Z","Active","moodle/moodle","v2.6.2","4.3.4, 4.2.7, 4.1.10","Yes","No","Yes","-","N/A","N/A"
"CVE-2024-34004","Moodle Authenticated LFI risk in some misconfigured shared hosting environments","MEDIUM","billy-e2e","","artifacts/php/composer.lock","N/A","2025-02-09T08:32:38.945Z","Active","moodle/moodle","v2.6.2","4.3.4, 4.2.7, 4.1.10","Yes","No","Yes","-","N/A","N/A"
"CVE-2024-48898","moodle: Some users can delete audiences of other reports","MEDIUM","billy-e2e","","artifacts/php/composer.lock","N/A","2025-02-09T08:32:38.945Z","Active","moodle/moodle","v2.6.2","4.1.14, 4.2.11, 4.3.8, 4.4.4","Yes","No","Yes","-","N/A","N/A"
"CVE-2024-34006","Moodle Unsanitized HTML in site log for config_log_created","MEDIUM","billy-e2e","","artifacts/php/composer.lock","N/A","2025-02-09T08:32:38.945Z","Active","moodle/moodle","v2.6.2","4.3.4, 4.2.7, 4.1.10","Yes","No","Yes","-","N/A","N/A"
"CVE-2024-38273","Moodle BigBlueButton web service leaks meeting joining information","MEDIUM","billy-e2e","","artifacts/php/composer.lock","N/A","2025-02-09T08:32:38.945Z","Active","moodle/moodle","v2.6.2","4.4.1, 4.3.5, 4.2.8, 4.1.11","Yes","No","Yes","-","N/A","N/A"
"CVE-2024-38274","Moodle stored XSS via calendar's event title when deleting the event","MEDIUM","billy-e2e","","artifacts/php/composer.lock","N/A","2025-02-09T08:32:38.945Z","Active","moodle/moodle","v2.6.2","4.4.1, 4.3.5, 4.2.8, 4.1.11","Yes","No","Yes","-","N/A","N/A"
"CVE-2024-38275","Moodle HTTP authorization header is preserved between ""emulated redirects""","MEDIUM","billy-e2e","","artifacts/php/composer.lock","N/A","2025-02-09T08:32:38.945Z","Active","moodle/moodle","v2.6.2","4.4.1, 4.3.5, 4.2.8, 4.1.11","Yes","No","Yes","-","N/A","N/A"
"CVE-2024-38276","Moodle CSRF risks due to misuse of confirm_sesskey","MEDIUM","billy-e2e","","artifacts/php/composer.lock","N/A","2025-02-09T08:32:38.945Z","Active","moodle/moodle","v2.6.2","4.4.1, 4.3.5, 4.2.8, 4.1.11","Yes","No","Yes","-","N/A","N/A"
"CVE-2024-38277","Moodle uses the same key for QR login and auto-login","MEDIUM","billy-e2e","","artifacts/php/composer.lock","N/A","2025-02-09T08:32:38.945Z","Active","moodle/moodle","v2.6.2","4.4.1, 4.3.5, 4.2.8, 4.1.11","Yes","No","Yes","-","N/A","N/A"
"CVE-2024-43426","Moodle has arbitrary file read risk through pdfTeX","MEDIUM","billy-e2e","","artifacts/php/composer.lock","N/A","2025-02-09T08:32:38.945Z","Active","moodle/moodle","v2.6.2","4.1.12, 4.2.9, 4.3.6, 4.4.2","Yes","No","Yes","-","N/A","N/A"
"CVE-2024-43428","Moodle vulnerable to cache poisoning via injection into storage","MEDIUM","billy-e2e","","artifacts/php/composer.lock","N/A","2025-02-09T08:32:38.945Z","Active","moodle/moodle","v2.6.2","4.1.12, 4.2.9, 4.3.6, 4.4.2","Yes","No","Yes","-","N/A","N/A"
"CVE-2024-43431","Moodle's IDOR in badges allows deletion of arbitrary badges","MEDIUM","billy-e2e","","artifacts/php/composer.lock","N/A","2025-02-09T08:32:38.945Z","Active","moodle/moodle","v2.6.2","4.1.12, 4.2.9, 4.3.6, 4.4.2","Yes","No","Yes","-","N/A","N/A"
"CVE-2024-43436","Moodle vulnerable to site administration SQL injection via XMLDB editor","MEDIUM","billy-e2e","","artifacts/php/composer.lock","N/A","2025-02-09T08:32:38.945Z","Active","moodle/moodle","v2.6.2","4.1.12, 4.2.9, 4.3.6, 4.4.2","Yes","No","Yes","-","N/A","N/A"
"CVE-2024-43438","Moodle's IDOR in Feedback non-respondents report allows messaging arbitrary site users","MEDIUM","billy-e2e","","artifacts/php/composer.lock","N/A","2025-02-09T08:32:38.945Z","Active","moodle/moodle","v2.6.2","4.1.12, 4.2.9, 4.3.6, 4.4.2","Yes","No","Yes","-","N/A","N/A"
"CVE-2024-43440","Moodle LFI vulnerability when restoring malformed block backups","MEDIUM","billy-e2e","","artifacts/php/composer.lock","N/A","2025-02-09T08:32:38.945Z","Active","moodle/moodle","v2.6.2","4.1.12, 4.2.9, 4.3.6, 4.4.2","Yes","No","Yes","-","N/A","N/A"
"CVE-2024-45689","Moodle allows users to retrieve information they did not have permission to access","MEDIUM","billy-e2e","","artifacts/php/composer.lock","N/A","2025-02-09T08:32:38.945Z","Active","moodle/moodle","v2.6.2","4.1.13, 4.2.10, 4.3.7, 4.4.3","Yes","No","Yes","-","N/A","N/A"
"CVE-2024-45690","Moodle IDOR when deleting OAuth2 linked accounts","MEDIUM","billy-e2e","","artifacts/php/composer.lock","N/A","2025-02-09T08:32:38.945Z","Active","moodle/moodle","v2.6.2","4.1.13, 4.2.10, 4.3.7, 4.4.3","Yes","No","Yes","-","N/A","N/A"
"CVE-2024-45691","Moodle Lesson activity password bypass through PHP loose comparison","MEDIUM","billy-e2e","","artifacts/php/composer.lock","N/A","2025-02-09T08:32:38.945Z","Active","moodle/moodle","v2.6.2","4.1.13, 4.2.10, 4.3.7, 4.4.3","Yes","No","Yes","-","N/A","N/A"
"CVE-2024-48896","Moodle leaks user names","MEDIUM","billy-e2e","","artifacts/php/composer.lock","N/A","2025-02-09T08:32:38.945Z","Active","moodle/moodle","v2.6.2","4.1.14, 4.2.11, 4.3.8, 4.4.4","Yes","No","Yes","-","N/A","N/A"
"CVE-2024-48897","moodle: IDOR in edit/delete RSS feed","MEDIUM","billy-e2e","","artifacts/php/composer.lock","N/A","2025-02-09T08:32:38.945Z","Active","moodle/moodle","v2.6.2","4.1.14, 4.2.11, 4.3.8, 4.4.4","Yes","No","Yes","-","N/A","N/A"
"GHSA-pxvg-2qj5-37jq","Update packaged libxml2 to v2.10.4 to resolve multiple CVEs","MEDIUM","billy-e2e","","artifacts/ruby/gemspec/Gemfile.lock","N/A","2025-02-09T08:32:38.945Z","Active","nokogiri","1.10.4",">=1.14.3","Yes","No","No","acl9@3.1.0","N/A","N/A"
"CVE-2024-48901","moodle: IDOR when fetching report schedules","MEDIUM","billy-e2e","","artifacts/php/composer.lock","N/A","2025-02-09T08:32:38.945Z","Active","moodle/moodle","v2.6.2","4.1.14, 4.2.11, 4.3.8, 4.4.4","Yes","No","Yes","-","N/A","N/A"
"CVE-2014-3544","Moodle cross-site scripting (XSS) vulnerability","LOW","billy-e2e","","artifacts/php/composer.lock","N/A","2025-02-09T08:32:38.945Z","Active","moodle/moodle","v2.6.2","2.4.11, 2.5.7, 2.6.4, 2.7.1","Yes","No","Yes","-","N/A","N/A"
"CVE-2014-3551","Moodle multiple cross-site scripting (XSS) vulnerabilities","LOW","billy-e2e","","artifacts/php/composer.lock","N/A","2025-02-09T08:32:38.945Z","Active","moodle/moodle","v2.6.2","2.4.11, 2.5.7, 2.6.4, 2.7.1","Yes","No","Yes","-","N/A","N/A"
"CVE-2014-7830","Moodle cross-site scripting (XSS) vulnerability","LOW","billy-e2e","","artifacts/php/composer.lock","N/A","2025-02-09T08:32:38.945Z","Active","moodle/moodle","v2.6.2","2.5.9, 2.6.6, 2.7.3","Yes","No","Yes","-","N/A","N/A"
"CVE-2015-3174","Moodle does not set the RISK_XSS bit for graders","LOW","billy-e2e","","artifacts/php/composer.lock","N/A","2025-02-09T08:32:38.945Z","Active","moodle/moodle","v2.6.2","2.6.11, 2.7.8, 2.8.6","Yes","No","Yes","-","N/A","N/A"
"CVE-2014-7835","Moodle allows attackers to upload files containing JavaScript","LOW","billy-e2e","","artifacts/php/composer.lock","N/A","2025-02-09T08:32:38.945Z","Active","moodle/moodle","v2.6.2","2.6.6, 2.7.3","Yes","No","Yes","-","N/A","N/A"
"CVE-2015-0212","Moodle cross-site scripting (XSS) vulnerability","LOW","billy-e2e","","artifacts/php/composer.lock","N/A","2025-02-09T08:32:38.945Z","Active","moodle/moodle","v2.6.2","2.6.7, 2.7.4, 2.8.2","Yes","No","Yes","-","N/A","N/A"
"CVE-2015-2269","Moodle XSS Vulnerability","LOW","billy-e2e","","artifacts/php/composer.lock","N/A","2025-02-09T08:32:38.945Z","Active","moodle/moodle","v2.6.2","2.6.9, 2.7.6, 2.8.4","Yes","No","Yes","-","N/A","N/A"
"CVE-2015-2273","Moodle cross-site scripting (XSS) vulnerability","LOW","billy-e2e","","artifacts/php/composer.lock","N/A","2025-02-09T08:32:38.945Z","Active","moodle/moodle","v2.6.2","2.6.9, 2.7.6, 2.8.4","Yes","No","Yes","-","N/A","N/A"
"CVE-2015-3178","Moodle cross-site scripting (XSS) vulnerability","LOW","billy-e2e","","artifacts/php/composer.lock","N/A","2025-02-09T08:32:38.945Z","Active","moodle/moodle","v2.6.2","2.6.11, 2.7.8, 2.8.6","Yes","No","Yes","-","N/A","N/A"
"CVE-2015-3179","Moodle allows attackers to bypass intended login restrictions","LOW","billy-e2e","","artifacts/php/composer.lock","N/A","2025-02-09T08:32:38.945Z","Active","moodle/moodle","v2.6.2","2.6.11, 2.7.8, 2.8.6","Yes","No","Yes","-","N/A","N/A"
"CVE-2023-5551","Moodle Exposure of Sensitive Information to an Unauthorized Actor vulnerability","LOW","billy-e2e","","artifacts/php/composer.lock","N/A","2025-02-09T08:32:38.945Z","Active","moodle/moodle","v2.6.2","4.3.0-rc2, 4.2.3, 4.1.6, 4.0.11, 3.11.17, 3.9.24","Yes","No","Yes","-","N/A","N/A"
"CVE-2024-43427","Moodle admin presets export tool includes some secrets that should not be exported","LOW","billy-e2e","","artifacts/php/composer.lock","N/A","2025-02-09T08:32:38.945Z","Active","moodle/moodle","v2.6.2","4.4.2, 4.3.6, 4.2.9, 4.1.12","Yes","No","Yes","-","N/A","N/A"
"CVE-2024-43429","Moodle has user information visibility control issues in gradebook reports","LOW","billy-e2e","","artifacts/php/composer.lock","N/A","2025-02-09T08:32:38.945Z","Active","moodle/moodle","v2.6.2","4.4.2, 4.3.6, 4.2.9, 4.1.12","Yes","No","Yes","-","N/A","N/A"
"CVE-2024-43432","Moodle authorization headers preserved between ""emulated redirects""","LOW","billy-e2e","","artifacts/php/composer.lock","N/A","2025-02-09T08:32:38.945Z","Active","moodle/moodle","v2.6.2","4.4.2, 4.3.6, 4.2.9, 4.1.12","Yes","No","Yes","-","N/A","N/A"
"CVE-2024-43435","Moodle has insufficient capability checks","LOW","billy-e2e","","artifacts/php/composer.lock","N/A","2025-02-09T08:32:38.945Z","Active","moodle/moodle","v2.6.2","4.4.2, 4.3.6, 4.2.9, 4.1.12","Yes","No","Yes","-","N/A","N/A"
"CVE-2024-43437","Moodle Cross-site Scripting vulnerability","LOW","billy-e2e","","artifacts/php/composer.lock","N/A","2025-02-09T08:32:38.945Z","Active","moodle/moodle","v2.6.2","4.4.2, 4.3.6, 4.2.9, 4.1.12","Yes","No","Yes","-","N/A","N/A"
"GHSA-vcc3-rw6f-jv97","Use-after-free in libxml2 via Nokogiri::XML::Reader","MEDIUM","billy-e2e","","artifacts/ruby/gemspec/Gemfile.lock","N/A","2025-02-09T08:32:38.945Z","Active","nokogiri","1.10.4","1.15.6, 1.16.2","Yes","No","No","acl9@3.1.0","N/A","N/A"
"CVE-2020-8164","rubygem-actionpack: possible strong parameters bypass","HIGH","billy-e2e","","artifacts/ruby/gemspec/Gemfile.lock","N/A","2025-02-09T08:32:38.945Z","Active","actionpack","6.0.0","~>5.2.4, >=5.2.4.3, >=6.0.3.1","Yes","No","No","acl9@3.1.0","N/A","N/A"
"CVE-2021-22885","rubygem-actionpack: Possible Information Disclosure / Unintended Method Execution in Action Pack","HIGH","billy-e2e","","artifacts/ruby/gemspec/Gemfile.lock","N/A","2025-02-09T08:32:38.945Z","Active","actionpack","6.0.0","~>5.2.4.6, ~>5.2.6, ~>6.0.3, >=6.0.3.7, >=6.1.3.2","Yes","No","No","acl9@3.1.0","N/A","N/A"
"CVE-2021-22902","rails: Possible Denial of Service vulnerability in Action Dispatch","HIGH","billy-e2e","","artifacts/ruby/gemspec/Gemfile.lock","N/A","2025-02-09T08:32:38.945Z","Active","actionpack","6.0.0","~>6.0.3, >=6.0.3.7, >=6.1.3.2","Yes","No","No","acl9@3.1.0","N/A","N/A"
"CVE-2021-22904","rails: Possible DoS Vulnerability in Action Controller Token Authentication","HIGH","billy-e2e","","artifacts/ruby/gemspec/Gemfile.lock","N/A","2025-02-09T08:32:38.945Z","Active","actionpack","6.0.0","~>5.2.4.6, ~>5.2.6, ~>6.0.3, >=6.0.3.7, >=6.1.3.2","Yes","No","No","acl9@3.1.0","N/A","N/A"
"CVE-2021-22942","rubygem-actionpack: possible open redirect in the Host Authorization middleware","HIGH","billy-e2e","","artifacts/ruby/gemspec/Gemfile.lock","N/A","2025-02-09T08:32:38.945Z","Active","actionpack","6.0.0","~>6.0.4, >=6.0.4.1, >=6.1.4.1","Yes","No","No","acl9@3.1.0","N/A","N/A"
"CVE-2022-23633","rubygem-actionpack: information leak between requests","HIGH","billy-e2e","","artifacts/ruby/gemspec/Gemfile.lock","N/A","2025-02-09T08:32:38.945Z","Active","actionpack","6.0.0","~>5.2.6, >=5.2.6.2, ~>6.0.4, >=6.0.4.6, ~>6.1.4, >=6.1.4.6, >=7.0.2.2","Yes","No","No","acl9@3.1.0","N/A","N/A"
"CVE-2023-22792","rubygem-actionpack: Denial of Service in Action Dispatch","HIGH","billy-e2e","","artifacts/ruby/gemspec/Gemfile.lock","N/A","2025-02-09T08:32:38.945Z","Active","actionpack","6.0.0","~>5.2.8, >=5.2.8.15, ~>6.1.7, >=6.1.7.1, >=7.0.4.1","Yes","No","No","acl9@3.1.0","N/A","N/A"
"CVE-2023-22795","rubygem-actionpack: Denial of Service in Action Dispatch","HIGH","billy-e2e","","artifacts/ruby/gemspec/Gemfile.lock","N/A","2025-02-09T08:32:38.945Z","Active","actionpack","6.0.0","~>5.2.8, >=5.2.8.15, ~>6.1.7, >=6.1.7.1, >=7.0.4.1","Yes","No","No","acl9@3.1.0","N/A","N/A"
"CVE-2024-47887","rubygem-actionpack: Possible ReDoS vulnerability in HTTP Token authentication in Action Controller","LOW","billy-e2e","","artifacts/ruby/gemspec/Gemfile.lock","N/A","2025-02-09T08:32:38.945Z","Active","actionpack","6.0.0","~>6.1.7.9, ~>7.0.8.5, ~>7.1.4, >=7.1.4.1, >=7.2.1.1","Yes","No","No","acl9@3.1.0","N/A","N/A"
"CVE-2020-8166","rubygem-actionpack: ability to forge per-form CSRF tokens given a global CSRF token","MEDIUM","billy-e2e","","artifacts/ruby/gemspec/Gemfile.lock","N/A","2025-02-09T08:32:38.945Z","Active","actionpack","6.0.0","~>5.2.4, >=5.2.4.3, >=6.0.3.1","Yes","No","No","acl9@3.1.0","N/A","N/A"
"CVE-2020-8185","rubygem-rails: untrusted users able to run pending migrations in production","MEDIUM","billy-e2e","","artifacts/ruby/gemspec/Gemfile.lock","N/A","2025-02-09T08:32:38.945Z","Active","actionpack","6.0.0",">=6.0.3.2","Yes","No","No","acl9@3.1.0","N/A","N/A"
"CVE-2020-8264","rubygem-actionpack: possible XSS vulnerability in Action Pack in development mode","MEDIUM","billy-e2e","","artifacts/ruby/gemspec/Gemfile.lock","N/A","2025-02-09T08:32:38.945Z","Active","actionpack","6.0.0",">=6.0.3.4","Yes","No","No","acl9@3.1.0","N/A","N/A"
"CVE-2021-22881","rubygem-actionpack: open redirect vulnerability may lead to confidentiality and integrity compromise","MEDIUM","billy-e2e","","artifacts/ruby/gemspec/Gemfile.lock","N/A","2025-02-09T08:32:38.945Z","Active","actionpack","6.0.0","~>6.0.3, >=6.0.3.5, >=6.1.2.1","Yes","No","No","acl9@3.1.0","N/A","N/A"
"CVE-2021-44528","rubygem-actionpack: specially crafted ""X-Forwarded-Host"" headers may lead to open redirect","MEDIUM","billy-e2e","","artifacts/ruby/gemspec/Gemfile.lock","N/A","2025-02-09T08:32:38.945Z","Active","actionpack","6.0.0","~>6.0.4, >=6.0.4.2, ~>6.1.4, >=6.1.4.2, >=7.0.0.rc2","Yes","No","No","acl9@3.1.0","N/A","N/A"
"CVE-2022-22577","rubygem-actionpack: Possible cross-site scripting vulnerability in Action Pack","MEDIUM","billy-e2e","","artifacts/ruby/gemspec/Gemfile.lock","N/A","2025-02-09T08:32:38.945Z","Active","actionpack","6.0.0","~>5.2.7, >=5.2.7.1, ~>6.0.4, >=6.0.4.8, ~>6.1.5, >=6.1.5.1, >=7.0.2.4","Yes","No","No","acl9@3.1.0","N/A","N/A"
"CVE-2023-28362","actionpack: Possible XSS via User Supplied Values to redirect_to","MEDIUM","billy-e2e","","artifacts/ruby/gemspec/Gemfile.lock","N/A","2025-02-09T08:32:38.945Z","Active","actionpack","6.0.0","~>6.1.7.4, >=7.0.5.1","Yes","No","No","acl9@3.1.0","N/A","N/A"
"CVE-2024-54133","actionpack: Possible Content Security Policy bypass in Action Dispatch","MEDIUM","billy-e2e","","artifacts/ruby/gemspec/Gemfile.lock","N/A","2025-02-09T08:32:38.945Z","Active","actionpack","6.0.0","~>7.0.8.7, ~>7.1.5.1, ~>7.2.2.1, >=8.0.0.1","Yes","No","No","acl9@3.1.0","N/A","N/A"
"CVE-2024-41128","rubygem-actionpack: Possible ReDoS vulnerability in query parameter filtering in Action Dispatch","LOW","billy-e2e","","artifacts/ruby/gemspec/Gemfile.lock","N/A","2025-02-09T08:32:38.945Z","Active","actionpack","6.0.0","~>6.1.7.9, ~>7.0.8.5, ~>7.1.4, >=7.1.4.1, >=7.2.1.1","Yes","No","No","acl9@3.1.0","N/A","N/A"
"CVE-2024-47888","rubygem-actiontext: Possible ReDoS vulnerability in plain_text_for_blockquote_node in Action Text","LOW","billy-e2e","","artifacts/ruby/gemspec/Gemfile.lock","N/A","2025-02-09T08:32:38.945Z","Active","actiontext","6.0.0","~>6.1.7.9, ~>7.0.8.5, ~>7.1.4, >=7.1.4.1, >=7.2.1.1","Yes","No","No","acl9@3.1.0","N/A","N/A"
"CVE-2023-23913","rails: DOM Based Cross-site Scripting in rails-ujs for contenteditable HTML Elements","HIGH","billy-e2e","","artifacts/ruby/gemspec/Gemfile.lock","N/A","2025-02-09T08:32:38.945Z","Active","actionview","6.0.0","~>6.1.7.3, >=7.0.4.3","Yes","No","No","acl9@3.1.0","N/A","N/A"
"CVE-2020-15169","rubygem-activeview: Cross-site scripting in translation helpers","MEDIUM","billy-e2e","","artifacts/ruby/gemspec/Gemfile.lock","N/A","2025-02-09T08:32:38.945Z","Active","actionview","6.0.0","~>5.2.4, >=5.2.4.4, >=6.0.3.3","Yes","No","No","acl9@3.1.0","N/A","N/A"
"CVE-2020-5267","rubygem-actionview: views that use the `j` or `escape_javascript` methods are susceptible to XSS attacks","MEDIUM","billy-e2e","","artifacts/ruby/gemspec/Gemfile.lock","N/A","2025-02-09T08:32:38.945Z","Active","actionview","6.0.0","~>5.2.4, >=5.2.4.2, >=6.0.2.2","Yes","No","No","acl9@3.1.0","N/A","N/A"
"CVE-2023-22794","rubygem-activerecord: SQL Injection","HIGH","billy-e2e","","artifacts/ruby/gemspec/Gemfile.lock","N/A","2025-02-09T08:32:38.945Z","Active","activerecord","6.0.0","~>6.0.6, >=6.0.6.1, ~>6.1.7, >=6.1.7.1, >=7.0.4.1","Yes","No","No","acl9@3.1.0","N/A","N/A"
"CVE-2020-8167","rubygem-actionview: CSRF vulnerability in rails-ujs","MEDIUM","billy-e2e","","artifacts/ruby/gemspec/Gemfile.lock","N/A","2025-02-09T08:32:38.945Z","Active","actionview","6.0.0","~>5.2.4, >=5.2.4.3, >=6.0.3.1","Yes","No","No","acl9@3.1.0","N/A","N/A"
"CVE-2022-27777","tfm-rubygem-actionview: Possible cross-site scripting vulnerability in Action View tag helpers","MEDIUM","billy-e2e","","artifacts/ruby/gemspec/Gemfile.lock","N/A","2025-02-09T08:32:38.945Z","Active","actionview","6.0.0","~>5.2.7, >=5.2.7.1, ~>6.0.4, >=6.0.4.8, ~>6.1.5, >=6.1.5.1, >=7.0.2.4","Yes","No","No","acl9@3.1.0","N/A","N/A"
"CVE-2022-32224","activerecord: Possible RCE escalation bug with Serialized Columns in Active Record","CRITICAL","billy-e2e","","artifacts/ruby/gemspec/Gemfile.lock","N/A","2025-02-09T08:32:38.945Z","Active","activerecord","6.0.0","~>5.2.8, >=5.2.8.1, ~>6.0.5, >=6.0.5.1, ~>6.1.6, >=6.1.6.1, >=7.0.3.1","Yes","No","No","acl9@3.1.0","N/A","N/A"
"CVE-2022-44566","rubygem-activerecord: Denial of Service","HIGH","billy-e2e","","artifacts/ruby/gemspec/Gemfile.lock","N/A","2025-02-09T08:32:38.945Z","Active","activerecord","6.0.0","~>5.2.8, >=5.2.8.15, ~>6.1.7, >=6.1.7.1, >=7.0.4.1","Yes","No","No","acl9@3.1.0","N/A","N/A"
"CVE-2022-21831","rubygem-activestorage: Code injection vulnerability in ActiveStorage","CRITICAL","billy-e2e","","artifacts/ruby/gemspec/Gemfile.lock","N/A","2025-02-09T08:32:38.945Z","Active","activestorage","6.0.0","~>5.2.6, >=5.2.6.3, ~>6.0.4, >=6.0.4.7, ~>6.1.4, >=6.1.4.7, >=7.0.2.3","Yes","No","No","acl9@3.1.0","N/A","N/A"
"CVE-2020-8162","rubygem-activestorage: circumvention of file size limits in ActiveStorage","HIGH","billy-e2e","","artifacts/ruby/gemspec/Gemfile.lock","N/A","2025-02-09T08:32:38.945Z","Active","activestorage","6.0.0","~>5.2.4, >=5.2.4.3, >=6.0.3.1","Yes","No","No","acl9@3.1.0","N/A","N/A"
"CVE-2024-26144","rubygem-activestorage: Possible Sensitive Session Information Leak in Active Storage","MEDIUM","billy-e2e","","artifacts/ruby/gemspec/Gemfile.lock","N/A","2025-02-09T08:32:38.945Z","Active","activestorage","6.0.0","~>6.1.7, >=6.1.7.7, >=7.0.8.1","Yes","No","No","acl9@3.1.0","N/A","N/A"
"CVE-2020-8165","rubygem-activesupport: potentially unintended unmarshalling of user-provided objects in MemCacheStore and RedisCacheStore","CRITICAL","billy-e2e","","artifacts/ruby/gemspec/Gemfile.lock","N/A","2025-02-09T08:32:38.945Z","Active","activesupport","6.0.0","~>5.2.4, >=5.2.4.3, >=6.0.3.1","Yes","No","No","acl9@3.1.0","N/A","N/A"
"CVE-2023-22796","rubygem-activesupport: Regular Expression Denial of Service","HIGH","billy-e2e","","artifacts/ruby/gemspec/Gemfile.lock","N/A","2025-02-09T08:32:38.945Z","Active","activesupport","6.0.0","~>5.2.8, >=5.2.8.15, ~>6.1.7, >=6.1.7.1, >=7.0.4.1","Yes","No","No","acl9@3.1.0","N/A","N/A"
"CVE-2023-28120","rubygem-activesupport: Possible XSS in SafeBuffer#bytesplice","MEDIUM","billy-e2e","","artifacts/ruby/gemspec/Gemfile.lock","N/A","2025-02-09T08:32:38.945Z","Active","activesupport","6.0.0","~>6.1.7, >=6.1.7.3, >=7.0.4.3","Yes","No","No","acl9@3.1.0","N/A","N/A"
"CVE-2023-38037","rubygem-activesupport: File Disclosure of Locally Encrypted Files","MEDIUM","billy-e2e","","artifacts/ruby/gemspec/Gemfile.lock","N/A","2025-02-09T08:32:38.945Z","Active","activesupport","6.0.0","~>6.1.7, >=6.1.7.5, >=7.0.7.1","Yes","No","No","acl9@3.1.0","N/A","N/A"
"CVE-2023-22799","rubygem-globalid: ReDoS vulnerability","HIGH","billy-e2e","","artifacts/ruby/gemspec/Gemfile.lock","N/A","2025-02-09T08:32:38.945Z","Active","globalid","0.4.2",">=1.0.1","Yes","No","No","acl9@3.1.0","N/A","N/A"
"CVE-2022-23514","rubygem-loofah: inefficient regular expression leading to denial of service","HIGH","billy-e2e","","artifacts/ruby/gemspec/Gemfile.lock","N/A","2025-02-09T08:32:38.945Z","Active","loofah","2.2.3",">=2.19.1","Yes","No","No","acl9@3.1.0","N/A","N/A"
"CVE-2022-23516","rubygem-loofah: Uncontrolled Recursion leading to denial of service","HIGH","billy-e2e","","artifacts/ruby/gemspec/Gemfile.lock","N/A","2025-02-09T08:32:38.945Z","Active","loofah","2.2.3",">=2.19.1","Yes","No","No","acl9@3.1.0","N/A","N/A"
"CVE-2019-15587","rubygem-loofah: XXS when a crafted SVG element is republished","MEDIUM","billy-e2e","","artifacts/ruby/gemspec/Gemfile.lock","N/A","2025-02-09T08:32:38.945Z","Active","loofah","2.2.3",">=2.3.1","Yes","No","No","acl9@3.1.0","N/A","N/A"
"CVE-2022-23515","rubygem-loofah: Improper neutralization of data URIs leading to Cross Site Scripting","MEDIUM","billy-e2e","","artifacts/ruby/gemspec/Gemfile.lock","N/A","2025-02-09T08:32:38.945Z","Active","loofah","2.2.3",">=2.19.1","Yes","No","No","acl9@3.1.0","N/A","N/A"
"CVE-2019-5815","chromium-browser: Heap buffer overflow in Blink","HIGH","billy-e2e","","artifacts/ruby/gemspec/Gemfile.lock","N/A","2025-02-09T08:32:38.945Z","Active","nokogiri","1.10.4",">=1.10.5","Yes","No","No","acl9@3.1.0","N/A","N/A"
"CVE-2020-7595","libxml2: infinite loop in xmlStringLenDecodeEntities in some end-of-file situations","HIGH","billy-e2e","","artifacts/ruby/gemspec/Gemfile.lock","N/A","2025-02-09T08:32:38.945Z","Active","nokogiri","1.10.4",">=1.10.8","Yes","No","No","acl9@3.1.0","N/A","N/A"
"CVE-2021-30560","Use after free in Blink XSLT in Google Chrome prior to 91.0.4472.164 a ...","HIGH","billy-e2e","","artifacts/ruby/gemspec/Gemfile.lock","N/A","2025-02-09T08:32:38.945Z","Active","nokogiri","1.10.4",">=1.13.2","Yes","No","No","acl9@3.1.0","N/A","N/A"
"CVE-2021-3517","libxml2: Heap-based buffer overflow in xmlEncodeEntitiesInternal() in entities.c","HIGH","billy-e2e","","artifacts/ruby/gemspec/Gemfile.lock","N/A","2025-02-09T08:32:38.945Z","Active","nokogiri","1.10.4",">=1.11.4","Yes","No","No","acl9@3.1.0","N/A","N/A"
"CVE-2021-3518","libxml2: Use-after-free in xmlXIncludeDoProcess() in xinclude.c","HIGH","billy-e2e","","artifacts/ruby/gemspec/Gemfile.lock","N/A","2025-02-09T08:32:38.945Z","Active","nokogiri","1.10.4",">=1.11.4","Yes","No","No","acl9@3.1.0","N/A","N/A"
"CVE-2021-41098","rubygem-nokogiri: XEE on JRuby","HIGH","billy-e2e","","artifacts/ruby/gemspec/Gemfile.lock","N/A","2025-02-09T08:32:38.945Z","Active","nokogiri","1.10.4",">=1.12.5","Yes","No","No","acl9@3.1.0","N/A","N/A"
"CVE-2022-24836","nokogiri: ReDoS in HTML encoding detection","HIGH","billy-e2e","","artifacts/ruby/gemspec/Gemfile.lock","N/A","2025-02-09T08:32:38.945Z","Active","nokogiri","1.10.4",">=1.13.4","Yes","No","No","acl9@3.1.0","N/A","N/A"
"CVE-2022-24839","nokogiri: Uncontrolled Resource Consumption in org.cyberneko.html (nokogiri fork)","HIGH","billy-e2e","","artifacts/ruby/gemspec/Gemfile.lock","N/A","2025-02-09T08:32:38.945Z","Active","nokogiri","1.10.4",">=1.13.4","Yes","No","No","acl9@3.1.0","N/A","N/A"
"CVE-2022-29181","rubygem-nokogiri: Improper Handling of Unexpected Data Type in Nokogiri","HIGH","billy-e2e","","artifacts/ruby/gemspec/Gemfile.lock","N/A","2025-02-09T08:32:38.945Z","Active","nokogiri","1.10.4",">=1.13.6","Yes","No","No","acl9@3.1.0","N/A","N/A"
"GHSA-7rrm-v45f-jp64","Update packaged dependency libxml2 from 2.9.10 to 2.9.12","HIGH","billy-e2e","","artifacts/ruby/gemspec/Gemfile.lock","N/A","2025-02-09T08:32:38.945Z","Active","nokogiri","1.10.4",">=1.11.4","Yes","No","No","acl9@3.1.0","N/A","N/A"
"GHSA-gx8x-g87m-h5q6","Denial of Service (DoS) in Nokogiri on JRuby","HIGH","billy-e2e","","artifacts/ruby/gemspec/Gemfile.lock","N/A","2025-02-09T08:32:38.945Z","Active","nokogiri","1.10.4","1.13.4","Yes","No","No","acl9@3.1.0","N/A","N/A"
"GHSA-v6gp-9mmm-c6p5","Out-of-bounds Write in zlib affects Nokogiri","HIGH","billy-e2e","","artifacts/ruby/gemspec/Gemfile.lock","N/A","2025-02-09T08:32:38.945Z","Active","nokogiri","1.10.4","1.13.4","Yes","No","No","acl9@3.1.0","N/A","N/A"
"CVE-2019-13117","libxslt: an xsl number with certain format strings could lead to a uninitialized read in xsltNumberFormatInsertNumbers","MEDIUM","billy-e2e","","artifacts/ruby/gemspec/Gemfile.lock","N/A","2025-02-09T08:32:38.945Z","Active","nokogiri","1.10.4",">=1.10.5","Yes","No","No","acl9@3.1.0","N/A","N/A"
"CVE-2021-3537","libxml2: NULL pointer dereference when post-validating mixed content parsed in recovery mode","MEDIUM","billy-e2e","","artifacts/ruby/gemspec/Gemfile.lock","N/A","2025-02-09T08:32:38.945Z","Active","nokogiri","1.10.4",">=1.11.4","Yes","No","No","acl9@3.1.0","N/A","N/A"
"CVE-2022-23437","xerces-j2: infinite loop when handling specially crafted XML document payloads","MEDIUM","billy-e2e","","artifacts/ruby/gemspec/Gemfile.lock","N/A","2025-02-09T08:32:38.945Z","Active","nokogiri","1.10.4",">=1.13.4","Yes","No","No","acl9@3.1.0","N/A","N/A"
"GHSA-xc9x-jj77-9p9j","Use-after-free in libxml2 via Nokogiri::XML::Reader","MEDIUM","billy-e2e","","artifacts/ruby/gemspec/Gemfile.lock","N/A","2025-02-09T08:32:38.945Z","Active","nokogiri","1.10.4","~>1.15.6, >=1.16.2","Yes","No","No","acl9@3.1.0","N/A","N/A"
"GHSA-xxx9-3xcr-gjj3","XML Injection in Xerces Java affects Nokogiri","MEDIUM","billy-e2e","","artifacts/ruby/gemspec/Gemfile.lock","N/A","2025-02-09T08:32:38.945Z","Active","nokogiri","1.10.4","1.13.4","Yes","No","No","acl9@3.1.0","N/A","N/A"
"CVE-2020-26247","rubygem-nokogiri: XML external entity injection via Nokogiri::XML::Schema","LOW","billy-e2e","","artifacts/ruby/gemspec/Gemfile.lock","N/A","2025-02-09T08:32:38.945Z","Active","nokogiri","1.10.4",">=1.11.0.rc4","Yes","No","No","acl9@3.1.0","N/A","N/A"
"GHSA-r95h-9x8f-r3f7","Nokogiri updates packaged libxml2 to v2.12.7 to resolve CVE-2024-34459","LOW","billy-e2e","","artifacts/ruby/gemspec/Gemfile.lock","N/A","2025-02-09T08:32:38.945Z","Active","nokogiri","1.10.4",">=1.16.5","Yes","No","No","acl9@3.1.0","N/A","N/A"
"CVE-2022-30123","rubygem-rack: crafted requests can cause shell escape sequences","CRITICAL","billy-e2e","","artifacts/ruby/gemspec/Gemfile.lock","N/A","2025-02-09T08:32:38.945Z","Active","rack","2.0.7","~>2.0.9, >=2.0.9.1, ~>2.1.4, >=2.1.4.1, >=2.2.3.1","Yes","No","No","acl9@3.1.0","N/A","N/A"
"CVE-2020-8161","rubygem-rack: directory traversal in Rack::Directory","HIGH","billy-e2e","","artifacts/ruby/gemspec/Gemfile.lock","N/A","2025-02-09T08:32:38.945Z","Active","rack","2.0.7","~>2.1.3, >=2.2.0","Yes","No","No","acl9@3.1.0","N/A","N/A"
"CVE-2020-8184","rubygem-rack: percent-encoded cookies can be used to overwrite existing prefixed cookie names","HIGH","billy-e2e","","artifacts/ruby/gemspec/Gemfile.lock","N/A","2025-02-09T08:32:38.945Z","Active","rack","2.0.7","~>2.1.4, >=2.2.3","Yes","No","No","acl9@3.1.0","N/A","N/A"
"CVE-2022-30122","rubygem-rack: crafted multipart POST request may cause a DoS","HIGH","billy-e2e","","artifacts/ruby/gemspec/Gemfile.lock","N/A","2025-02-09T08:32:38.945Z","Active","rack","2.0.7","~>2.0.9, >=2.0.9.1, ~>2.1.4, >=2.1.4.1, >=2.2.3.1","Yes","No","No","acl9@3.1.0","N/A","N/A"
"CVE-2022-44570","rubygem-rack: denial of service in Content-Disposition parsing","HIGH","billy-e2e","","artifacts/ruby/gemspec/Gemfile.lock","N/A","2025-02-09T08:32:38.945Z","Active","rack","2.0.7","~>2.0.9, >=2.0.9.2, ~>2.1.4, >=2.1.4.2, ~>2.2.6, >=2.2.6.2, >=3.0.4.1","Yes","No","No","acl9@3.1.0","N/A","N/A"
"CVE-2022-44571","rubygem-rack: denial of service in Content-Disposition parsing","HIGH","billy-e2e","","artifacts/ruby/gemspec/Gemfile.lock","N/A","2025-02-09T08:32:38.945Z","Active","rack","2.0.7","~>2.0.9, >=2.0.9.2, ~>2.1.4, >=2.1.4.2, ~>2.2.6, >=2.2.6.1, >=3.0.4.1","Yes","No","No","acl9@3.1.0","N/A","N/A"
"CVE-2022-44572","rubygem-rack: denial of service in Content-Disposition parsing","HIGH","billy-e2e","","artifacts/ruby/gemspec/Gemfile.lock","N/A","2025-02-09T08:32:38.945Z","Active","rack","2.0.7","~>2.0.9, >=2.0.9.2, ~>2.1.4, >=2.1.4.2, ~>2.2.6, >=2.2.6.1, >=3.0.4.1","Yes","No","No","acl9@3.1.0","N/A","N/A"
"CVE-2023-27530","rubygem-rack: Denial of service in Multipart MIME parsing","HIGH","billy-e2e","","artifacts/ruby/gemspec/Gemfile.lock","N/A","2025-02-09T08:32:38.945Z","Active","rack","2.0.7","~>2.0.9, >=2.0.9.3, ~>2.1.4, >=2.1.4.3, ~>2.2.6, >=2.2.6.3, >=3.0.4.2","Yes","No","No","acl9@3.1.0","N/A","N/A"
"CVE-2019-16782","rubygem-rack: hijack sessions by using timing attacks targeting the session id","MEDIUM","billy-e2e","","artifacts/ruby/gemspec/Gemfile.lock","N/A","2025-02-09T08:32:38.945Z","Active","rack","2.0.7","~>1.6.12, >=2.0.8","Yes","No","No","acl9@3.1.0","N/A","N/A"
"CVE-2020-7663","rubygem-websocket-extensions: ReDoS vulnerability in Sec-WebSocket-Extensions parser","HIGH","billy-e2e","","artifacts/ruby/gemspec/Gemfile.lock","N/A","2025-02-09T08:32:38.945Z","Active","websocket-extensions","0.1.4",">=0.1.5","Yes","No","No","acl9@3.1.0","N/A","N/A"
"CVE-2023-27539","rubygem-rack: denial of service in header parsing","MEDIUM","billy-e2e","","artifacts/ruby/gemspec/Gemfile.lock","N/A","2025-02-09T08:32:38.945Z","Active","rack","2.0.7","~>2.0, >=2.2.6.4, >=3.0.6.1","Yes","No","No","acl9@3.1.0","N/A","N/A"
"CVE-2024-25126","rubygem-rack: Denial of Service Vulnerability in Rack Content-Type Parsing","MEDIUM","billy-e2e","","artifacts/ruby/gemspec/Gemfile.lock","N/A","2025-02-09T08:32:38.945Z","Active","rack","2.0.7","~>2.2.8, >=2.2.8.1, >=3.0.9.1","Yes","No","No","acl9@3.1.0","N/A","N/A"
"CVE-2024-26141","rubygem-rack: Possible DoS Vulnerability with Range Header in Rack","MEDIUM","billy-e2e","","artifacts/ruby/gemspec/Gemfile.lock","N/A","2025-02-09T08:32:38.945Z","Active","rack","2.0.7","~>2.2.8, >=2.2.8.1, >=3.0.9.1","Yes","No","No","acl9@3.1.0","N/A","N/A"
"CVE-2024-26146","rubygem-rack: Possible Denial of Service Vulnerability in Rack Header Parsing","MEDIUM","billy-e2e","","artifacts/ruby/gemspec/Gemfile.lock","N/A","2025-02-09T08:32:38.945Z","Active","rack","2.0.7","~>2.0.9, >=2.0.9.4, ~>2.1.4, >=2.1.4.4, ~>2.2.8, >=2.2.8.1, >=3.0.9.1","Yes","No","No","acl9@3.1.0","N/A","N/A"
"CVE-2022-23517","rubygem-rails-html-sanitizer: Inefficient Regular Expression leading to denial of service","HIGH","billy-e2e","","artifacts/ruby/gemspec/Gemfile.lock","N/A","2025-02-09T08:32:38.945Z","Active","rails-html-sanitizer","1.2.0",">=1.4.4","Yes","No","No","acl9@3.1.0","N/A","N/A"
"CVE-2022-23518","rubygem-rails-html-sanitizer: Improper neutralization of data URIs leading to Cross site scripting","MEDIUM","billy-e2e","","artifacts/ruby/gemspec/Gemfile.lock","N/A","2025-02-09T08:32:38.945Z","Active","rails-html-sanitizer","1.2.0",">=1.4.4","Yes","No","No","acl9@3.1.0","N/A","N/A"
"CVE-2022-23519","rubygem-rails-html-sanitizer: Cross site scripting vulnerability with certain configurations","MEDIUM","billy-e2e","","artifacts/ruby/gemspec/Gemfile.lock","N/A","2025-02-09T08:32:38.945Z","Active","rails-html-sanitizer","1.2.0",">=1.4.4","Yes","No","No","acl9@3.1.0","N/A","N/A"
"CVE-2022-23520","rubygem-rails-html-sanitizer: Cross site scripting vulnerability with certain configurations","MEDIUM","billy-e2e","","artifacts/ruby/gemspec/Gemfile.lock","N/A","2025-02-09T08:32:38.945Z","Active","rails-html-sanitizer","1.2.0",">=1.4.4","Yes","No","No","acl9@3.1.0","N/A","N/A"
"CVE-2022-32209","rubygem-rails-html-sanitizer: possible xss with certain configurations","MEDIUM","billy-e2e","","artifacts/ruby/gemspec/Gemfile.lock","N/A","2025-02-09T08:32:38.945Z","Active","rails-html-sanitizer","1.2.0",">=1.4.3","Yes","No","No","acl9@3.1.0","N/A","N/A"
"CVE-2022-31163","rubygem-tzinfo: arbitrary code execution","HIGH","billy-e2e","","artifacts/ruby/gemspec/Gemfile.lock","N/A","2025-02-09T08:32:38.945Z","Active","tzinfo","1.2.5","~>0.3.61, >=1.2.10","Yes","No","No","acl9@3.1.0","N/A","N/A"
"CVE-2024-27285","yard: Cross-site scripting in the frams.erb template file","MEDIUM","billy-e2e","","artifacts/ruby/gemspec/Gemfile.lock","N/A","2025-02-09T08:32:38.945Z","Active","yard","0.9.20",">=0.9.36","Yes","No","Yes","-","N/A","N/A"
"CVE-2024-37168","grps-js: allocate memory for incoming messages well above configured limits","MEDIUM","test","","package.json","N/A","2025-01-13T16:16:59.991Z","Active","@grpc/grpc-js","1.8.21","1.10.9, 1.9.15, 1.8.22","Yes","No","No","@moonactive/microservice-core@6.0.0","N/A","N/A"
"CVE-2023-36665","protobufjs: prototype pollution using user-controlled protobuf message","CRITICAL","test","","package.json","N/A","2025-01-13T16:16:59.991Z","Active","protobufjs","7.2.4","7.2.5, 6.11.4","Yes","No","No","@moonactive/microservice-core@6.0.0","N/A","N/A"
"CVE-2024-41110","moby: Authz zero length regression","CRITICAL","postee","","go.mod","N/A","2025-01-22T22:00:51.100Z","Active","github.com/docker/docker","v20.10.24+incompatible","23.0.15, 26.1.5, 27.1.1, 25.0.6","Yes","No","Yes","-","N/A","N/A"
"CVE-2022-29946","nats-server: Negative user permissions not enforced in one scenario","HIGH","postee","","go.mod","N/A","2025-01-22T22:00:51.100Z","Active","github.com/nats-io/nats-server/v2","v2.7.4","2.8.2","Yes","No","Yes","-","N/A","N/A"
"CVE-2023-47090","NATS nats-server before 2.9.23 and 2.10.x before 2.10.2 has an authent ...","HIGH","postee","","go.mod","N/A","2025-01-22T22:00:51.100Z","Active","github.com/nats-io/nats-server/v2","v2.7.4","2.9.23, 2.10.2","Yes","No","Yes","-","N/A","N/A"
"CVE-2024-45337","golang.org/x/crypto/ssh: Misuse of ServerConfig.PublicKeyCallback may cause authorization bypass in golang.org/x/crypto","CRITICAL","postee","","go.mod","N/A","2025-01-22T22:00:51.100Z","Active","golang.org/x/crypto","v0.0.0-20220525230936-793ad666bf5e","0.31.0","Yes","No","No","github.com/aquasecurity/postee/v2","N/A","N/A"
"CVE-2023-39325","golang: net/http, x/net/http2: rapid stream resets can cause excessive work (CVE-2023-44487)","HIGH","postee","","go.mod","N/A","2025-01-22T22:00:51.100Z","Active","golang.org/x/net","v0.7.0","0.17.0","Yes","No","No","github.com/aquasecurity/postee/v2","N/A","N/A"
"CVE-2024-45338","golang.org/x/net/html: Non-linear parsing of case-insensitive content in golang.org/x/net/html","HIGH","postee","","go.mod","N/A","2025-01-22T22:00:51.100Z","Active","golang.org/x/net","v0.7.0","0.33.0","Yes","No","No","github.com/aquasecurity/postee/v2","N/A","N/A"
"CVE-2024-41110","moby: Authz zero length regression","CRITICAL","postee","","ui/backend/go.mod","N/A","2025-01-22T22:00:51.100Z","Active","github.com/docker/docker","v20.10.24+incompatible","23.0.15, 26.1.5, 27.1.1, 25.0.6","Yes","No","No","github.com/aquasecurity/postee/ui/backend","N/A","N/A"
"CVE-2022-29946","nats-server: Negative user permissions not enforced in one scenario","HIGH","postee","","ui/backend/go.mod","N/A","2025-01-22T22:00:51.100Z","Active","github.com/nats-io/nats-server/v2","v2.7.4","2.8.2","Yes","No","No","github.com/aquasecurity/postee/ui/backend","N/A","N/A"
"CVE-2023-47090","NATS nats-server before 2.9.23 and 2.10.x before 2.10.2 has an authent ...","HIGH","postee","","ui/backend/go.mod","N/A","2025-01-22T22:00:51.100Z","Active","github.com/nats-io/nats-server/v2","v2.7.4","2.9.23, 2.10.2","Yes","No","No","github.com/aquasecurity/postee/ui/backend","N/A","N/A"
"CVE-2024-45337","golang.org/x/crypto/ssh: Misuse of ServerConfig.PublicKeyCallback may cause authorization bypass in golang.org/x/crypto","CRITICAL","postee","","ui/backend/go.mod","N/A","2025-01-22T22:00:51.100Z","Active","golang.org/x/crypto","v0.0.0-20220525230936-793ad666bf5e","0.31.0","Yes","No","No","github.com/aquasecurity/postee/ui/backend","N/A","N/A"
"CVE-2023-39325","golang: net/http, x/net/http2: rapid stream resets can cause excessive work (CVE-2023-44487)","HIGH","postee","","ui/backend/go.mod","N/A","2025-01-22T22:00:51.100Z","Active","golang.org/x/net","v0.7.0","0.17.0","Yes","No","No","github.com/aquasecurity/postee/ui/backend","N/A","N/A"
"CVE-2024-45338","golang.org/x/net/html: Non-linear parsing of case-insensitive content in golang.org/x/net/html","HIGH","postee","","ui/backend/go.mod","N/A","2025-01-22T22:00:51.100Z","Active","golang.org/x/net","v0.7.0","0.33.0","Yes","No","No","github.com/aquasecurity/postee/ui/backend","N/A","N/A"
"CVE-2020-7663","rubygem-websocket-extensions: ReDoS vulnerability in Sec-WebSocket-Extensions parser","HIGH","performance-test","","ruby/gemspec/Gemfile.lock","N/A","2025-01-29T14:03:11.087Z","Active","websocket-extensions","0.1.4","0.1.5","Yes","No","No","acl9@3.1.0","0.0098","N/A"
"CVE-2023-5841","OpenEXR: Heap Overflow in Scanline Deep Data Parsing","CRITICAL","performance-test","","conan/python-recipe/conan.lock","N/A","2025-01-29T14:03:11.087Z","Active","openexr","2.5.7","-","No","No","No","alembic/None","0.0008","N/A"
"CVE-2021-20298","OpenEXR: Out-of-memory in B44Compressor","HIGH","performance-test","","conan/python-recipe/conan.lock","N/A","2025-01-29T14:03:11.087Z","Active","openexr","2.5.7","3.1.4","Yes","No","No","alembic/None","0.0046","N/A"
"CVE-2021-20304","OpenEXR: Undefined-shift in Imf_2_5::hufDecode","HIGH","performance-test","","conan/python-recipe/conan.lock","N/A","2025-01-29T14:03:11.087Z","Active","openexr","2.5.7","3.1.4","Yes","No","No","alembic/None","0.0027","N/A"
"CVE-2021-23169","OpenEXR: Heap-buffer-overflow in Imf_2_5::copyIntoFrameBuffer","HIGH","performance-test","","conan/python-recipe/conan.lock","N/A","2025-01-29T14:03:11.087Z","Active","openexr","2.5.7","3.1.4","Yes","No","No","alembic/None","0.0037","N/A"
"CVE-2022-1941","protobuf: message parsing vulnerability in ProtocolBuffers","HIGH","performance-test","","conan/text-recipe/conan.lock","N/A","2025-01-29T14:03:11.087Z","Active","protobuf","3.21.4","3.19.6, 3.21.9","Yes","No","No","-","0.0037","N/A"
"CVE-2024-21907","Improper Handling of Exceptional Conditions in Newtonsoft.Json","HIGH","performance-test","","dotnet/lock/packages.config","N/A","2025-01-29T14:03:11.087Z","Active","Newtonsoft.Json","8.0.3","13.0.1","Yes","No","Yes","-","0.0033","N/A"
"CVE-2023-27530","rubygem-rack: Denial of service in Multipart MIME parsing","HIGH","performance-test","","ruby/gemspec/Gemfile.lock","N/A","2025-01-29T14:03:11.087Z","Active","rack","2.0.7","2.1.4.3, 3.0.4.2, 2.2.6.3, 2.0.9.3","Yes","No","No","acl9@3.1.0","0.0014","N/A"
"CVE-2023-2253","distribution/distribution: DoS from malicious API request","HIGH","performance-test","","golang/go.mod","N/A","2025-01-29T14:03:11.087Z","Active","github.com/docker/distribution","v2.7.1+incompatible","2.8.2-beta.1","Yes","No","No","github.com/testdata/testdata","0.0005","N/A"
"CVE-2024-41110","moby: Authz zero length regression","CRITICAL","performance-test","","golang/go.mod","N/A","2025-01-29T14:03:11.087Z","Active","github.com/docker/docker","v20.10.11+incompatible","23.0.15, 26.1.5, 27.1.1, 25.0.6","Yes","No","No","github.com/testdata/testdata","0.0004","N/A"
"CVE-2023-28840","moby: Encrypted overlay network may be unauthenticated","HIGH","performance-test","","golang/go.mod","N/A","2025-01-29T14:03:11.087Z","Active","github.com/docker/docker","v20.10.11+incompatible","20.10.24, 23.0.3","Yes","No","No","github.com/testdata/testdata","0.0039","N/A"
"CVE-2024-45337","golang.org/x/crypto/ssh: Misuse of ServerConfig.PublicKeyCallback may cause authorization bypass in golang.org/x/crypto","CRITICAL","performance-test","","golang/go.mod","N/A","2025-01-29T14:03:11.087Z","Active","golang.org/x/crypto","v0.0.0-20201002170205-7f63de1d35b0","0.31.0","Yes","No","No","github.com/testdata/testdata","0.0004","N/A"
"CVE-2022-28946","Out of bounds memory access in github.com/open-policy-agent/opa","HIGH","performance-test","","golang/go.mod","N/A","2025-01-29T14:03:11.087Z","Active","github.com/open-policy-agent/opa","v0.35.0","0.40.0","Yes","No","No","github.com/testdata/testdata","0.0009","N/A"
"CVE-2022-33082","open-policy-agent: possible DoS via crafted input","HIGH","performance-test","","golang/go.mod","N/A","2025-01-29T14:03:11.087Z","Active","github.com/open-policy-agent/opa","v0.35.0","0.42.0","Yes","No","No","github.com/testdata/testdata","0.0007","N/A"
"CVE-2020-29652","golang: crypto/ssh: crafted authentication request can lead to nil pointer dereference","HIGH","performance-test","","golang/go.mod","N/A","2025-01-29T14:03:11.087Z","Active","golang.org/x/crypto","v0.0.0-20201002170205-7f63de1d35b0","0.0.0-20201216223049-8b5274cf687f","Yes","No","No","github.com/testdata/testdata","0.0091","N/A"
"CVE-2021-43565","golang.org/x/crypto: empty plaintext packet causes panic","HIGH","performance-test","","golang/go.mod","N/A","2025-01-29T14:03:11.087Z","Active","golang.org/x/crypto","v0.0.0-20201002170205-7f63de1d35b0","0.0.0-20211202192323-5770296d904e","Yes","No","No","github.com/testdata/testdata","0.0008","N/A"
"CVE-2022-27191","golang: crash in a golang.org/x/crypto/ssh server","HIGH","performance-test","","golang/go.mod","N/A","2025-01-29T14:03:11.087Z","Active","golang.org/x/crypto","v0.0.0-20201002170205-7f63de1d35b0","0.0.0-20220314234659-1baeb1ce4c0b","Yes","No","No","github.com/testdata/testdata","0.0038","N/A"
"CVE-2022-27664","golang: net/http: handle server errors after sending GOAWAY","HIGH","performance-test","","golang/go.mod","N/A","2025-01-29T14:03:11.087Z","Active","golang.org/x/net","v0.0.0-20211111083644-e5c967477495","0.0.0-20220906165146-f3363e06e74c","Yes","No","No","github.com/testdata/testdata","0.0027","N/A"
"CVE-2022-41723","golang.org/x/net/http2: avoid quadratic complexity in HPACK decoding","HIGH","performance-test","","golang/go.mod","N/A","2025-01-29T14:03:11.087Z","Active","golang.org/x/net","v0.0.0-20211111083644-e5c967477495","0.7.0","Yes","No","No","github.com/testdata/testdata","0.0173","N/A"
"CVE-2023-39325","golang: net/http, x/net/http2: rapid stream resets can cause excessive work (CVE-2023-44487)","HIGH","performance-test","","golang/go.mod","N/A","2025-01-29T14:03:11.087Z","Active","golang.org/x/net","v0.0.0-20211111083644-e5c967477495","0.17.0","Yes","No","No","github.com/testdata/testdata","0.0059","N/A"
"CVE-2024-45338","golang.org/x/net/html: Non-linear parsing of case-insensitive content in golang.org/x/net/html","HIGH","performance-test","","golang/go.mod","N/A","2025-01-29T14:03:11.087Z","Active","golang.org/x/net","v0.0.0-20211111083644-e5c967477495","0.33.0","Yes","No","No","github.com/testdata/testdata","0.0004","N/A"
"CVE-2021-38561","golang: out-of-bounds read in golang.org/x/text/language leads to DoS","HIGH","performance-test","","golang/go.mod","N/A","2025-01-29T14:03:11.087Z","Active","golang.org/x/text","v0.3.6","0.3.7","Yes","No","No","github.com/testdata/testdata","0.0011","N/A"
"CVE-2022-32149","golang: golang.org/x/text/language: ParseAcceptLanguage takes a long time to parse complex tags","HIGH","performance-test","","golang/go.mod","N/A","2025-01-29T14:03:11.087Z","Active","golang.org/x/text","v0.3.6","0.3.8","Yes","No","No","github.com/testdata/testdata","0.0017","N/A"
"GHSA-m425-mq94-257g","gRPC-Go HTTP/2 Rapid Reset vulnerability","HIGH","performance-test","","golang/go.mod","N/A","2025-01-29T14:03:11.087Z","Active","google.golang.org/grpc","v1.38.0","1.56.3, 1.57.1, 1.58.3","Yes","No","No","github.com/testdata/testdata","N/A","N/A"
"CVE-2022-28948","golang-gopkg-yaml: crash when attempting to deserialize invalid input","HIGH","performance-test","","golang/go.mod","N/A","2025-01-29T14:03:11.087Z","Active","gopkg.in/yaml.v3","v3.0.0-20210107192922-496545a6307b","3.0.0-20220521103104-8f96da9f5d5e","Yes","No","No","github.com/testdata/testdata","0.0010","N/A"
"CVE-2024-43431","Moodle's IDOR in badges allows deletion of arbitrary badges","HIGH","performance-test","","php/composer.lock","N/A","2025-01-30T08:32:00.181Z","Active","moodle/moodle","v2.6.2","4.2.9, 4.1.12, 4.4.2, 4.3.6","Yes","No","No","-","0.0004","N/A"
"CVE-2022-4065","testng: a path traversal in zip files","HIGH","performance-test","","gradle/lock/build.gradle","N/A","2025-01-29T14:03:11.087Z","Active","org.testng:testng","7.5","7.7.0, 7.5.1","Yes","No","No","-","0.0012","N/A"
"CVE-2021-36392","Moodle SQL Injection vulnerability","CRITICAL","performance-test","","php/composer.lock","N/A","2025-01-29T14:03:11.087Z","Active","moodle/moodle","v2.6.2","3.9.8, 3.10.5, 3.11.1","Yes","No","No","-","0.0014","N/A"
"CVE-2021-36393","Moodle SQL Injection vulnerability","CRITICAL","performance-test","","php/composer.lock","N/A","2025-01-29T14:03:11.087Z","Active","moodle/moodle","v2.6.2","3.9.8, 3.10.5, 3.11.1","Yes","No","No","-","0.0014","N/A"
"CVE-2021-36394","Moodle Session Fixation vulnerability","CRITICAL","performance-test","","php/composer.lock","N/A","2025-01-30T08:32:00.181Z","Active","moodle/moodle","v2.6.2","3.9.8, 3.10.5, 3.11.1","Yes","No","No","-","0.0046","N/A"
"CVE-2022-40314","Moodle remote code execution","CRITICAL","performance-test","","php/composer.lock","N/A","2025-01-29T14:03:11.087Z","Active","moodle/moodle","v2.6.2","3.9.17, 4.0.4, 3.11.10","Yes","No","No","-","0.0046","N/A"
"CVE-2023-28333","Moodle's Mustache pix helper contained a potential Mustache injection risk if combined with user input","CRITICAL","performance-test","","php/composer.lock","N/A","2025-01-29T14:03:11.087Z","Active","moodle/moodle","v2.6.2","3.9.20, 3.11.13, 4.0.7, 4.1.2","Yes","No","No","-","0.0050","N/A"
"CVE-2023-5550","Moodle Code Injection vulnerability","CRITICAL","performance-test","","php/composer.lock","N/A","2025-01-30T08:32:00.181Z","Active","moodle/moodle","v2.6.2","3.9.24, 3.11.17, 4.0.11, 4.1.6, 4.2.3, 4.3.0-rc2","Yes","No","No","-","0.0066","N/A"
"CVE-2014-3541","Moodle vulnerable to PHP object injection attacks","HIGH","performance-test","","php/composer.lock","N/A","2025-01-29T14:03:11.087Z","Active","moodle/moodle","v2.6.2","2.7.1, 2.6.4, 2.5.7, 2.4.11","Yes","No","No","-","0.0228","N/A"
"CVE-2014-7845","Moodle Temporary Passwords are Brute Force-able","HIGH","performance-test","","php/composer.lock","N/A","2025-01-29T14:03:11.087Z","Active","moodle/moodle","v2.6.2","2.5.9, 2.6.6, 2.7.3","Yes","No","No","-","0.0065","N/A"
"CVE-2015-5267","Moodle uses predictable password-recovery tokens","HIGH","performance-test","","php/composer.lock","N/A","2025-01-29T14:03:11.087Z","Active","moodle/moodle","v2.6.2","2.9.2, 2.8.8, 2.7.10","Yes","No","No","-","0.0034","N/A"
"CVE-2015-5338","Moodle multiple cross-site request forgery (CSRF) vulnerabilities","HIGH","performance-test","","php/composer.lock","N/A","2025-01-29T14:03:11.087Z","Active","moodle/moodle","v2.6.2","2.9.3, 2.8.9, 2.7.11","Yes","No","No","-","0.0009","N/A"
"CVE-2016-2157","Moodle cross-site request forgery (CSRF) vulnerability","HIGH","performance-test","","php/composer.lock","N/A","2025-01-29T14:03:11.087Z","Active","moodle/moodle","v2.6.2","3.0.3, 2.9.5, 2.8.11, 2.7.13","Yes","No","No","-","0.0016","N/A"
"CVE-2016-3734","Moodle Cross-site request forgery (CSRF) vulnerability","HIGH","performance-test","","php/composer.lock","N/A","2025-01-29T14:03:11.087Z","Active","moodle/moodle","v2.6.2","2.8.12, 2.7.14, 3.0.4, 2.9.6","Yes","No","No","-","0.0017","N/A"
"CVE-2016-9187","Moodle Unrestricted file upload vulnerability","HIGH","performance-test","","php/composer.lock","N/A","2025-01-29T14:03:11.087Z","Active","moodle/moodle","v2.6.2","3.2.2","Yes","No","No","-","0.0080","N/A"
"CVE-2018-14630","Moodle XML import of ddwtos could lead to intentional remote code execution","HIGH","performance-test","","php/composer.lock","N/A","2025-01-29T14:03:11.087Z","Active","moodle/moodle","v2.6.2","3.3.8, 3.4.5, 3.5.2, 3.1.14","Yes","No","No","-","0.0176","N/A"
"CVE-2019-3849","Moodle Users could elevate their role when accessing the LTI tool on a provider site","HIGH","performance-test","","php/composer.lock","N/A","2025-01-29T14:03:11.087Z","Active","moodle/moodle","v2.6.2","3.4.8, 3.6.3, 3.5.5","Yes","No","No","-","0.0011","N/A"
"CVE-2021-36395","Moodle vulnerable to Uncontrolled Resource Consumption","HIGH","performance-test","","php/composer.lock","N/A","2025-01-29T14:03:11.087Z","Active","moodle/moodle","v2.6.2","3.9.8, 3.10.5, 3.11.1","Yes","No","No","-","0.0009","N/A"
"CVE-2021-36396","Moodle vulnerable to Server-Side Request Forgery","HIGH","performance-test","","php/composer.lock","N/A","2025-01-29T14:03:11.087Z","Active","moodle/moodle","v2.6.2","3.9.8, 3.10.5, 3.11.1","Yes","No","No","-","0.0007","N/A"
"CVE-2022-0983","SQL Injection in Moodle","HIGH","performance-test","","php/composer.lock","N/A","2025-01-29T14:03:11.087Z","Active","moodle/moodle","v2.6.2","3.9.13, 3.10.10, 3.11.6","Yes","No","No","-","0.0010","N/A"
"CVE-2023-23923","Moodle Improper Access Control vulnerability","HIGH","performance-test","","php/composer.lock","N/A","2025-01-29T14:03:11.087Z","Active","moodle/moodle","v2.6.2","3.11.12, 3.9.19, 4.1.1, 4.0.6","Yes","No","No","-","0.0022","N/A"
"CVE-2023-28329","Moodle SQL Injection vulnerability","HIGH","performance-test","","php/composer.lock","N/A","2025-01-29T14:03:11.087Z","Active","moodle/moodle","v2.6.2","3.11.13, 4.0.7, 4.1.2, 3.9.20","Yes","No","No","-","0.0020","N/A"
"CVE-2023-30944","Moodle SQL Injection vulnerability","HIGH","performance-test","","php/composer.lock","N/A","2025-01-29T14:03:11.087Z","Active","moodle/moodle","v2.6.2","4.2.0-rc2","Yes","No","No","-","0.0031","N/A"
"CVE-2023-35133","Moodle vulnerable to Server Side Request Forgery","HIGH","performance-test","","php/composer.lock","N/A","2025-01-29T14:03:11.087Z","Active","moodle/moodle","v2.6.2","3.9.22, 3.11.15, 4.0.9, 4.1.4, 4.2.1","Yes","No","No","-","0.0010","N/A"
"CVE-2023-5539","Moodle Code Injection vulnerability","HIGH","performance-test","","php/composer.lock","N/A","2025-01-30T08:32:00.181Z","Active","moodle/moodle","v2.6.2","4.3.0-rc2","Yes","No","No","-","0.0038","N/A"
"CVE-2023-5540","Moodle Code Injection vulnerability","HIGH","performance-test","","php/composer.lock","N/A","2025-01-29T14:03:11.087Z","Active","moodle/moodle","v2.6.2","4.3.0-rc2","Yes","No","No","-","0.0038","N/A"
"CVE-2024-25978","Uncontrolled Resource Consumption in moodle","HIGH","performance-test","","php/composer.lock","N/A","2025-01-29T14:03:11.087Z","Active","moodle/moodle","v2.6.2","4.2.6, 4.3.3, 4.1.9","Yes","No","No","-","0.0007","N/A"
"CVE-2024-25982","Cross-Site Request Forgery in moodle","HIGH","performance-test","","php/composer.lock","N/A","2025-01-29T14:03:11.087Z","Active","moodle/moodle","v2.6.2","4.1.9, 4.2.6, 4.3.3","Yes","No","No","-","0.0006","N/A"
"CVE-2024-34001","Moodle CSRF risk in admin preset tool management of presets","HIGH","performance-test","","php/composer.lock","N/A","2025-01-29T14:03:11.087Z","Active","moodle/moodle","v2.6.2","4.1.10, 4.2.7, 4.3.4","Yes","No","No","-","0.0004","N/A"
"CVE-2024-34008","Moodle CSRF risk in analytics management of models","HIGH","performance-test","","php/composer.lock","N/A","2025-01-29T14:03:11.087Z","Active","moodle/moodle","v2.6.2","4.1.10, 4.2.7, 4.3.4","Yes","No","No","-","0.0006","N/A"
"CVE-2024-38275","Moodle HTTP authorization header is preserved between ""emulated redirects""","HIGH","performance-test","","php/composer.lock","N/A","2025-01-30T08:32:00.181Z","Active","moodle/moodle","v2.6.2","4.4.1, 4.1.11, 4.2.8, 4.3.5","Yes","No","No","-","0.0004","N/A"
"CVE-2024-38276","Moodle CSRF risks due to misuse of confirm_sesskey","HIGH","performance-test","","php/composer.lock","N/A","2025-01-30T08:32:00.181Z","Active","moodle/moodle","v2.6.2","4.1.11, 4.2.8, 4.3.5, 4.4.1","Yes","No","No","-","0.0006","N/A"
"CVE-2024-43425","Moodle Remote Code Execution vulnerability","HIGH","performance-test","","php/composer.lock","N/A","2025-01-29T14:03:11.087Z","Active","moodle/moodle","v2.6.2","4.4.2, 4.3.6, 4.2.9, 4.1.12","Yes","No","No","-","0.0028","N/A"
"CVE-2024-43426","Moodle has arbitrary file read risk through pdfTeX","HIGH","performance-test","","php/composer.lock","N/A","2025-01-30T08:32:00.181Z","Active","moodle/moodle","v2.6.2","4.2.9, 4.1.12, 4.4.2, 4.3.6","Yes","No","No","-","0.0004","N/A"
"CVE-2024-43428","Moodle vulnerable to cache poisoning via injection into storage","HIGH","performance-test","","php/composer.lock","N/A","2025-01-30T08:32:00.181Z","Active","moodle/moodle","v2.6.2","4.4.2, 4.3.6, 4.2.9, 4.1.12","Yes","No","No","-","0.0004","N/A"
"CVE-2024-43434","Moodle has CSRF risk in Feedback non-respondents report","HIGH","performance-test","","php/composer.lock","N/A","2025-01-29T14:03:11.087Z","Active","moodle/moodle","v2.6.2","4.4.2, 4.3.6, 4.2.9, 4.1.12","Yes","No","No","-","0.0004","N/A"
"CVE-2024-43436","Moodle vulnerable to site administration SQL injection via XMLDB editor","HIGH","performance-test","","php/composer.lock","N/A","2025-01-30T08:32:00.181Z","Active","moodle/moodle","v2.6.2","4.2.9, 4.1.12, 4.4.2, 4.3.6","Yes","No","No","-","0.0004","N/A"
"CVE-2024-43438","Moodle's IDOR in Feedback non-respondents report allows messaging arbitrary site users","HIGH","performance-test","","php/composer.lock","N/A","2025-01-30T08:32:00.181Z","Active","moodle/moodle","v2.6.2","4.4.2, 4.3.6, 4.2.9, 4.1.12","Yes","No","No","-","0.0004","N/A"
"CVE-2024-43440","Moodle LFI vulnerability when restoring malformed block backups","HIGH","performance-test","","php/composer.lock","N/A","2025-01-30T08:32:00.181Z","Active","moodle/moodle","v2.6.2","4.2.9, 4.1.12, 4.4.2, 4.3.6","Yes","No","No","-","0.0004","N/A"
"CVE-2024-45690","Moodle IDOR when deleting OAuth2 linked accounts","HIGH","performance-test","","php/composer.lock","N/A","2025-01-30T08:32:00.181Z","Active","moodle/moodle","v2.6.2","4.4.3, 4.3.7, 4.2.10, 4.1.13","Yes","No","No","-","0.0004","N/A"
"CVE-2024-34069","python-werkzeug: user may execute code on a developer's machine","HIGH","performance-test","","python/requirements.txt","N/A","2025-01-29T14:03:11.087Z","Active","Werkzeug","1.0.1","3.0.3","Yes","No","Yes","-","0.0004","N/A"
"CVE-2024-49767","werkzeug: python-werkzeug: Werkzeug possible resource exhaustion when parsing file data in forms","HIGH","performance-test","","python/requirements.txt","N/A","2025-01-30T08:32:00.181Z","Active","Werkzeug","1.0.1","3.0.6","Yes","No","Yes","-","0.0006","N/A"
"CVE-2021-33503","python-urllib3: ReDoS in the parsing of authority part of URL","HIGH","performance-test","","python/requirements.txt","N/A","2025-01-29T14:03:11.087Z","Active","urllib3","1.26.3","1.26.5","Yes","No","Yes","-","0.0043","N/A"
"CVE-2023-24998","FileUpload: FileUpload DoS with excessive parts","HIGH","performance-test","","pom/pom.xml","N/A","2025-01-29T14:03:11.087Z","Active","commons-fileupload:commons-fileupload","1.3.3","1.5","Yes","No","No","org.hdiv:insecure-bank:1.0.0","0.0114","N/A"
"CVE-2015-0254","jakarta-taglibs-standard: XXE and RCE via XSL extension in JSTL XML tags","HIGH","performance-test","","pom/pom.xml","N/A","2025-01-30T08:32:00.181Z","Active","javax.servlet:jstl","1.2","-","No","No","No","org.hdiv:insecure-bank:1.0.0","0.2311","N/A"
"CVE-2023-43804","python-urllib3: Cookie request header isn't stripped during cross-origin redirects","HIGH","performance-test","","python/requirements.txt","N/A","2025-01-29T14:03:11.087Z","Active","urllib3","1.26.3","2.0.6, 1.26.17","Yes","No","Yes","-","0.0025","N/A"
"CVE-2022-41853","hsqldb: Untrusted input may lead to RCE attack","CRITICAL","performance-test","","pom/pom.xml","N/A","2025-01-29T14:03:11.087Z","Active","org.hsqldb:hsqldb","2.3.4","2.7.1","Yes","No","No","org.hdiv:insecure-bank:1.0.0","0.0250","N/A"
"CVE-2024-1597","pgjdbc: PostgreSQL JDBC Driver allows attacker to inject SQL if using PreferQueryMode=SIMPLE","CRITICAL","performance-test","","pom/pom.xml","N/A","2025-01-29T14:03:11.087Z","Active","org.postgresql:postgresql","9.2-1004-jdbc4","42.5.5, 42.4.4, 42.3.9, 42.2.28, 42.7.2, 42.6.1","Yes","No","No","org.hdiv:insecure-bank:1.0.0","0.0013","N/A"
"CVE-2018-10936","PostgreSQL: Postgres JDBC driver does not perform host name validation by default","HIGH","performance-test","","pom/pom.xml","N/A","2025-01-30T08:32:00.181Z","Active","org.postgresql:postgresql","9.2-1004-jdbc4","42.2.5","Yes","No","No","org.hdiv:insecure-bank:1.0.0","0.0032","N/A"
"CVE-2022-31197","postgresql: SQL Injection in ResultSet.refreshRow() with malicious column names","HIGH","performance-test","","pom/pom.xml","N/A","2025-01-29T14:03:11.087Z","Active","org.postgresql:postgresql","9.2-1004-jdbc4","42.3.7, 42.4.1, 42.2.26","Yes","No","No","org.hdiv:insecure-bank:1.0.0","0.0012","N/A"
"CVE-2016-5007","spring: Path matching inconsistency","HIGH","performance-test","","pom/pom.xml","N/A","2025-01-30T08:32:00.181Z","Active","org.springframework.security:spring-security-config","4.0.3.RELEASE","4.1.1.RELEASE","Yes","No","No","org.hdiv:insecure-bank:1.0.0","0.0025","N/A"
"CVE-2022-22978","springframework: Authorization Bypass in RegexRequestMatcher","CRITICAL","performance-test","","pom/pom.xml","N/A","2025-01-29T14:03:11.087Z","Active","org.springframework.security:spring-security-core","4.0.3.RELEASE","5.4.11, 5.5.7, 5.6.4","Yes","No","No","org.hdiv:insecure-bank:1.0.0","0.0049","N/A"
"CVE-2016-5007","spring: Path matching inconsistency","HIGH","performance-test","","pom/pom.xml","N/A","2025-01-29T14:03:11.087Z","Active","org.springframework.security:spring-security-core","4.0.3.RELEASE","4.1.1","Yes","No","No","org.hdiv:insecure-bank:1.0.0","0.0025","N/A"
"CVE-2016-9879","Security: Improper handling of path parameters allows bypassing the security constraint","HIGH","performance-test","","pom/pom.xml","N/A","2025-01-29T14:03:11.087Z","Active","org.springframework.security:spring-security-core","4.0.3.RELEASE","4.2.1.RELEASE, 4.1.4.RELEASE, 3.2.10.RELEASE","Yes","No","No","org.hdiv:insecure-bank:1.0.0","0.0012","N/A"
"CVE-2019-11272","spring-security-core: mishandling of user passwords allows logging in with a password of NULL","HIGH","performance-test","","pom/pom.xml","N/A","2025-01-29T14:03:11.087Z","Active","org.springframework.security:spring-security-core","4.0.3.RELEASE","4.2.13","Yes","No","No","org.hdiv:insecure-bank:1.0.0","0.0007","N/A"
"CVE-2024-22257","spring-security: Broken Access Control With Direct Use of AuthenticatedVoter","HIGH","performance-test","","pom/pom.xml","N/A","2025-01-29T14:03:11.087Z","Active","org.springframework.security:spring-security-core","4.0.3.RELEASE","6.2.3, 6.1.8, 5.8.11, 5.7.12","Yes","No","No","org.hdiv:insecure-bank:1.0.0","0.0004","N/A"
"CVE-2022-22978","springframework: Authorization Bypass in RegexRequestMatcher","CRITICAL","performance-test","","pom/pom.xml","N/A","2025-01-29T14:03:11.087Z","Active","org.springframework.security:spring-security-web","4.0.3.RELEASE","5.4.11, 5.6.4, 5.5.7","Yes","No","No","org.hdiv:insecure-bank:1.0.0","0.0049","N/A"
"CVE-2024-38821","Spring-WebFlux: Authorization Bypass of Static Resources in WebFlux Applications","CRITICAL","performance-test","","pom/pom.xml","N/A","2025-01-29T14:03:11.087Z","Active","org.springframework.security:spring-security-web","4.0.3.RELEASE","6.3.4, 6.1.11, 6.0.13, 6.2.7, 5.8.15, 5.7.13","Yes","No","No","org.hdiv:insecure-bank:1.0.0","0.0004","N/A"
"CVE-2016-5007","spring: Path matching inconsistency","HIGH","performance-test","","pom/pom.xml","N/A","2025-01-30T08:32:00.181Z","Active","org.springframework.security:spring-security-web","4.0.3.RELEASE","4.1.1.RELEASE","Yes","No","No","org.hdiv:insecure-bank:1.0.0","0.0025","N/A"
"CVE-2016-9879","Security: Improper handling of path parameters allows bypassing the security constraint","HIGH","performance-test","","pom/pom.xml","N/A","2025-01-30T08:32:00.181Z","Active","org.springframework.security:spring-security-web","4.0.3.RELEASE","3.2.10, 4.1.4, 4.2.1","Yes","No","No","org.hdiv:insecure-bank:1.0.0","0.0012","N/A"
"CVE-2021-22112","jenkins: Privilege escalation vulnerability in bundled Spring Security library","HIGH","performance-test","","pom/pom.xml","N/A","2025-01-29T14:03:11.087Z","Active","org.springframework.security:spring-security-web","4.0.3.RELEASE","5.3.8, 5.4.4, 5.2.9","Yes","No","No","org.hdiv:insecure-bank:1.0.0","0.0027","N/A"
"CVE-2016-1000027","spring: HttpInvokerServiceExporter readRemoteInvocation method untrusted java deserialization","CRITICAL","performance-test","","pom/pom.xml","N/A","2025-01-29T14:03:11.087Z","Active","org.springframework:spring-web","4.2.3.RELEASE","6.0.0","Yes","No","No","org.hdiv:insecure-bank:1.0.0","0.0101","N/A"
"CVE-2018-1272","spring-framework: Multipart content pollution","HIGH","performance-test","","pom/pom.xml","N/A","2025-01-30T08:32:00.181Z","Active","org.springframework:spring-web","4.2.3.RELEASE","5.0.5, 4.3.15","Yes","No","No","org.hdiv:insecure-bank:1.0.0","0.0018","N/A"
"CVE-2018-15756","springframework: DoS Attack via Range Requests","HIGH","performance-test","","pom/pom.xml","N/A","2025-01-30T08:32:00.181Z","Active","org.springframework:spring-web","4.2.3.RELEASE","4.3.20.RELEASE, 5.0.10.RELEASE, 5.1.1.RELEASE","Yes","No","No","org.hdiv:insecure-bank:1.0.0","0.0067","N/A"
"CVE-2024-22243","springframework: URL Parsing with Host Validation","HIGH","performance-test","","pom/pom.xml","N/A","2025-01-29T14:03:11.087Z","Active","org.springframework:spring-web","4.2.3.RELEASE","5.3.32, 6.0.17, 6.1.4","Yes","No","No","org.hdiv:insecure-bank:1.0.0","0.0006","N/A"
"CVE-2024-22259","springframework: URL Parsing with Host Validation","HIGH","performance-test","","pom/pom.xml","N/A","2025-01-29T14:03:11.087Z","Active","org.springframework:spring-web","4.2.3.RELEASE","5.3.33, 6.0.18, 6.1.5","Yes","No","No","org.hdiv:insecure-bank:1.0.0","0.0006","N/A"
"CVE-2024-22262","springframework: URL Parsing with Host Validation","HIGH","performance-test","","pom/pom.xml","N/A","2025-01-29T14:03:11.087Z","Active","org.springframework:spring-web","4.2.3.RELEASE","6.1.6, 6.0.19, 5.3.34","Yes","No","No","org.hdiv:insecure-bank:1.0.0","0.0006","N/A"
"CVE-2022-22965","spring-framework: RCE via Data Binding on JDK 9+","CRITICAL","performance-test","","pom/pom.xml","N/A","2025-01-29T14:03:11.087Z","Active","org.springframework:spring-webmvc","4.2.3.RELEASE","5.2.20.RELEASE, 5.3.18","Yes","No","No","org.hdiv:insecure-bank:1.0.0","0.9744","2022-04-04"
"CVE-2016-5007","spring: Path matching inconsistency","HIGH","performance-test","","pom/pom.xml","N/A","2025-01-30T08:32:00.181Z","Active","org.springframework:spring-webmvc","4.2.3.RELEASE","-","No","No","No","org.hdiv:insecure-bank:1.0.0","0.0025","N/A"
"CVE-2016-9878","Framework: Directory Traversal in the Spring Framework ResourceServlet","HIGH","performance-test","","pom/pom.xml","N/A","2025-01-29T14:03:11.087Z","Active","org.springframework:spring-webmvc","4.2.3.RELEASE","4.3.5, 4.2.9, 3.2.18","Yes","No","No","org.hdiv:insecure-bank:1.0.0","0.0037","N/A"
"CVE-2024-38819","org.springframework:spring-webmvc: Path traversal vulnerability in functional web frameworks","HIGH","performance-test","","pom/pom.xml","N/A","2025-01-29T14:03:11.087Z","Active","org.springframework:spring-webmvc","4.2.3.RELEASE","6.1.14","Yes","No","No","org.hdiv:insecure-bank:1.0.0","0.0004","N/A"
"CVE-2023-30861","flask: Possible disclosure of permanent session cookie due to missing Vary: Cookie header","HIGH","performance-test","","python/requirements.txt","N/A","2025-01-29T14:03:11.087Z","Active","Flask","1.1.2","2.2.5, 2.3.2","Yes","No","Yes","-","0.0023","N/A"
"CVE-2024-6221","Flask-CORS allows the `Access-Control-Allow-Private-Network` CORS header to be set to true by default","HIGH","performance-test","","python/requirements.txt","N/A","2025-01-29T14:03:11.087Z","Active","Flask-Cors","3.0.10","5.0.0, 4.0.2","Yes","No","Yes","-","0.0008","N/A"
"CVE-2024-56326","jinja2: Jinja has a sandbox breakout through indirect reference to format method","HIGH","performance-test","","python/requirements.txt","N/A","2025-01-30T08:32:00.181Z","Active","Jinja2","2.11.2","3.1.5","Yes","No","Yes","-","0.0013","N/A"
"CVE-2022-29217","python-jwt: Key confusion through non-blocklisted public key formats","HIGH","performance-test","","python/requirements.txt","N/A","2025-01-29T14:03:11.087Z","Active","PyJWT","2.3.0","2.4.0","Yes","No","Yes","-","0.0015","N/A"
"CVE-2022-29361","python-Werkzeug: HTTP Request Smuggling","CRITICAL","performance-test","","python/requirements.txt","N/A","2025-01-30T08:32:00.181Z","Active","Werkzeug","1.0.1","2.1.1","Yes","No","Yes","-","0.0010","N/A"
"CVE-2023-25577","python-werkzeug: high resource usage when parsing multipart form data with many fields","HIGH","performance-test","","python/requirements.txt","N/A","2025-01-29T14:03:11.087Z","Active","Werkzeug","1.0.1","2.2.3","Yes","No","Yes","-","0.0023","N/A"
"CVE-2023-46136","python-werkzeug: high resource consumption leading to denial of service","HIGH","performance-test","","python/requirements.txt","N/A","2025-01-30T08:32:00.181Z","Active","Werkzeug","1.0.1","3.0.1, 2.3.8","Yes","No","Yes","-","0.0009","N/A"
"CVE-2023-37920","python-certifi: Removal of e-Tugra root certificate","CRITICAL","performance-test","","python/requirements.txt","N/A","2025-01-30T08:32:00.181Z","Active","certifi","2020.12.5","2023.7.22","Yes","No","Yes","-","0.0014","N/A"
"CVE-2022-23491","python-certifi: untrusted root certificates","HIGH","performance-test","","python/requirements.txt","N/A","2025-01-30T08:32:00.181Z","Active","certifi","2020.12.5","2022.12.07","Yes","No","Yes","-","0.0006","N/A"
"CVE-2023-41419","python-gevent: privilege escalation via a crafted script to the WSGIServer component","CRITICAL","performance-test","","python/requirements.txt","N/A","2025-01-29T14:03:11.087Z","Active","gevent","21.12.0","23.9.0","Yes","No","Yes","-","0.0032","N/A"
"CVE-2024-3651","python-idna: potential DoS via resource consumption via specially crafted inputs to idna.encode()","HIGH","performance-test","","python/requirements.txt","N/A","2025-01-30T08:32:00.181Z","Active","idna","2.10","3.7","Yes","No","Yes","-","0.0005","N/A"
"CVE-2022-42969","py: ReDoS in py library when used with subversion","HIGH","performance-test","","python/requirements.txt","N/A","2025-01-29T14:03:11.087Z","Active","py","1.11.0","-","No","No","Yes","-","0.0161","N/A"
"CVE-2020-8164","rubygem-actionpack: possible strong parameters bypass","HIGH","performance-test","","ruby/gemspec/Gemfile.lock","N/A","2025-01-29T14:03:11.087Z","Active","actionpack","6.0.0","6.0.3.1, 5.2.4.3","Yes","No","No","acl9@3.1.0","0.0021","N/A"
"CVE-2021-22885","rubygem-actionpack: Possible Information Disclosure / Unintended Method Execution in Action Pack","HIGH","performance-test","","ruby/gemspec/Gemfile.lock","N/A","2025-01-29T14:03:11.087Z","Active","actionpack","6.0.0","5.2.4.6, 5.2.6, 6.1.3.2, 6.0.3.7","Yes","No","No","acl9@3.1.0","0.0172","N/A"
"CVE-2021-22902","rails: Possible Denial of Service vulnerability in Action Dispatch","HIGH","performance-test","","ruby/gemspec/Gemfile.lock","N/A","2025-01-29T14:03:11.087Z","Active","actionpack","6.0.0","6.1.3.2, 6.0.3.7","Yes","No","No","acl9@3.1.0","0.0010","N/A"
"CVE-2021-22904","rails: Possible DoS Vulnerability in Action Controller Token Authentication","HIGH","performance-test","","ruby/gemspec/Gemfile.lock","N/A","2025-01-29T14:03:11.087Z","Active","actionpack","6.0.0","5.2.6, 6.1.3.2, 6.0.3.7, 5.2.4.6","Yes","No","No","acl9@3.1.0","0.0014","N/A"
"CVE-2023-22792","rubygem-actionpack: Denial of Service in Action Dispatch","HIGH","performance-test","","ruby/gemspec/Gemfile.lock","N/A","2025-01-29T14:03:11.087Z","Active","actionpack","6.0.0","6.1.7.1, 7.0.4.1, 5.2.8.15","Yes","No","No","acl9@3.1.0","0.0016","N/A"
"CVE-2023-22795","rubygem-actionpack: Denial of Service in Action Dispatch","HIGH","performance-test","","ruby/gemspec/Gemfile.lock","N/A","2025-01-29T14:03:11.087Z","Active","actionpack","6.0.0","6.1.7.1, 7.0.4.1","Yes","No","No","acl9@3.1.0","0.0428","N/A"
"CVE-2022-32224","activerecord: Possible RCE escalation bug with Serialized Columns in Active Record","CRITICAL","performance-test","","ruby/gemspec/Gemfile.lock","N/A","2025-01-29T14:03:11.087Z","Active","activerecord","6.0.0","5.2.8.1, 6.0.5.1, 6.1.6.1, 7.0.3.1","Yes","No","No","acl9@3.1.0","0.0018","N/A"
"CVE-2021-22880","rubygem-activerecord: crafted input may cause a regular expression DoS","HIGH","performance-test","","ruby/gemspec/Gemfile.lock","N/A","2025-01-30T08:32:00.181Z","Active","activerecord","6.0.0","6.0.3.5, 5.2.4.5, 6.1.2.1","Yes","No","No","acl9@3.1.0","0.0079","N/A"
"CVE-2022-44566","rubygem-activerecord: Denial of Service","HIGH","performance-test","","ruby/gemspec/Gemfile.lock","N/A","2025-01-29T14:03:11.087Z","Active","activerecord","6.0.0","6.1.7.1, 7.0.4.1","Yes","No","No","acl9@3.1.0","0.0007","N/A"
"CVE-2023-22794","rubygem-activerecord: SQL Injection","HIGH","performance-test","","ruby/gemspec/Gemfile.lock","N/A","2025-01-29T14:03:11.087Z","Active","activerecord","6.0.0","6.1.7.1, 6.0.6.1, 7.0.4.1","Yes","No","No","acl9@3.1.0","0.0027","N/A"
"CVE-2022-21831","rubygem-activestorage: Code injection vulnerability in ActiveStorage","CRITICAL","performance-test","","ruby/gemspec/Gemfile.lock","N/A","2025-01-29T14:03:11.087Z","Active","activestorage","6.0.0","7.0.2.3, 6.1.4.7, 6.0.4.7, 5.2.6.3","Yes","No","No","acl9@3.1.0","0.0101","N/A"
"CVE-2020-8162","rubygem-activestorage: circumvention of file size limits in ActiveStorage","HIGH","performance-test","","ruby/gemspec/Gemfile.lock","N/A","2025-01-29T14:03:11.087Z","Active","activestorage","6.0.0","6.0.3.1, 5.2.4.3","Yes","No","No","acl9@3.1.0","0.0009","N/A"
"CVE-2020-8165","rubygem-activesupport: potentially unintended unmarshalling of user-provided objects in MemCacheStore and RedisCacheStore","CRITICAL","performance-test","","ruby/gemspec/Gemfile.lock","N/A","2025-01-29T14:03:11.087Z","Active","activesupport","6.0.0","6.0.3.1, 5.2.4.3","Yes","No","No","acl9@3.1.0","0.3583","N/A"
"CVE-2023-22796","rubygem-activesupport: Regular Expression Denial of Service","HIGH","performance-test","","ruby/gemspec/Gemfile.lock","N/A","2025-01-29T14:03:11.087Z","Active","activesupport","6.0.0","6.1.7.1, 7.0.4.1","Yes","No","No","acl9@3.1.0","0.0016","N/A"
"CVE-2023-22799","rubygem-globalid: ReDoS vulnerability","HIGH","performance-test","","ruby/gemspec/Gemfile.lock","N/A","2025-01-29T14:03:11.087Z","Active","globalid","0.4.2","1.0.1","Yes","No","No","acl9@3.1.0","0.0009","N/A"
"CVE-2022-23514","rubygem-loofah: inefficient regular expression leading to denial of service","HIGH","performance-test","","ruby/gemspec/Gemfile.lock","N/A","2025-01-29T14:03:11.087Z","Active","loofah","2.2.3","2.19.1","Yes","No","No","acl9@3.1.0","0.0012","N/A"
"CVE-2022-23516","rubygem-loofah: Uncontrolled Recursion leading to denial of service","HIGH","performance-test","","ruby/gemspec/Gemfile.lock","N/A","2025-01-29T14:03:11.087Z","Active","loofah","2.2.3","2.19.1","Yes","No","No","acl9@3.1.0","0.0009","N/A"
"CVE-2018-25032","zlib: A flaw found in zlib when compressing (not decompressing) certain inputs","HIGH","performance-test","","ruby/gemspec/Gemfile.lock","N/A","2025-01-29T14:03:11.087Z","Active","nokogiri","1.10.4","1.13.4","Yes","No","No","acl9@3.1.0","0.0048","N/A"
"CVE-2019-18197","libxslt: use after free in xsltCopyText in transform.c could lead to information disclosure","HIGH","performance-test","","ruby/gemspec/Gemfile.lock","N/A","2025-01-29T14:03:11.087Z","Active","nokogiri","1.10.4","1.10.5","Yes","No","No","acl9@3.1.0","0.0074","N/A"
"GHSA-7rrm-v45f-jp64","Update packaged dependency libxml2 from 2.9.10 to 2.9.12","HIGH","performance-test","","ruby/gemspec/Gemfile.lock","N/A","2025-01-29T14:03:11.087Z","Active","nokogiri","1.10.4",">=1.11.4","Yes","No","No","acl9@3.1.0","N/A","N/A"
"CVE-2019-5815","chromium-browser: Heap buffer overflow in Blink","HIGH","performance-test","","ruby/gemspec/Gemfile.lock","N/A","2025-01-29T14:03:11.087Z","Active","nokogiri","1.10.4","1.10.5","Yes","No","No","acl9@3.1.0","0.0029","N/A"
"CVE-2020-7595","libxml2: infinite loop in xmlStringLenDecodeEntities in some end-of-file situations","HIGH","performance-test","","ruby/gemspec/Gemfile.lock","N/A","2025-01-29T14:03:11.087Z","Active","nokogiri","1.10.4","1.10.8","Yes","No","No","acl9@3.1.0","0.0032","N/A"
"CVE-2021-30560","Security update for libxslt","HIGH","performance-test","","ruby/gemspec/Gemfile.lock","N/A","2025-01-29T14:03:11.087Z","Active","nokogiri","1.10.4","1.13.2","Yes","No","No","acl9@3.1.0","0.0039","N/A"
"CVE-2021-3517","libxml2: Heap-based buffer overflow in xmlEncodeEntitiesInternal() in entities.c","HIGH","performance-test","","ruby/gemspec/Gemfile.lock","N/A","2025-01-29T14:03:11.087Z","Active","nokogiri","1.10.4","1.11.4","Yes","No","No","acl9@3.1.0","0.0124","N/A"
"CVE-2021-3518","libxml2: Use-after-free in xmlXIncludeDoProcess() in xinclude.c","HIGH","performance-test","","ruby/gemspec/Gemfile.lock","N/A","2025-01-29T14:03:11.087Z","Active","nokogiri","1.10.4","1.11.4","Yes","No","No","acl9@3.1.0","0.0064","N/A"
"CVE-2021-41098","rubygem-nokogiri: XEE on JRuby","HIGH","performance-test","","ruby/gemspec/Gemfile.lock","N/A","2025-01-29T14:03:11.087Z","Active","nokogiri","1.10.4","1.12.5","Yes","No","No","acl9@3.1.0","0.0013","N/A"
"CVE-2022-24836","nokogiri: ReDoS in HTML encoding detection","HIGH","performance-test","","ruby/gemspec/Gemfile.lock","N/A","2025-01-29T14:03:11.087Z","Active","nokogiri","1.10.4","1.13.4","Yes","No","No","acl9@3.1.0","0.0169","N/A"
"CVE-2022-24839","nokogiri: Uncontrolled Resource Consumption in org.cyberneko.html (nokogiri fork)","HIGH","performance-test","","ruby/gemspec/Gemfile.lock","N/A","2025-01-29T14:03:11.087Z","Active","nokogiri","1.10.4",">=1.13.4","Yes","No","No","acl9@3.1.0","0.0028","N/A"
"CVE-2022-29181","rubygem-nokogiri: Improper Handling of Unexpected Data Type in Nokogiri","HIGH","performance-test","","ruby/gemspec/Gemfile.lock","N/A","2025-01-29T14:03:11.087Z","Active","nokogiri","1.10.4","1.13.6","Yes","No","No","acl9@3.1.0","0.0033","N/A"
"CVE-2022-34169","OpenJDK: integer truncation issue in Xalan-J (JAXP, 8285407)","HIGH","performance-test","","ruby/gemspec/Gemfile.lock","N/A","2025-01-30T08:32:00.181Z","Active","nokogiri","1.10.4","1.15.0","Yes","No","No","acl9@3.1.0","0.0039","N/A"
"GHSA-cgx6-hpwq-fhv5","Integer Overflow or Wraparound in libxml2 affects Nokogiri","HIGH","performance-test","","ruby/gemspec/Gemfile.lock","N/A","2025-01-29T14:03:11.087Z","Active","nokogiri","1.10.4",">=1.13.5","Yes","No","No","acl9@3.1.0","N/A","N/A"
"GHSA-fq42-c5rg-92c2","Vulnerable dependencies in Nokogiri","HIGH","performance-test","","ruby/gemspec/Gemfile.lock","N/A","2025-01-29T14:03:11.087Z","Active","nokogiri","1.10.4","1.13.2","Yes","No","No","acl9@3.1.0","N/A","N/A"
"GHSA-gx8x-g87m-h5q6","Denial of Service (DoS) in Nokogiri on JRuby","HIGH","performance-test","","ruby/gemspec/Gemfile.lock","N/A","2025-01-29T14:03:11.087Z","Active","nokogiri","1.10.4","1.13.4","Yes","No","No","acl9@3.1.0","N/A","N/A"
"GHSA-v6gp-9mmm-c6p5","Out-of-bounds Write in zlib affects Nokogiri","HIGH","performance-test","","ruby/gemspec/Gemfile.lock","N/A","2025-01-29T14:03:11.087Z","Active","nokogiri","1.10.4","1.13.4","Yes","No","No","acl9@3.1.0","N/A","N/A"
"CVE-2022-30123","rubygem-rack: crafted requests can cause shell escape sequences","CRITICAL","performance-test","","ruby/gemspec/Gemfile.lock","N/A","2025-01-29T14:03:11.087Z","Active","rack","2.0.7","2.2.3.1, 2.1.4.1, 2.0.9.1","Yes","No","No","acl9@3.1.0","0.0092","N/A"
"CVE-2020-8161","rubygem-rack: directory traversal in Rack::Directory","HIGH","performance-test","","ruby/gemspec/Gemfile.lock","N/A","2025-01-29T14:03:11.087Z","Active","rack","2.0.7","2.2.0","Yes","No","No","acl9@3.1.0","0.0027","N/A"
"CVE-2020-8184","rubygem-rack: percent-encoded cookies can be used to overwrite existing prefixed cookie names","HIGH","performance-test","","ruby/gemspec/Gemfile.lock","N/A","2025-01-29T14:03:11.087Z","Active","rack","2.0.7","2.1.4, 2.2.3","Yes","No","No","acl9@3.1.0","0.0030","N/A"
"CVE-2022-30122","rubygem-rack: crafted multipart POST request may cause a DoS","HIGH","performance-test","","ruby/gemspec/Gemfile.lock","N/A","2025-01-29T14:03:11.087Z","Active","rack","2.0.7","2.1.4.1, 2.0.9.1, 2.2.3.1","Yes","No","No","acl9@3.1.0","0.0020","N/A"
"CVE-2022-44570","rubygem-rack: denial of service in Content-Disposition parsing","HIGH","performance-test","","ruby/gemspec/Gemfile.lock","N/A","2025-01-29T14:03:11.087Z","Active","rack","2.0.7","2.1.4.2, 3.0.4.1, 2.2.6.1, 2.0.9.2","Yes","No","No","acl9@3.1.0","0.0015","N/A"
"CVE-2022-44571","rubygem-rack: denial of service in Content-Disposition parsing","HIGH","performance-test","","ruby/gemspec/Gemfile.lock","N/A","2025-01-29T14:03:11.087Z","Active","rack","2.0.7","2.1.4.2, 2.2.6.1, 3.0.4.1, 2.0.9.2","Yes","No","No","acl9@3.1.0","0.0015","N/A"
"CVE-2022-44572","rubygem-rack: denial of service in Content-Disposition parsing","HIGH","performance-test","","ruby/gemspec/Gemfile.lock","N/A","2025-01-29T14:03:11.087Z","Active","rack","2.0.7","2.2.4.1, 2.1.4.2, 2.0.9.2","Yes","No","No","acl9@3.1.0","0.0012","N/A"
"CVE-2020-8165","rubygem-activesupport: potentially unintended unmarshalling of user-provided objects in MemCacheStore and RedisCacheStore","CRITICAL","performance-test","","ruby/gemspec/Gemfile.lock","N/A","2025-01-30T08:32:00.181Z","Active","rails","6.0.0","6.0.3.1, 5.2.4.3","Yes","No","No","acl9@3.1.0","0.3583","N/A"
"CVE-2020-8162","rubygem-activestorage: circumvention of file size limits in ActiveStorage","HIGH","performance-test","","ruby/gemspec/Gemfile.lock","N/A","2025-01-30T08:32:00.181Z","Active","rails","6.0.0","6.0.3.1, 5.2.4.2","Yes","No","No","acl9@3.1.0","0.0009","N/A"
"CVE-2020-8164","rubygem-actionpack: possible strong parameters bypass","HIGH","performance-test","","ruby/gemspec/Gemfile.lock","N/A","2025-01-30T08:32:00.181Z","Active","rails","6.0.0","5.2.4.3, 6.0.3.1","Yes","No","No","acl9@3.1.0","0.0021","N/A"
"CVE-2021-22880","rubygem-activerecord: crafted input may cause a regular expression DoS","HIGH","performance-test","","ruby/gemspec/Gemfile.lock","N/A","2025-01-30T08:32:00.181Z","Active","rails","6.0.0","6.1.2.1, 6.0.3.5, 5.2.4.5","Yes","No","No","acl9@3.1.0","0.0079","N/A"
"CVE-2021-22885","rubygem-actionpack: Possible Information Disclosure / Unintended Method Execution in Action Pack","HIGH","performance-test","","ruby/gemspec/Gemfile.lock","N/A","2025-01-30T08:32:00.181Z","Active","rails","6.0.0","5.2.4.6, 6.0.3.7, 6.1.3.1","Yes","No","No","acl9@3.1.0","0.0172","N/A"
"CVE-2021-22902","rails: Possible Denial of Service vulnerability in Action Dispatch","HIGH","performance-test","","ruby/gemspec/Gemfile.lock","N/A","2025-01-30T08:32:00.181Z","Active","rails","6.0.0","6.0.3.7, 6.1.0.2","Yes","No","No","acl9@3.1.0","0.0010","N/A"
"CVE-2021-22904","rails: Possible DoS Vulnerability in Action Controller Token Authentication","HIGH","performance-test","","ruby/gemspec/Gemfile.lock","N/A","2025-01-30T08:32:00.181Z","Active","rails","6.0.0","5.2.6, 6.0.3.7, 6.1.3.2, 5.2.4.6","Yes","No","No","acl9@3.1.0","0.0014","N/A"
"CVE-2023-22792","rubygem-actionpack: Denial of Service in Action Dispatch","HIGH","performance-test","","ruby/gemspec/Gemfile.lock","N/A","2025-01-30T08:32:00.181Z","Active","rails","6.0.0","7.0.4.1, 6.1.7.1, 6.0.6.1","Yes","No","No","acl9@3.1.0","0.0016","N/A"
"CVE-2023-22795","rubygem-actionpack: Denial of Service in Action Dispatch","HIGH","performance-test","","ruby/gemspec/Gemfile.lock","N/A","2025-01-30T08:32:00.181Z","Active","rails","6.0.0","6.1.7.1, 7.0.4.1","Yes","No","No","acl9@3.1.0","0.0428","N/A"
"CVE-2022-23517","rubygem-rails-html-sanitizer: Inefficient Regular Expression leading to denial of service","HIGH","performance-test","","ruby/gemspec/Gemfile.lock","N/A","2025-01-29T14:03:11.087Z","Active","rails-html-sanitizer","1.2.0","1.4.4","Yes","No","No","acl9@3.1.0","0.0015","N/A"
"CVE-2022-31163","rubygem-tzinfo: arbitrary code execution","HIGH","performance-test","","ruby/gemspec/Gemfile.lock","N/A","2025-01-29T14:03:11.087Z","Active","tzinfo","1.2.5","1.2.10, 0.3.61","Yes","No","No","acl9@3.1.0","0.0030","N/A"
"CVE-2020-7662","npmjs-websocket-extensions: ReDoS vulnerability in Sec-WebSocket-Extensions parser","HIGH","performance-test","","ruby/gemspec/Gemfile.lock","N/A","2025-01-30T08:32:00.181Z","Active","websocket-extensions","0.1.4","0.1.5","Yes","No","No","acl9@3.1.0","0.0033","N/A"
"CVE-2022-22965","spring-framework: RCE via Data Binding on JDK 9+","CRITICAL","package-test","","docker-java/pom.xml","N/A","2025-01-29T16:13:01.351Z","Active","org.springframework:spring-webmvc","5.0.8.RELEASE","5.2.20.RELEASE, 5.3.18","Yes","No","No","org.springframework.boot:spring-boot-starter-web:2.0.4.RELEASE","N/A","N/A"
"CVE-2019-17531","jackson-databind: Serialization gadgets in org.apache.log4j.receivers.db.*","CRITICAL","package-test","","docker-java/pom.xml","N/A","2025-01-29T16:13:01.351Z","Active","com.fasterxml.jackson.core:jackson-databind","2.9.6","2.9.10.1, 2.8.11.5, 2.6.7.3","Yes","No","No","org.springframework.boot:spring-boot-starter-web:2.0.4.RELEASE","N/A","N/A"
"CVE-2019-20330","jackson-databind: lacks certain net.sf.ehcache blocking","CRITICAL","package-test","","docker-java/pom.xml","N/A","2025-01-29T16:13:01.351Z","Active","com.fasterxml.jackson.core:jackson-databind","2.9.6","2.6.7.4, 2.7.9.7, 2.8.11.5, 2.9.10.2","Yes","No","No","org.springframework.boot:spring-boot-starter-web:2.0.4.RELEASE","N/A","N/A"
"CVE-2021-25329","tomcat: Incomplete fix for CVE-2020-9484 (RCE via session persistence)","HIGH","package-test","","docker-java/pom.xml","N/A","2025-01-29T16:13:01.351Z","Active","org.apache.tomcat.embed:tomcat-embed-core","8.5.32","10.0.2, 9.0.41, 8.5.61, 7.0.108","Yes","No","No","org.springframework.boot:spring-boot-starter-web:2.0.4.RELEASE","N/A","N/A"
"CVE-2022-22965","spring-framework: RCE via Data Binding on JDK 9+","CRITICAL","package-test","","docker-java/pom.xml","N/A","2025-01-29T16:13:01.351Z","Active","org.springframework.boot:spring-boot-starter-web","2.0.4.RELEASE","2.5.12, 2.6.6","Yes","No","Yes","-","N/A","N/A"
"CVE-2022-22965","spring-framework: RCE via Data Binding on JDK 9+","CRITICAL","package-test","","docker-java/pom.xml","N/A","2025-01-29T16:13:01.351Z","Active","org.springframework:spring-beans","5.0.8.RELEASE","5.2.20.RELEASE, 5.3.18","Yes","No","No","org.springframework.boot:spring-boot-starter-web:2.0.4.RELEASE","N/A","N/A"
"CVE-2018-14719","jackson-databind: arbitrary code execution in blaze-ds-opt and blaze-ds-core classes","CRITICAL","package-test","","docker-java/pom.xml","N/A","2025-01-29T16:13:01.351Z","Active","com.fasterxml.jackson.core:jackson-databind","2.9.6","2.9.7, 2.8.11.3, 2.7.9.5","Yes","No","No","org.springframework.boot:spring-boot-starter-web:2.0.4.RELEASE","N/A","N/A"
"CVE-2018-14720","jackson-databind: exfiltration/XXE in some JDK classes","CRITICAL","package-test","","docker-java/pom.xml","N/A","2025-01-29T16:13:01.351Z","Active","com.fasterxml.jackson.core:jackson-databind","2.9.6","2.9.7, 2.8.11.3, 2.7.9.5","Yes","No","No","org.springframework.boot:spring-boot-starter-web:2.0.4.RELEASE","N/A","N/A"
"CVE-2018-14721","jackson-databind: server-side request forgery (SSRF) in axis2-jaxws class","CRITICAL","package-test","","docker-java/pom.xml","N/A","2025-01-29T16:13:01.351Z","Active","com.fasterxml.jackson.core:jackson-databind","2.9.6","2.9.7, 2.8.11.3, 2.7.9.5","Yes","No","No","org.springframework.boot:spring-boot-starter-web:2.0.4.RELEASE","N/A","N/A"
"CVE-2024-45590","body-parser: Denial of Service Vulnerability in body-parser","HIGH","package-test","","Aqua-Lockfiles-3328976999/npmLockfiles-3145566470/docker-image-shift-left-package.json-564708683/package.json","N/A","2025-01-29T16:13:01.351Z","Active","body-parser","1.19.0","1.20.3","Yes","No","No","@argonsecurity/express-server@1.10.3","N/A","N/A"
"CVE-2022-24434","dicer: nodejs service crash by sending a crafted payload","HIGH","package-test","","Aqua-Lockfiles-3328976999/npmLockfiles-3145566470/docker-image-shift-left-package.json-564708683/package.json","N/A","2025-01-29T16:13:01.351Z","Active","dicer","0.2.5","-","No","No","No","@argonsecurity/express-server@1.10.3","N/A","N/A"
"CVE-2022-23539","jsonwebtoken: Unrestricted key type could lead to legacy keys usagen","HIGH","package-test","","Aqua-Lockfiles-3328976999/npmLockfiles-3145566470/docker-image-shift-left-package.json-564708683/package.json","N/A","2025-01-29T16:13:01.351Z","Active","jsonwebtoken","8.5.1","9.0.0","Yes","No","No","@argonsecurity/express-server@1.10.3","N/A","N/A"
"CVE-2020-8203","nodejs-lodash: prototype pollution in zipObjectDeep function","HIGH","package-test","","Aqua-Lockfiles-3328976999/npmLockfiles-3145566470/docker-image-shift-left-package.json-564708683/package.json","N/A","2025-01-29T16:13:01.351Z","Active","lodash.pick","4.4.0","-","No","No","No","@argonsecurity/express-server@1.10.3","N/A","N/A"
"CVE-2022-24785","Moment.js: Path traversal  in moment.locale","HIGH","package-test","","Aqua-Lockfiles-3328976999/npmLockfiles-3145566470/docker-image-shift-left-package.json-564708683/package.json","N/A","2025-01-29T16:13:01.351Z","Active","moment","2.29.1","2.29.2","Yes","No","No","@argonsecurity/entities-publisher@1.7.27","N/A","N/A"
"CVE-2022-31129","moment: inefficient parsing algorithm resulting in DoS","HIGH","package-test","","Aqua-Lockfiles-3328976999/npmLockfiles-3145566470/docker-image-shift-left-package.json-564708683/package.json","N/A","2025-01-29T16:13:01.351Z","Active","moment","2.29.1","2.29.4","Yes","No","No","@argonsecurity/entities-publisher@1.7.27","N/A","N/A"
"CVE-2024-45296","path-to-regexp: Backtracking regular expressions cause ReDoS","HIGH","package-test","","Aqua-Lockfiles-3328976999/npmLockfiles-3145566470/docker-image-shift-left-package.json-564708683/package.json","N/A","2025-01-29T16:13:01.351Z","Active","path-to-regexp","0.1.7","1.9.0, 0.1.10, 8.0.0, 3.3.0, 6.3.0","Yes","No","No","@argonsecurity/express-server@1.10.3","N/A","N/A"
"CVE-2024-52798","path-to-regexp: path-to-regexp Unpatched `path-to-regexp` ReDoS in 0.1.x","HIGH","package-test","","Aqua-Lockfiles-3328976999/npmLockfiles-3145566470/docker-image-shift-left-package.json-564708683/package.json","N/A","2025-01-29T16:13:01.351Z","Active","path-to-regexp","0.1.7","0.1.12","Yes","No","No","@argonsecurity/express-server@1.10.3","N/A","N/A"
"CVE-2022-24999","express: ""qs"" prototype poisoning causes the hang of the node process","HIGH","package-test","","Aqua-Lockfiles-3328976999/npmLockfiles-3145566470/docker-image-shift-left-package.json-564708683/package.json","N/A","2025-01-29T16:13:01.351Z","Active","qs","6.7.0","6.10.3, 6.9.7, 6.8.3, 6.7.3, 6.6.1, 6.5.3, 6.4.1, 6.3.3, 6.2.4","Yes","No","No","@argonsecurity/express-server@1.10.3","N/A","N/A"
"CVE-2024-45590","body-parser: Denial of Service Vulnerability in body-parser","HIGH","package-test","","Aqua-Lockfiles-3328976999/npmLockfiles-3145566470/go-app-test-files-dependency-package.json-380912987/package.json","N/A","2025-01-29T16:13:01.351Z","Active","body-parser","1.19.0","1.20.3","Yes","No","No","@argonsecurity/express-server@1.10.3","N/A","N/A"
"CVE-2022-24434","dicer: nodejs service crash by sending a crafted payload","HIGH","package-test","","Aqua-Lockfiles-3328976999/npmLockfiles-3145566470/go-app-test-files-dependency-package.json-380912987/package.json","N/A","2025-01-29T16:13:01.351Z","Active","dicer","0.2.5","-","No","No","No","@argonsecurity/express-server@1.10.3","N/A","N/A"
"CVE-2022-23539","jsonwebtoken: Unrestricted key type could lead to legacy keys usagen","HIGH","package-test","","Aqua-Lockfiles-3328976999/npmLockfiles-3145566470/go-app-test-files-dependency-package.json-380912987/package.json","N/A","2025-01-29T16:13:01.351Z","Active","jsonwebtoken","8.5.1","9.0.0","Yes","No","No","@argonsecurity/express-server@1.10.3","N/A","N/A"
"CVE-2020-8203","nodejs-lodash: prototype pollution in zipObjectDeep function","HIGH","package-test","","Aqua-Lockfiles-3328976999/npmLockfiles-3145566470/go-app-test-files-dependency-package.json-380912987/package.json","N/A","2025-01-29T16:13:01.351Z","Active","lodash.pick","4.4.0","-","No","No","No","@argonsecurity/express-server@1.10.3","N/A","N/A"
"CVE-2024-45296","path-to-regexp: Backtracking regular expressions cause ReDoS","HIGH","package-test","","Aqua-Lockfiles-3328976999/npmLockfiles-3145566470/go-app-test-files-dependency-package.json-380912987/package.json","N/A","2025-01-29T16:13:01.351Z","Active","path-to-regexp","0.1.7","1.9.0, 0.1.10, 8.0.0, 3.3.0, 6.3.0","Yes","No","No","@argonsecurity/express-server@1.10.3","N/A","N/A"
"CVE-2024-52798","path-to-regexp: path-to-regexp Unpatched `path-to-regexp` ReDoS in 0.1.x","HIGH","package-test","","Aqua-Lockfiles-3328976999/npmLockfiles-3145566470/go-app-test-files-dependency-package.json-380912987/package.json","N/A","2025-01-29T16:13:01.351Z","Active","path-to-regexp","0.1.7","0.1.12","Yes","No","No","@argonsecurity/express-server@1.10.3","N/A","N/A"
"CVE-2018-19360","jackson-databind: improper polymorphic deserialization in axis2-transport-jms class","CRITICAL","package-test","","docker-java/pom.xml","N/A","2025-01-29T16:13:01.351Z","Active","com.fasterxml.jackson.core:jackson-databind","2.9.6","2.9.8, 2.8.11.3, 2.7.9.5","Yes","No","No","org.springframework.boot:spring-boot-starter-web:2.0.4.RELEASE","N/A","N/A"
"CVE-2022-24999","express: ""qs"" prototype poisoning causes the hang of the node process","HIGH","package-test","","Aqua-Lockfiles-3328976999/npmLockfiles-3145566470/go-app-test-files-dependency-package.json-380912987/package.json","N/A","2025-01-29T16:13:01.351Z","Active","qs","6.7.0","6.10.3, 6.9.7, 6.8.3, 6.7.3, 6.6.1, 6.5.3, 6.4.1, 6.3.3, 6.2.4","Yes","No","No","@argonsecurity/express-server@1.10.3","N/A","N/A"
"CVE-2021-29469","Node-redis is a Node.js Redis client. Before version 3.1.1, when a cli ...","HIGH","package-test","","Aqua-Lockfiles-3328976999/npmLockfiles-3145566470/redis-package.json-2422890913/package.json","N/A","2025-01-29T16:13:01.351Z","Active","redis","3.0.2","3.1.1","Yes","No","Yes","-","N/A","N/A"
"CVE-2024-45590","body-parser: Denial of Service Vulnerability in body-parser","HIGH","package-test","","Aqua-Lockfiles-3388044841/npmLockfiles-1831362085/docker-image-shift-left-package.json-1996470352/package.json","N/A","2025-01-29T16:13:01.351Z","Active","body-parser","1.19.0","1.20.3","Yes","No","No","@argonsecurity/express-server@1.10.3","N/A","N/A"
"CVE-2022-24434","dicer: nodejs service crash by sending a crafted payload","HIGH","package-test","","Aqua-Lockfiles-3388044841/npmLockfiles-1831362085/docker-image-shift-left-package.json-1996470352/package.json","N/A","2025-01-29T16:13:01.351Z","Active","dicer","0.2.5","-","No","No","No","@argonsecurity/express-server@1.10.3","N/A","N/A"
"CVE-2022-23539","jsonwebtoken: Unrestricted key type could lead to legacy keys usagen","HIGH","package-test","","Aqua-Lockfiles-3388044841/npmLockfiles-1831362085/docker-image-shift-left-package.json-1996470352/package.json","N/A","2025-01-29T16:13:01.351Z","Active","jsonwebtoken","8.5.1","9.0.0","Yes","No","No","@argonsecurity/express-server@1.10.3","N/A","N/A"
"CVE-2020-8203","nodejs-lodash: prototype pollution in zipObjectDeep function","HIGH","package-test","","Aqua-Lockfiles-3388044841/npmLockfiles-1831362085/docker-image-shift-left-package.json-1996470352/package.json","N/A","2025-01-29T16:13:01.351Z","Active","lodash.pick","4.4.0","-","No","No","No","@argonsecurity/express-server@1.10.3","N/A","N/A"
"CVE-2022-24785","Moment.js: Path traversal  in moment.locale","HIGH","package-test","","Aqua-Lockfiles-3388044841/npmLockfiles-1831362085/docker-image-shift-left-package.json-1996470352/package.json","N/A","2025-01-29T16:13:01.351Z","Active","moment","2.29.1","2.29.2","Yes","No","No","@argonsecurity/entities-publisher@1.7.27","N/A","N/A"
"CVE-2022-31129","moment: inefficient parsing algorithm resulting in DoS","HIGH","package-test","","Aqua-Lockfiles-3388044841/npmLockfiles-1831362085/docker-image-shift-left-package.json-1996470352/package.json","N/A","2025-01-29T16:13:01.351Z","Active","moment","2.29.1","2.29.4","Yes","No","No","@argonsecurity/entities-publisher@1.7.27","N/A","N/A"
"CVE-2024-45296","path-to-regexp: Backtracking regular expressions cause ReDoS","HIGH","package-test","","Aqua-Lockfiles-3388044841/npmLockfiles-1831362085/docker-image-shift-left-package.json-1996470352/package.json","N/A","2025-01-29T16:13:01.351Z","Active","path-to-regexp","0.1.7","1.9.0, 0.1.10, 8.0.0, 3.3.0, 6.3.0","Yes","No","No","@argonsecurity/express-server@1.10.3","N/A","N/A"
"CVE-2024-52798","path-to-regexp: path-to-regexp Unpatched `path-to-regexp` ReDoS in 0.1.x","HIGH","package-test","","Aqua-Lockfiles-3388044841/npmLockfiles-1831362085/docker-image-shift-left-package.json-1996470352/package.json","N/A","2025-01-29T16:13:01.351Z","Active","path-to-regexp","0.1.7","0.1.12","Yes","No","No","@argonsecurity/express-server@1.10.3","N/A","N/A"
"CVE-2022-24999","express: ""qs"" prototype poisoning causes the hang of the node process","HIGH","package-test","","Aqua-Lockfiles-3388044841/npmLockfiles-1831362085/docker-image-shift-left-package.json-1996470352/package.json","N/A","2025-01-29T16:13:01.351Z","Active","qs","6.7.0","6.10.3, 6.9.7, 6.8.3, 6.7.3, 6.6.1, 6.5.3, 6.4.1, 6.3.3, 6.2.4","Yes","No","No","@argonsecurity/express-server@1.10.3","N/A","N/A"
"CVE-2020-36604","hapi/hoek: Prototype Pollution in @hapi/hoek","HIGH","package-test","","GE/package.json","17","2025-02-04T07:46:51.273Z","Active","hoek","2.16.3","-","No","No","No","firebase@3.9.0","N/A","N/A"
"CVE-2022-23539","jsonwebtoken: Unrestricted key type could lead to legacy keys usagen","HIGH","package-test","","GE/package.json","17","2025-02-04T07:46:51.273Z","Active","jsonwebtoken","7.4.3","9.0.0","Yes","No","No","firebase@3.9.0","N/A","N/A"
"CVE-2024-25062","libxml2: use-after-free in XMLReader","HIGH","package-test","","conan-cves-test/conan.lock","N/A","2025-01-29T16:13:01.351Z","Active","libxml2","2.11.6","2.11.7, 2.12.5","Yes","No","No","-","N/A","N/A"
"CVE-2023-0464","openssl: Denial of service by excessive resource usage in verifying X509 policy constraints","HIGH","package-test","","conan-cves-test/conan.lock","N/A","2025-01-29T16:13:01.351Z","Active","openssl","3.1.0","1.1.1w, 3.0.12, 3.1.3","Yes","No","No","-","N/A","N/A"
"CVE-2023-4807","openssl: POLY1305 MAC implementation corrupts XMM registers on Windows","HIGH","package-test","","conan-cves-test/conan.lock","N/A","2025-01-29T16:13:01.351Z","Active","openssl","3.1.0","1.1.1w","Yes","No","No","-","N/A","N/A"
"CVE-2023-5363","openssl: Incorrect cipher key and IV length processing","HIGH","package-test","","conan-cves-test/conan.lock","N/A","2025-01-29T16:13:01.351Z","Active","openssl","3.1.0","3.0.12, 3.1.4","Yes","No","No","-","N/A","N/A"
"CVE-2022-35737","sqlite: an array-bounds overflow if billions of bytes are used in a string argument to a C API","HIGH","package-test","","conan-cves-test/conan.lock","N/A","2025-01-29T16:13:01.351Z","Active","sqlite3","3.38.5","3.39.2","Yes","No","No","-","N/A","N/A"
"CVE-2021-3749","nodejs-axios: Regular expression denial of service in trim function","HIGH","package-test","","docker-image/package.json","25","2025-01-29T16:13:01.351Z","Active","axios","0.21.1","0.21.2","Yes","No","No","@argonsecurity/http@1.8.4,@argonsecurity/express-server@1.8.4","N/A","N/A"
"CVE-2024-45590","body-parser: Denial of Service Vulnerability in body-parser","HIGH","package-test","","docker-image/package.json","24","2025-01-29T16:13:01.351Z","Active","body-parser","1.19.0","1.20.3","Yes","No","No","@argonsecurity/express-server@1.8.4","N/A","N/A"
"CVE-2022-0155","follow-redirects: Exposure of Private Personal Information to an Unauthorized Actor","HIGH","package-test","","docker-image/package.json","25","2025-01-29T16:13:01.351Z","Active","follow-redirects","1.14.2","1.14.7","Yes","No","No","@argonsecurity/http@1.8.4,@argonsecurity/express-server@1.8.4","N/A","N/A"
"CVE-2018-19361","jackson-databind: improper polymorphic deserialization in openjpa class","CRITICAL","package-test","","docker-java/pom.xml","N/A","2025-01-29T16:13:01.351Z","Active","com.fasterxml.jackson.core:jackson-databind","2.9.6","2.7.9.5, 2.9.8, 2.8.11.3","Yes","No","No","org.springframework.boot:spring-boot-starter-web:2.0.4.RELEASE","N/A","N/A"
"CVE-2022-23539","jsonwebtoken: Unrestricted key type could lead to legacy keys usagen","HIGH","package-test","","docker-image/package.json","24","2025-01-29T16:13:01.351Z","Active","jsonwebtoken","8.5.1","9.0.0","Yes","No","No","@argonsecurity/express-server@1.8.4","N/A","N/A"
"CVE-2020-8203","nodejs-lodash: prototype pollution in zipObjectDeep function","HIGH","package-test","","docker-image/package.json","24","2025-01-29T16:13:01.351Z","Active","lodash.set","4.3.2","-","No","No","No","@argonsecurity/express-server@1.8.4","N/A","N/A"
"CVE-2022-24785","Moment.js: Path traversal  in moment.locale","HIGH","package-test","","docker-image/package.json","23","2025-01-29T16:13:01.351Z","Active","moment","2.29.1","2.29.2","Yes","No","No","@argonsecurity/entities-publisher@1.7.9","N/A","N/A"
"CVE-2022-31129","moment: inefficient parsing algorithm resulting in DoS","HIGH","package-test","","docker-image/package.json","23","2025-01-29T16:13:01.351Z","Active","moment","2.29.1","2.29.4","Yes","No","No","@argonsecurity/entities-publisher@1.7.9","N/A","N/A"
"CVE-2024-45296","path-to-regexp: Backtracking regular expressions cause ReDoS","HIGH","package-test","","docker-image/package.json","24","2025-01-29T16:13:01.351Z","Active","path-to-regexp","0.1.7","1.9.0, 0.1.10, 8.0.0, 3.3.0, 6.3.0","Yes","No","No","@argonsecurity/express-server@1.8.4","N/A","N/A"
"CVE-2024-52798","path-to-regexp: path-to-regexp Unpatched `path-to-regexp` ReDoS in 0.1.x","HIGH","package-test","","docker-image/package.json","24","2025-01-29T16:13:01.351Z","Active","path-to-regexp","0.1.7","0.1.12","Yes","No","No","@argonsecurity/express-server@1.8.4","N/A","N/A"
"CVE-2022-24999","express: ""qs"" prototype poisoning causes the hang of the node process","HIGH","package-test","","docker-image/package.json","24","2025-01-29T16:13:01.351Z","Active","qs","6.7.0","6.10.3, 6.9.7, 6.8.3, 6.7.3, 6.6.1, 6.5.3, 6.4.1, 6.3.3, 6.2.4","Yes","No","No","@argonsecurity/express-server@1.8.4","N/A","N/A"
"CVE-2018-19362","jackson-databind: improper polymorphic deserialization in jboss-common-core class","CRITICAL","package-test","","docker-java/pom.xml","N/A","2025-01-29T16:13:01.351Z","Active","com.fasterxml.jackson.core:jackson-databind","2.9.6","2.9.8, 2.8.11.3, 2.7.9.5, 2.6.7.3","Yes","No","No","org.springframework.boot:spring-boot-starter-web:2.0.4.RELEASE","N/A","N/A"
"CVE-2022-25883","nodejs-semver: Regular expression denial of service","HIGH","package-test","","docker-image/package.json","24","2025-01-29T16:13:01.351Z","Active","semver","5.7.1","7.5.2, 6.3.1, 5.7.2","Yes","No","No","@argonsecurity/express-server@1.8.4","N/A","N/A"
"CVE-2023-6378","logback: serialization vulnerability in logback receiver","HIGH","package-test","","docker-java/pom.xml","N/A","2025-01-29T16:13:01.351Z","Active","ch.qos.logback:logback-classic","1.2.3","1.3.12, 1.4.12, 1.2.13","Yes","No","No","org.springframework.boot:spring-boot-starter-web:2.0.4.RELEASE","N/A","N/A"
"CVE-2023-6378","logback: serialization vulnerability in logback receiver","HIGH","package-test","","docker-java/pom.xml","N/A","2025-01-29T16:13:01.351Z","Active","ch.qos.logback:logback-core","1.2.3","1.3.12, 1.4.12, 1.2.13","Yes","No","No","org.springframework.boot:spring-boot-starter-web:2.0.4.RELEASE","N/A","N/A"
"CVE-2018-14718","jackson-databind: arbitrary code execution in slf4j-ext class","CRITICAL","package-test","","docker-java/pom.xml","N/A","2025-01-29T16:13:01.351Z","Active","com.fasterxml.jackson.core:jackson-databind","2.9.6","2.9.7, 2.8.11.3, 2.7.9.5, 2.6.7.3","Yes","No","No","org.springframework.boot:spring-boot-starter-web:2.0.4.RELEASE","N/A","N/A"
"CVE-2019-14379","jackson-databind: default typing mishandling leading to remote code execution","CRITICAL","package-test","","docker-java/pom.xml","N/A","2025-01-29T16:13:01.351Z","Active","com.fasterxml.jackson.core:jackson-databind","2.9.6","2.9.9.2, 2.8.11.4, 2.7.9.6","Yes","No","No","org.springframework.boot:spring-boot-starter-web:2.0.4.RELEASE","N/A","N/A"
"CVE-2019-14540","jackson-databind: Serialization gadgets in com.zaxxer.hikari.HikariConfig","CRITICAL","package-test","","docker-java/pom.xml","N/A","2025-01-29T16:13:01.351Z","Active","com.fasterxml.jackson.core:jackson-databind","2.9.6","2.9.10, 2.8.11.5, 2.6.7.3","Yes","No","No","org.springframework.boot:spring-boot-starter-web:2.0.4.RELEASE","N/A","N/A"
"CVE-2019-16335","jackson-databind: Serialization gadgets in com.zaxxer.hikari.HikariDataSource","CRITICAL","package-test","","docker-java/pom.xml","N/A","2025-01-29T16:13:01.351Z","Active","com.fasterxml.jackson.core:jackson-databind","2.9.6","2.9.10, 2.8.11.5, 2.6.7.3","Yes","No","No","org.springframework.boot:spring-boot-starter-web:2.0.4.RELEASE","N/A","N/A"
"CVE-2019-16942","jackson-databind: Serialization gadgets in org.apache.commons.dbcp.datasources.*","CRITICAL","package-test","","docker-java/pom.xml","N/A","2025-01-29T16:13:01.351Z","Active","com.fasterxml.jackson.core:jackson-databind","2.9.6","2.9.10.1, 2.8.11.5, 2.6.7.3","Yes","No","No","org.springframework.boot:spring-boot-starter-web:2.0.4.RELEASE","N/A","N/A"
"CVE-2019-16943","jackson-databind: Serialization gadgets in com.p6spy.engine.spy.P6DataSource","CRITICAL","package-test","","docker-java/pom.xml","N/A","2025-01-29T16:13:01.351Z","Active","com.fasterxml.jackson.core:jackson-databind","2.9.6","2.9.10.1, 2.8.11.5, 2.6.7.3","Yes","No","No","org.springframework.boot:spring-boot-starter-web:2.0.4.RELEASE","N/A","N/A"
"CVE-2019-17267","jackson-databind: Serialization gadgets in classes of the ehcache package","CRITICAL","package-test","","docker-java/pom.xml","N/A","2025-01-29T16:13:01.351Z","Active","com.fasterxml.jackson.core:jackson-databind","2.9.6","2.9.10, 2.8.11.5","Yes","No","No","org.springframework.boot:spring-boot-starter-web:2.0.4.RELEASE","N/A","N/A"
"CVE-2020-8840","jackson-databind: Lacks certain xbean-reflect/JNDI blocking","CRITICAL","package-test","","docker-java/pom.xml","N/A","2025-01-29T16:13:01.351Z","Active","com.fasterxml.jackson.core:jackson-databind","2.9.6","2.6.7.4, 2.7.9.7, 2.8.11.5, 2.9.10.3","Yes","No","No","org.springframework.boot:spring-boot-starter-web:2.0.4.RELEASE","N/A","N/A"
"CVE-2020-9546","jackson-databind: Serialization gadgets in shaded-hikari-config","CRITICAL","package-test","","docker-java/pom.xml","N/A","2025-01-29T16:13:01.351Z","Active","com.fasterxml.jackson.core:jackson-databind","2.9.6","2.9.10.4","Yes","No","No","org.springframework.boot:spring-boot-starter-web:2.0.4.RELEASE","N/A","N/A"
"CVE-2020-9547","jackson-databind: Serialization gadgets in ibatis-sqlmap","CRITICAL","package-test","","docker-java/pom.xml","N/A","2025-01-29T16:13:01.351Z","Active","com.fasterxml.jackson.core:jackson-databind","2.9.6","2.9.10.4, 2.8.11.6, 2.7.9.7","Yes","No","No","org.springframework.boot:spring-boot-starter-web:2.0.4.RELEASE","N/A","N/A"
"CVE-2020-9548","jackson-databind: Serialization gadgets in anteros-core","CRITICAL","package-test","","docker-java/pom.xml","N/A","2025-01-29T16:13:01.351Z","Active","com.fasterxml.jackson.core:jackson-databind","2.9.6","2.9.10.4, 2.8.11.6, 2.7.9.7","Yes","No","No","org.springframework.boot:spring-boot-starter-web:2.0.4.RELEASE","N/A","N/A"
"CVE-2019-12086","jackson-databind: polymorphic typing issue allows attacker to read arbitrary local files on the server.","HIGH","package-test","","docker-java/pom.xml","N/A","2025-01-29T16:13:01.351Z","Active","com.fasterxml.jackson.core:jackson-databind","2.9.6","2.9.9, 2.8.11.4, 2.7.9.6, 2.6.7.3","Yes","No","No","org.springframework.boot:spring-boot-starter-web:2.0.4.RELEASE","N/A","N/A"
"CVE-2019-14439","jackson-databind: Polymorphic typing issue related to logback/JNDI","HIGH","package-test","","docker-java/pom.xml","N/A","2025-01-29T16:13:01.351Z","Active","com.fasterxml.jackson.core:jackson-databind","2.9.6","2.9.9.2, 2.8.11.4, 2.7.9.6, 2.6.7.3","Yes","No","No","org.springframework.boot:spring-boot-starter-web:2.0.4.RELEASE","N/A","N/A"
"CVE-2019-14892","jackson-databind: Serialization gadgets in classes of the commons-configuration package","HIGH","package-test","","docker-java/pom.xml","N/A","2025-01-29T16:13:01.351Z","Active","com.fasterxml.jackson.core:jackson-databind","2.9.6","2.6.7.3, 2.8.11.5, 2.9.10","Yes","No","No","org.springframework.boot:spring-boot-starter-web:2.0.4.RELEASE","N/A","N/A"
"CVE-2019-14893","jackson-databind: Serialization gadgets in classes of the xalan package","HIGH","package-test","","docker-java/pom.xml","N/A","2025-01-29T16:13:01.351Z","Active","com.fasterxml.jackson.core:jackson-databind","2.9.6","2.9.10","Yes","No","No","org.springframework.boot:spring-boot-starter-web:2.0.4.RELEASE","N/A","N/A"
"CVE-2020-10650","A deserialization flaw was discovered in jackson-databind through 2.9. ...","HIGH","package-test","","docker-java/pom.xml","N/A","2025-01-29T16:13:01.351Z","Active","com.fasterxml.jackson.core:jackson-databind","2.9.6","2.9.10.4","Yes","No","No","org.springframework.boot:spring-boot-starter-web:2.0.4.RELEASE","N/A","N/A"
"CVE-2020-10672","jackson-databind: mishandles the interaction between serialization gadgets and typing which could result in remote command execution","HIGH","package-test","","docker-java/pom.xml","N/A","2025-01-29T16:13:01.351Z","Active","com.fasterxml.jackson.core:jackson-databind","2.9.6","2.9.10.4","Yes","No","No","org.springframework.boot:spring-boot-starter-web:2.0.4.RELEASE","N/A","N/A"
"CVE-2020-10673","jackson-databind: mishandles the interaction between serialization gadgets and typing which could result in remote command execution","HIGH","package-test","","docker-java/pom.xml","N/A","2025-01-29T16:13:01.351Z","Active","com.fasterxml.jackson.core:jackson-databind","2.9.6","2.9.10.4, 2.6.7.4","Yes","No","No","org.springframework.boot:spring-boot-starter-web:2.0.4.RELEASE","N/A","N/A"
"CVE-2020-10968","jackson-databind: Serialization gadgets in org.aoju.bus.proxy.provider.*.RmiProvider","HIGH","package-test","","docker-java/pom.xml","N/A","2025-01-29T16:13:01.351Z","Active","com.fasterxml.jackson.core:jackson-databind","2.9.6","2.9.10.4","Yes","No","No","org.springframework.boot:spring-boot-starter-web:2.0.4.RELEASE","N/A","N/A"
"CVE-2020-10969","jackson-databind: Serialization gadgets in javax.swing.JEditorPane","HIGH","package-test","","docker-java/pom.xml","N/A","2025-01-29T16:13:01.351Z","Active","com.fasterxml.jackson.core:jackson-databind","2.9.6","2.9.10.4","Yes","No","No","org.springframework.boot:spring-boot-starter-web:2.0.4.RELEASE","N/A","N/A"
"CVE-2020-11111","jackson-databind: Serialization gadgets in org.apache.activemq.jms.pool.XaPooledConnectionFactory","HIGH","package-test","","docker-java/pom.xml","N/A","2025-01-29T16:13:01.351Z","Active","com.fasterxml.jackson.core:jackson-databind","2.9.6","2.9.10.4","Yes","No","No","org.springframework.boot:spring-boot-starter-web:2.0.4.RELEASE","N/A","N/A"
"CVE-2020-11112","jackson-databind: Serialization gadgets in org.apache.commons.proxy.provider.remoting.RmiProvider","HIGH","package-test","","docker-java/pom.xml","N/A","2025-01-29T16:13:01.351Z","Active","com.fasterxml.jackson.core:jackson-databind","2.9.6","2.9.10.4","Yes","No","No","org.springframework.boot:spring-boot-starter-web:2.0.4.RELEASE","N/A","N/A"
"CVE-2020-11113","jackson-databind: Serialization gadgets in org.apache.openjpa.ee.WASRegistryManagedRuntime","HIGH","package-test","","docker-java/pom.xml","N/A","2025-01-29T16:13:01.351Z","Active","com.fasterxml.jackson.core:jackson-databind","2.9.6","2.9.10.4","Yes","No","No","org.springframework.boot:spring-boot-starter-web:2.0.4.RELEASE","N/A","N/A"
"CVE-2020-11619","jackson-databind: Serialization gadgets in org.springframework:spring-aop","HIGH","package-test","","docker-java/pom.xml","N/A","2025-01-29T16:13:01.351Z","Active","com.fasterxml.jackson.core:jackson-databind","2.9.6","2.9.10.4","Yes","No","No","org.springframework.boot:spring-boot-starter-web:2.0.4.RELEASE","N/A","N/A"
"CVE-2020-11620","jackson-databind: Serialization gadgets in commons-jelly:commons-jelly","HIGH","package-test","","docker-java/pom.xml","N/A","2025-01-29T16:13:01.351Z","Active","com.fasterxml.jackson.core:jackson-databind","2.9.6","2.9.10.4","Yes","No","No","org.springframework.boot:spring-boot-starter-web:2.0.4.RELEASE","N/A","N/A"
"CVE-2020-14060","jackson-databind: serialization in oadd.org.apache.xalan.lib.sql.JNDIConnectionPool","HIGH","package-test","","docker-java/pom.xml","N/A","2025-01-29T16:13:01.351Z","Active","com.fasterxml.jackson.core:jackson-databind","2.9.6","2.9.10.5","Yes","No","No","org.springframework.boot:spring-boot-starter-web:2.0.4.RELEASE","N/A","N/A"
"CVE-2020-14061","jackson-databind: serialization in weblogic/oracle-aqjms","HIGH","package-test","","docker-java/pom.xml","N/A","2025-01-29T16:13:01.351Z","Active","com.fasterxml.jackson.core:jackson-databind","2.9.6","2.9.10.5","Yes","No","No","org.springframework.boot:spring-boot-starter-web:2.0.4.RELEASE","N/A","N/A"
"CVE-2020-14062","jackson-databind: serialization in com.sun.org.apache.xalan.internal.lib.sql.JNDIConnectionPool","HIGH","package-test","","docker-java/pom.xml","N/A","2025-01-29T16:13:01.351Z","Active","com.fasterxml.jackson.core:jackson-databind","2.9.6","2.9.10.5","Yes","No","No","org.springframework.boot:spring-boot-starter-web:2.0.4.RELEASE","N/A","N/A"
"CVE-2020-14195","jackson-databind: serialization in org.jsecurity.realm.jndi.JndiRealmFactory","HIGH","package-test","","docker-java/pom.xml","N/A","2025-01-29T16:13:01.351Z","Active","com.fasterxml.jackson.core:jackson-databind","2.9.6","2.9.10.5","Yes","No","No","org.springframework.boot:spring-boot-starter-web:2.0.4.RELEASE","N/A","N/A"
"CVE-2020-24616","jackson-databind: mishandles the interaction between serialization gadgets and typing, related to br.com.anteros.dbcp.AnterosDBCPDataSource","HIGH","package-test","","docker-java/pom.xml","N/A","2025-01-29T16:13:01.351Z","Active","com.fasterxml.jackson.core:jackson-databind","2.9.6","2.9.10.6","Yes","No","No","org.springframework.boot:spring-boot-starter-web:2.0.4.RELEASE","N/A","N/A"
"CVE-2020-24750","jackson-databind: Serialization gadgets in com.pastdev.httpcomponents.configuration.JndiConfiguration","HIGH","package-test","","docker-java/pom.xml","N/A","2025-01-29T16:13:01.351Z","Active","com.fasterxml.jackson.core:jackson-databind","2.9.6","2.6.7.5, 2.9.10.6","Yes","No","No","org.springframework.boot:spring-boot-starter-web:2.0.4.RELEASE","N/A","N/A"
"CVE-2020-25649","jackson-databind: FasterXML DOMDeserializer insecure entity expansion is vulnerable to XML external entity (XXE)","HIGH","package-test","","docker-java/pom.xml","N/A","2025-01-29T16:13:01.351Z","Active","com.fasterxml.jackson.core:jackson-databind","2.9.6","2.6.7.4, 2.9.10.7, 2.10.5.1","Yes","No","No","org.springframework.boot:spring-boot-starter-web:2.0.4.RELEASE","N/A","N/A"
"CVE-2020-35490","jackson-databind: mishandles the interaction between serialization gadgets and typing, related to org.apache.commons.dbcp2.datasources.PerUserPoolDataSource","HIGH","package-test","","docker-java/pom.xml","N/A","2025-01-29T16:13:01.351Z","Active","com.fasterxml.jackson.core:jackson-databind","2.9.6","2.9.10.8","Yes","No","No","org.springframework.boot:spring-boot-starter-web:2.0.4.RELEASE","N/A","N/A"
"CVE-2020-35491","jackson-databind: mishandles the interaction between serialization gadgets and typing, related to org.apache.commons.dbcp2.datasources.SharedPoolDataSource","HIGH","package-test","","docker-java/pom.xml","N/A","2025-01-29T16:13:01.351Z","Active","com.fasterxml.jackson.core:jackson-databind","2.9.6","2.9.10.8","Yes","No","No","org.springframework.boot:spring-boot-starter-web:2.0.4.RELEASE","N/A","N/A"
"CVE-2020-35728","jackson-databind: mishandles the interaction between serialization gadgets and typing, related to com.oracle.wls.shaded.org.apache.xalan.lib.sql.JNDIConnectionPool","HIGH","package-test","","docker-java/pom.xml","N/A","2025-01-29T16:13:01.351Z","Active","com.fasterxml.jackson.core:jackson-databind","2.9.6","2.9.10.8","Yes","No","No","org.springframework.boot:spring-boot-starter-web:2.0.4.RELEASE","N/A","N/A"
"CVE-2020-36179","jackson-databind: mishandles the interaction between serialization gadgets and typing, related to oadd.org.apache.commons.dbcp.cpdsadapter.DriverAdapterCPDS","HIGH","package-test","","docker-java/pom.xml","N/A","2025-01-29T16:13:01.351Z","Active","com.fasterxml.jackson.core:jackson-databind","2.9.6","2.9.10.8, 2.6.7.5","Yes","No","No","org.springframework.boot:spring-boot-starter-web:2.0.4.RELEASE","N/A","N/A"
"CVE-2020-36180","jackson-databind: mishandles the interaction between serialization gadgets and typing, related to org.apache.commons.dbcp2.cpdsadapter.DriverAdapterCPDS","HIGH","package-test","","docker-java/pom.xml","N/A","2025-01-29T16:13:01.351Z","Active","com.fasterxml.jackson.core:jackson-databind","2.9.6","2.9.10.8, 2.6.7.5","Yes","No","No","org.springframework.boot:spring-boot-starter-web:2.0.4.RELEASE","N/A","N/A"
"CVE-2020-36181","jackson-databind: mishandles the interaction between serialization gadgets and typing, related to org.apache.tomcat.dbcp.dbcp.cpdsadapter.DriverAdapterCPDS","HIGH","package-test","","docker-java/pom.xml","N/A","2025-01-29T16:13:01.351Z","Active","com.fasterxml.jackson.core:jackson-databind","2.9.6","2.9.10.8, 2.6.7.5","Yes","No","No","org.springframework.boot:spring-boot-starter-web:2.0.4.RELEASE","N/A","N/A"
"CVE-2020-36182","jackson-databind: mishandles the interaction between serialization gadgets and typing, related to org.apache.tomcat.dbcp.dbcp2.cpdsadapter.DriverAdapterCPDS","HIGH","package-test","","docker-java/pom.xml","N/A","2025-01-29T16:13:01.351Z","Active","com.fasterxml.jackson.core:jackson-databind","2.9.6","2.9.10.8, 2.6.7.5","Yes","No","No","org.springframework.boot:spring-boot-starter-web:2.0.4.RELEASE","N/A","N/A"
"CVE-2020-36183","jackson-databind: mishandles the interaction between serialization gadgets and typing, related to org.docx4j.org.apache.xalan.lib.sql.JNDIConnectionPool","HIGH","package-test","","docker-java/pom.xml","N/A","2025-01-29T16:13:01.351Z","Active","com.fasterxml.jackson.core:jackson-databind","2.9.6","2.9.10.8, 2.6.7.5","Yes","No","No","org.springframework.boot:spring-boot-starter-web:2.0.4.RELEASE","N/A","N/A"
"CVE-2020-36184","jackson-databind: mishandles the interaction between serialization gadgets and typing, related to org.apache.tomcat.dbcp.dbcp2.datasources.PerUserPoolDataSource","HIGH","package-test","","docker-java/pom.xml","N/A","2025-01-29T16:13:01.351Z","Active","com.fasterxml.jackson.core:jackson-databind","2.9.6","2.9.10.8","Yes","No","No","org.springframework.boot:spring-boot-starter-web:2.0.4.RELEASE","N/A","N/A"
"CVE-2020-36185","jackson-databind: mishandles the interaction between serialization gadgets and typing, related to org.apache.tomcat.dbcp.dbcp2.datasources.SharedPoolDataSource","HIGH","package-test","","docker-java/pom.xml","N/A","2025-01-29T16:13:01.351Z","Active","com.fasterxml.jackson.core:jackson-databind","2.9.6","2.9.10.8","Yes","No","No","org.springframework.boot:spring-boot-starter-web:2.0.4.RELEASE","N/A","N/A"
"CVE-2020-36186","jackson-databind: mishandles the interaction between serialization gadgets and typing, related to org.apache.tomcat.dbcp.dbcp.datasources.PerUserPoolDataSource","HIGH","package-test","","docker-java/pom.xml","N/A","2025-01-29T16:13:01.351Z","Active","com.fasterxml.jackson.core:jackson-databind","2.9.6","2.9.10.8","Yes","No","No","org.springframework.boot:spring-boot-starter-web:2.0.4.RELEASE","N/A","N/A"
"CVE-2020-36187","jackson-databind: mishandles the interaction between serialization gadgets and typing, related to org.apache.tomcat.dbcp.dbcp.datasources.SharedPoolDataSource","HIGH","package-test","","docker-java/pom.xml","N/A","2025-01-29T16:13:01.351Z","Active","com.fasterxml.jackson.core:jackson-databind","2.9.6","2.9.10.8","Yes","No","No","org.springframework.boot:spring-boot-starter-web:2.0.4.RELEASE","N/A","N/A"
"CVE-2020-36188","jackson-databind: mishandles the interaction between serialization gadgets and typing, related to com.newrelic.agent.deps.ch.qos.logback.core.db.JNDIConnectionSource","HIGH","package-test","","docker-java/pom.xml","N/A","2025-01-29T16:13:01.351Z","Active","com.fasterxml.jackson.core:jackson-databind","2.9.6","2.9.10.8, 2.6.7.5","Yes","No","No","org.springframework.boot:spring-boot-starter-web:2.0.4.RELEASE","N/A","N/A"
"CVE-2020-36189","jackson-databind: mishandles the interaction between serialization gadgets and typing, related to com.newrelic.agent.deps.ch.qos.logback.core.db.DriverManagerConnectionSource","HIGH","package-test","","docker-java/pom.xml","N/A","2025-01-29T16:13:01.351Z","Active","com.fasterxml.jackson.core:jackson-databind","2.9.6","2.9.10.8, 2.6.7.5","Yes","No","No","org.springframework.boot:spring-boot-starter-web:2.0.4.RELEASE","N/A","N/A"
"CVE-2020-36518","jackson-databind: denial of service via a large depth of nested objects","HIGH","package-test","","docker-java/pom.xml","N/A","2025-01-29T16:13:01.351Z","Active","com.fasterxml.jackson.core:jackson-databind","2.9.6","2.13.2.1, 2.12.6.1","Yes","No","No","org.springframework.boot:spring-boot-starter-web:2.0.4.RELEASE","N/A","N/A"
"CVE-2021-20190","jackson-databind: mishandles the interaction between serialization gadgets and typing, related to javax.swing","HIGH","package-test","","docker-java/pom.xml","N/A","2025-01-29T16:13:01.351Z","Active","com.fasterxml.jackson.core:jackson-databind","2.9.6","2.9.10.7, 2.6.7.5","Yes","No","No","org.springframework.boot:spring-boot-starter-web:2.0.4.RELEASE","N/A","N/A"
"CVE-2022-42003","jackson-databind: deep wrapper array nesting wrt UNWRAP_SINGLE_VALUE_ARRAYS","HIGH","package-test","","docker-java/pom.xml","N/A","2025-01-29T16:13:01.351Z","Active","com.fasterxml.jackson.core:jackson-databind","2.9.6","2.12.7.1, 2.13.4.2","Yes","No","No","org.springframework.boot:spring-boot-starter-web:2.0.4.RELEASE","N/A","N/A"
"CVE-2019-17563","tomcat: Session fixation when using FORM authentication","HIGH","package-test","","docker-java/pom.xml","N/A","2025-01-29T16:13:01.351Z","Active","org.apache.tomcat.embed:tomcat-embed-core","8.5.32","7.0.99, 8.5.50, 9.0.30","Yes","No","No","org.springframework.boot:spring-boot-starter-web:2.0.4.RELEASE","N/A","N/A"
"CVE-2022-42004","jackson-databind: use of deeply nested arrays","HIGH","package-test","","docker-java/pom.xml","N/A","2025-01-29T16:13:01.351Z","Active","com.fasterxml.jackson.core:jackson-databind","2.9.6","2.12.7.1, 2.13.4","Yes","No","No","org.springframework.boot:spring-boot-starter-web:2.0.4.RELEASE","N/A","N/A"
"CVE-2021-25122","tomcat: Request mix-up with h2c","HIGH","package-test","","docker-java/pom.xml","N/A","2025-01-29T16:13:01.351Z","Active","org.apache.tomcat.embed:tomcat-embed-core","8.5.32","10.0.2, 9.0.43, 8.5.63","Yes","No","No","org.springframework.boot:spring-boot-starter-web:2.0.4.RELEASE","N/A","N/A"
"CVE-2020-1938","tomcat: Apache Tomcat AJP File Read/Inclusion Vulnerability","CRITICAL","package-test","","docker-java/pom.xml","N/A","2025-01-29T16:13:01.351Z","Active","org.apache.tomcat.embed:tomcat-embed-core","8.5.32","9.0.31, 8.5.51, 7.0.100","Yes","No","No","org.springframework.boot:spring-boot-starter-web:2.0.4.RELEASE","N/A","N/A"
"CVE-2019-0199","tomcat: Apache Tomcat HTTP/2 DoS","HIGH","package-test","","docker-java/pom.xml","N/A","2025-01-29T16:13:01.351Z","Active","org.apache.tomcat.embed:tomcat-embed-core","8.5.32","9.0.16, 8.5.38","Yes","No","No","org.springframework.boot:spring-boot-starter-web:2.0.4.RELEASE","N/A","N/A"
"CVE-2019-0232","tomcat: Remote Code Execution on Windows","HIGH","package-test","","docker-java/pom.xml","N/A","2025-01-29T16:13:01.351Z","Active","org.apache.tomcat.embed:tomcat-embed-core","8.5.32","9.0.17, 8.5.40, 7.0.94","Yes","No","No","org.springframework.boot:spring-boot-starter-web:2.0.4.RELEASE","N/A","N/A"
"CVE-2019-10072","tomcat: HTTP/2 connection window exhaustion on write, incomplete fix of CVE-2019-0199","HIGH","package-test","","docker-java/pom.xml","N/A","2025-01-29T16:13:01.351Z","Active","org.apache.tomcat.embed:tomcat-embed-core","8.5.32","9.0.20, 8.5.41","Yes","No","No","org.springframework.boot:spring-boot-starter-web:2.0.4.RELEASE","N/A","N/A"
"CVE-2019-12418","tomcat: local privilege escalation","HIGH","package-test","","docker-java/pom.xml","N/A","2025-01-29T16:13:01.351Z","Active","org.apache.tomcat.embed:tomcat-embed-core","8.5.32","7.0.99, 8.5.49, 9.0.29","Yes","No","No","org.springframework.boot:spring-boot-starter-web:2.0.4.RELEASE","N/A","N/A"
"CVE-2022-42252","tomcat: request smuggling","HIGH","package-test","","docker-java/pom.xml","N/A","2025-01-29T16:13:01.351Z","Active","org.apache.tomcat.embed:tomcat-embed-core","8.5.32","8.5.83, 9.0.68, 10.0.27, 10.1.1","Yes","No","No","org.springframework.boot:spring-boot-starter-web:2.0.4.RELEASE","N/A","N/A"
"CVE-2023-46589","tomcat: HTTP request smuggling via malformed trailer headers","HIGH","package-test","","docker-java/pom.xml","N/A","2025-01-29T16:13:01.351Z","Active","org.apache.tomcat.embed:tomcat-embed-core","8.5.32","11.0.0-M11, 10.1.16, 9.0.83, 8.5.96","Yes","No","No","org.springframework.boot:spring-boot-starter-web:2.0.4.RELEASE","N/A","N/A"
"CVE-2022-27772","Temporary Directory Hijacking to Local Privilege Escalation Vulnerability in org.springframework.boot:spring-boot","HIGH","package-test","","docker-java/pom.xml","N/A","2025-01-29T16:13:01.351Z","Active","org.springframework.boot:spring-boot","2.0.4.RELEASE","2.2.11.RELEASE","Yes","No","No","org.springframework.boot:spring-boot-starter-web:2.0.4.RELEASE","N/A","N/A"
"CVE-2023-20883","spring-boot: Spring Boot Welcome Page DoS Vulnerability","HIGH","package-test","","docker-java/pom.xml","N/A","2025-01-29T16:13:01.351Z","Active","org.springframework.boot:spring-boot-autoconfigure","2.0.4.RELEASE","3.0.7, 2.7.12, 2.6.15, 2.5.15","Yes","No","No","org.springframework.boot:spring-boot-starter-web:2.0.4.RELEASE","N/A","N/A"
"CVE-2022-22970","springframework: DoS via data binding to multipartFile or servlet part","HIGH","package-test","","docker-java/pom.xml","N/A","2025-01-29T16:13:01.351Z","Active","org.springframework:spring-beans","5.0.8.RELEASE","5.2.22.RELEASE, 5.3.20","Yes","No","No","org.springframework.boot:spring-boot-starter-web:2.0.4.RELEASE","N/A","N/A"
"CVE-2022-22968","Framework: Data Binding Rules Vulnerability","HIGH","package-test","","docker-java/pom.xml","N/A","2025-01-29T16:13:01.351Z","Active","org.springframework:spring-context","5.0.8.RELEASE","5.3.19, 5.2.21.RELEASE","Yes","No","No","org.springframework.boot:spring-boot-starter-web:2.0.4.RELEASE","N/A","N/A"
"CVE-2018-15756","springframework: DoS Attack via Range Requests","HIGH","package-test","","docker-java/pom.xml","N/A","2025-01-29T16:13:01.351Z","Active","org.springframework:spring-core","5.0.8.RELEASE","5.1.1.RELEASE, 5.0.10.RELEASE, 4.3.20.RELEASE","Yes","No","No","org.springframework.boot:spring-boot-starter-web:2.0.4.RELEASE","N/A","N/A"
"CVE-2016-1000027","spring: HttpInvokerServiceExporter readRemoteInvocation method untrusted java deserialization","CRITICAL","package-test","","docker-java/pom.xml","N/A","2025-01-29T16:13:01.351Z","Active","org.springframework:spring-web","5.0.8.RELEASE","6.0.0","Yes","No","No","org.springframework.boot:spring-boot-starter-web:2.0.4.RELEASE","N/A","N/A"
"CVE-2023-20863","springframework: Spring Expression DoS Vulnerability","HIGH","package-test","","docker-java/pom.xml","N/A","2025-01-29T16:13:01.351Z","Active","org.springframework:spring-expression","5.0.8.RELEASE","6.0.8, 5.3.27, 5.2.24.RELEASE","Yes","No","No","org.springframework.boot:spring-boot-starter-web:2.0.4.RELEASE","N/A","N/A"
"CVE-2024-22243","springframework: URL Parsing with Host Validation","HIGH","package-test","","docker-java/pom.xml","N/A","2025-01-29T16:13:01.351Z","Active","org.springframework:spring-web","5.0.8.RELEASE","6.1.4, 6.0.17, 5.3.32","Yes","No","No","org.springframework.boot:spring-boot-starter-web:2.0.4.RELEASE","N/A","N/A"
"CVE-2024-22259","springframework: URL Parsing with Host Validation","HIGH","package-test","","docker-java/pom.xml","N/A","2025-01-29T16:13:01.351Z","Active","org.springframework:spring-web","5.0.8.RELEASE","6.1.5, 6.0.18, 5.3.33","Yes","No","No","org.springframework.boot:spring-boot-starter-web:2.0.4.RELEASE","N/A","N/A"
"CVE-2024-22262","springframework: URL Parsing with Host Validation","HIGH","package-test","","docker-java/pom.xml","N/A","2025-01-29T16:13:01.351Z","Active","org.springframework:spring-web","5.0.8.RELEASE","5.3.34, 6.0.19, 6.1.6","Yes","No","No","org.springframework.boot:spring-boot-starter-web:2.0.4.RELEASE","N/A","N/A"
"CVE-2020-5398","springframework: RFD attack via Content-Disposition Header sourced from request input by Spring MVC or Spring WebFlux Application","HIGH","package-test","","docker-java/pom.xml","N/A","2025-01-29T16:13:01.351Z","Active","org.springframework:spring-webmvc","5.0.8.RELEASE","5.2.3.RELEASE, 5.1.13.RELEASE, 5.0.16.RELEASE","Yes","No","No","org.springframework.boot:spring-boot-starter-web:2.0.4.RELEASE","N/A","N/A"
"CVE-2024-38819","org.springframework:spring-webmvc: Path traversal vulnerability in functional web frameworks","HIGH","package-test","","docker-java/pom.xml","N/A","2025-01-29T16:13:01.351Z","Active","org.springframework:spring-webmvc","5.0.8.RELEASE","6.1.14","Yes","No","No","org.springframework.boot:spring-boot-starter-web:2.0.4.RELEASE","N/A","N/A"
"CVE-2017-18640","snakeyaml: Billion laughs attack via alias feature","HIGH","package-test","","docker-java/pom.xml","N/A","2025-01-29T16:13:01.351Z","Active","org.yaml:snakeyaml","1.19","1.26","Yes","No","No","org.springframework.boot:spring-boot-starter-web:2.0.4.RELEASE","N/A","N/A"
"CVE-2022-1471","SnakeYaml: Constructor Deserialization Remote Code Execution","HIGH","package-test","","docker-java/pom.xml","N/A","2025-01-29T16:13:01.351Z","Active","org.yaml:snakeyaml","1.19","2.0","Yes","No","No","org.springframework.boot:spring-boot-starter-web:2.0.4.RELEASE","N/A","N/A"
"CVE-2022-25857","snakeyaml: Denial of Service due to missing nested depth limitation for collections","HIGH","package-test","","docker-java/pom.xml","N/A","2025-01-29T16:13:01.351Z","Active","org.yaml:snakeyaml","1.19","1.31","Yes","No","No","org.springframework.boot:spring-boot-starter-web:2.0.4.RELEASE","N/A","N/A"
"CVE-2022-23648","containerd: insecure handling of image volumes","HIGH","package-test","","go-app/go.mod","N/A","2025-01-29T16:13:01.351Z","Active","github.com/containerd/containerd","v1.4.1-0.20201117152358-0edc412565dc","1.4.13, 1.5.10, 1.6.1","Yes","No","No","github.com/argonsecurity/argon-universal-scanner","N/A","N/A"
"CVE-2021-20206","containernetworking-cni: Arbitrary path injection via type field in CNI configuration","HIGH","package-test","","go-app/go.mod","N/A","2025-01-29T16:13:01.351Z","Active","github.com/containernetworking/cni","v0.8.0","0.8.1","Yes","No","No","github.com/argonsecurity/argon-universal-scanner","N/A","N/A"
"CVE-2020-26160","jwt-go: access restriction bypass vulnerability","HIGH","package-test","","go-app/go.mod","N/A","2025-01-29T16:13:01.351Z","Active","github.com/dgrijalva/jwt-go","v3.2.0+incompatible","-","No","No","No","github.com/argonsecurity/argon-universal-scanner","N/A","N/A"
"GHSA-hmm9-r2m2-qg9w","Nil dereference in NATS JWT causing DoS of nats-server","HIGH","package-test","","go-app/go.mod","N/A","2025-01-29T16:13:01.351Z","Active","github.com/nats-io/jwt","v0.3.2","1.1.0","Yes","No","No","github.com/argonsecurity/argon-universal-scanner","N/A","N/A"
"CVE-2023-2253","distribution/distribution: DoS from malicious API request","HIGH","package-test","","go-app/go.mod","N/A","2025-01-29T16:13:01.351Z","Active","github.com/docker/distribution","v2.7.1+incompatible","2.8.2-beta.1","Yes","No","No","github.com/argonsecurity/argon-universal-scanner","N/A","N/A"
"CVE-2024-41110","moby: Authz zero length regression","CRITICAL","package-test","","go-app/go.mod","N/A","2025-01-29T16:13:01.351Z","Active","github.com/docker/docker","v20.10.0-beta1.0.20201110211921-af34b94a78a1+incompatible","23.0.15, 26.1.5, 27.1.1, 25.0.6","Yes","No","No","github.com/argonsecurity/argon-universal-scanner","N/A","N/A"
"CVE-2023-28840","moby: Encrypted overlay network may be unauthenticated","HIGH","package-test","","go-app/go.mod","N/A","2025-01-29T16:13:01.351Z","Active","github.com/docker/docker","v20.10.0-beta1.0.20201110211921-af34b94a78a1+incompatible","20.10.24, 23.0.3","Yes","No","No","github.com/argonsecurity/argon-universal-scanner","N/A","N/A"
"CVE-2025-21614","go-git: go-git clients vulnerable to DoS via maliciously crafted Git server replies","HIGH","package-test","","go-app/go.mod","N/A","2025-01-29T16:13:01.351Z","Active","github.com/go-git/go-git/v5","v5.4.2","5.13.0","Yes","No","No","github.com/argonsecurity/argon-universal-scanner","N/A","N/A"
"CVE-2023-37788","goproxy: Denial of service (DoS) via unspecified vectors.","HIGH","package-test","","go-app/go.mod","N/A","2025-01-29T16:13:01.351Z","Active","github.com/elazarl/goproxy","v0.0.0-20180725130230-947c36da3153","0.0.0-20230731152917-f99041a5c027","Yes","No","No","github.com/argonsecurity/argon-universal-scanner","N/A","N/A"
"GHSA-2c64-vj8g-vwrq","Incorrect handling of credential expiry by /nats-io/nats-server","HIGH","package-test","","go-app/go.mod","N/A","2025-01-29T16:13:01.351Z","Active","github.com/nats-io/jwt","v0.3.2","1.1.0","Yes","No","No","github.com/argonsecurity/argon-universal-scanner","N/A","N/A"
"CVE-2022-1996","go-restful: Authorization Bypass Through User-Controlled Key","CRITICAL","package-test","","go-app/go.mod","N/A","2025-01-29T16:13:01.351Z","Active","github.com/emicklei/go-restful","v2.9.5+incompatible","2.16.0","Yes","No","No","github.com/argonsecurity/argon-universal-scanner","N/A","N/A"
"CVE-2023-49569","go-git: Maliciously crafted Git server replies can lead to path traversal and RCE on go-git clients","CRITICAL","package-test","","go-app/go.mod","N/A","2025-01-29T16:13:01.351Z","Active","github.com/go-git/go-git/v5","v5.4.2","5.11.0","Yes","No","No","github.com/argonsecurity/argon-universal-scanner","N/A","N/A"
"CVE-2025-21613","go-git: argument injection via the URL field","CRITICAL","package-test","","go-app/go.mod","N/A","2025-01-29T16:13:01.351Z","Active","github.com/go-git/go-git/v5","v5.4.2","5.13.0","Yes","No","No","github.com/argonsecurity/argon-universal-scanner","N/A","N/A"
"CVE-2023-49568","go-git: Maliciously crafted Git server replies can cause DoS on go-git clients","HIGH","package-test","","go-app/go.mod","N/A","2025-01-29T16:13:01.351Z","Active","github.com/go-git/go-git/v5","v5.4.2","5.11.0","Yes","No","No","github.com/argonsecurity/argon-universal-scanner","N/A","N/A"
"CVE-2023-32698","nfpm has incorrect default permissions","HIGH","package-test","","go-app/go.mod","N/A","2025-01-29T16:13:01.351Z","Active","github.com/goreleaser/nfpm","v1.3.0","-","No","No","No","github.com/argonsecurity/argon-universal-scanner","N/A","N/A"
"CVE-2017-20146","gorilla: Usage of the CORS handler may apply improper CORS headers","CRITICAL","package-test","","go-app/go.mod","N/A","2025-01-29T16:13:01.351Z","Active","github.com/gorilla/handlers","v0.0.0-20150720190736-60c7bfde3e33","1.3.0","Yes","No","No","github.com/argonsecurity/argon-universal-scanner","N/A","N/A"
"CVE-2024-23652","moby/buildkit: possible host system access from mount stub cleaner","CRITICAL","package-test","","go-app/go.mod","N/A","2025-01-29T16:13:01.351Z","Active","github.com/moby/buildkit","v0.8.3","0.12.5","Yes","No","Yes","-","N/A","N/A"
"CVE-2024-23653","moby/buildkit: Buildkit's interactive containers API does not validate entitlements check","CRITICAL","package-test","","go-app/go.mod","N/A","2025-01-29T16:13:01.351Z","Active","github.com/moby/buildkit","v0.8.3","0.12.5","Yes","No","Yes","-","N/A","N/A"
"CVE-2024-23651","moby/buildkit: possible race condition with accessing subpaths from cache mounts","HIGH","package-test","","go-app/go.mod","N/A","2025-01-29T16:13:01.351Z","Active","github.com/moby/buildkit","v0.8.3","0.12.5","Yes","No","Yes","-","N/A","N/A"
"CVE-2020-26892","The JWT library in NATS nats-server before 2.1.9 has Incorrect Access  ...","CRITICAL","package-test","","go-app/go.mod","N/A","2025-01-29T16:13:01.351Z","Active","github.com/nats-io/jwt","v0.3.2","1.1.0","Yes","No","No","github.com/argonsecurity/argon-universal-scanner","N/A","N/A"
"CVE-2021-3127","NATS Server 2.x before 2.2.0 and JWT library before 2.0.1 have Incorre ...","CRITICAL","package-test","","go-app/go.mod","N/A","2025-01-29T16:13:01.351Z","Active","github.com/nats-io/jwt","v0.3.2","-","No","No","No","github.com/argonsecurity/argon-universal-scanner","N/A","N/A"
"CVE-2020-26521","The JWT library in NATS nats-server before 2.1.9 allows a denial of se ...","HIGH","package-test","","go-app/go.mod","N/A","2025-01-29T16:13:01.351Z","Active","github.com/nats-io/jwt","v0.3.2","1.1.0","Yes","No","No","github.com/argonsecurity/argon-universal-scanner","N/A","N/A"
"CVE-2020-26892","The JWT library in NATS nats-server before 2.1.9 has Incorrect Access  ...","CRITICAL","package-test","","go-app/go.mod","N/A","2025-01-29T16:13:01.351Z","Active","github.com/nats-io/nats-server/v2","v2.1.2","2.1.9","Yes","No","No","github.com/argonsecurity/argon-universal-scanner","N/A","N/A"
"CVE-2019-13126","Integer Overflow or Wraparound in NATS Server","HIGH","package-test","","go-app/go.mod","N/A","2025-01-29T16:13:01.351Z","Active","github.com/nats-io/nats-server/v2","v2.1.2","2.2.0","Yes","No","No","github.com/argonsecurity/argon-universal-scanner","N/A","N/A"
"CVE-2020-26521","The JWT library in NATS nats-server before 2.1.9 allows a denial of se ...","HIGH","package-test","","go-app/go.mod","N/A","2025-01-29T16:13:01.351Z","Active","github.com/nats-io/nats-server/v2","v2.1.2","2.1.9","Yes","No","No","github.com/argonsecurity/argon-universal-scanner","N/A","N/A"
"CVE-2020-28466","Denial of service in github.com/nats-io/nats-server/server","HIGH","package-test","","go-app/go.mod","N/A","2025-01-29T16:13:01.351Z","Active","github.com/nats-io/nats-server/v2","v2.1.2","2.2.0","Yes","No","No","github.com/argonsecurity/argon-universal-scanner","N/A","N/A"
"CVE-2022-24450","nats-server: misusing the ""dynamically provisioned sandbox accounts"" feature  authenticated user can obtain the privileges of the System account","HIGH","package-test","","go-app/go.mod","N/A","2025-01-29T16:13:01.351Z","Active","github.com/nats-io/nats-server/v2","v2.1.2","2.7.2","Yes","No","No","github.com/argonsecurity/argon-universal-scanner","N/A","N/A"
"CVE-2022-29946","nats-server: Negative user permissions not enforced in one scenario","HIGH","package-test","","go-app/go.mod","N/A","2025-01-29T16:13:01.351Z","Active","github.com/nats-io/nats-server/v2","v2.1.2","2.8.2","Yes","No","No","github.com/argonsecurity/argon-universal-scanner","N/A","N/A"
"GHSA-2c64-vj8g-vwrq","Incorrect handling of credential expiry by /nats-io/nats-server","HIGH","package-test","","go-app/go.mod","N/A","2025-01-29T16:13:01.351Z","Active","github.com/nats-io/nats-server/v2","v2.1.2","2.1.9","Yes","No","No","github.com/argonsecurity/argon-universal-scanner","N/A","N/A"
"GHSA-hmm9-r2m2-qg9w","Nil dereference in NATS JWT causing DoS of nats-server","HIGH","package-test","","go-app/go.mod","N/A","2025-01-29T16:13:01.351Z","Active","github.com/nats-io/nats-server/v2","v2.1.2","2.1.9","Yes","No","No","github.com/argonsecurity/argon-universal-scanner","N/A","N/A"
"GHSA-j756-f273-xhp4","github.com/nats-io/nats-server Import token permissions checking not enforced","HIGH","package-test","","go-app/go.mod","N/A","2025-01-29T16:13:01.351Z","Active","github.com/nats-io/nats-server/v2","v2.1.2","2.2.0","Yes","No","No","github.com/argonsecurity/argon-universal-scanner","N/A","N/A"
"CVE-2022-28946","Out of bounds memory access in github.com/open-policy-agent/opa","HIGH","package-test","","go-app/go.mod","N/A","2025-01-29T16:13:01.351Z","Active","github.com/open-policy-agent/opa","v0.30.1","0.40.0","Yes","No","Yes","-","N/A","N/A"
"CVE-2022-33082","open-policy-agent: possible DoS via crafted input","HIGH","package-test","","go-app/go.mod","N/A","2025-01-29T16:13:01.351Z","Active","github.com/open-policy-agent/opa","v0.30.1","0.42.0","Yes","No","Yes","-","N/A","N/A"
"CVE-2021-30465","runc: vulnerable to symlink exchange attack","HIGH","package-test","","go-app/go.mod","N/A","2025-01-29T16:13:01.351Z","Active","github.com/opencontainers/runc","v1.0.0-rc92","1.0.0-rc95","Yes","No","No","github.com/argonsecurity/argon-universal-scanner","N/A","N/A"
"CVE-2022-21698","prometheus/client_golang: Denial of service using InstrumentHandlerCounter","HIGH","package-test","","go-app/go.mod","N/A","2025-01-29T16:13:01.351Z","Active","github.com/prometheus/client_golang","v1.7.1","1.11.1","Yes","No","No","github.com/argonsecurity/argon-universal-scanner","N/A","N/A"
"CVE-2020-7667","github.com/sassoftware/go-rpmutils Arbitrary File Write via Archive Extraction (Zip Slip)","HIGH","package-test","","go-app/go.mod","N/A","2025-01-29T16:13:01.351Z","Active","github.com/sassoftware/go-rpmutils","v0.0.0-20190420191620-a8f1baeba37b","0.1.0","Yes","No","No","github.com/argonsecurity/argon-universal-scanner","N/A","N/A"
"CVE-2020-16845","golang: ReadUvarint and ReadVarint can read an unlimited number of bytes from invalid inputs","HIGH","package-test","","go-app/go.mod","N/A","2025-01-29T16:13:01.351Z","Active","github.com/ulikunitz/xz","v0.5.7","0.5.8","Yes","No","No","github.com/argonsecurity/argon-universal-scanner","N/A","N/A"
"CVE-2021-29482","ulikunitz/xz: Infinite loop in readUvarint allows for denial of service","HIGH","package-test","","go-app/go.mod","N/A","2025-01-29T16:13:01.351Z","Active","github.com/ulikunitz/xz","v0.5.7","0.5.8","Yes","No","No","github.com/argonsecurity/argon-universal-scanner","N/A","N/A"
"CVE-2022-21221","Path traversal in github.com/valyala/fasthttp","HIGH","package-test","","go-app/go.mod","N/A","2025-01-29T16:13:01.351Z","Active","github.com/valyala/fasthttp","v1.2.0","1.34.0","Yes","No","No","github.com/argonsecurity/argon-universal-scanner","N/A","N/A"
"CVE-2018-16886","etcd: Improper Authentication in auth/store.go:AuthInfoFromTLS() via gRPC-gateway","HIGH","package-test","","go-app/go.mod","N/A","2025-01-29T16:13:01.351Z","Active","go.etcd.io/etcd","v0.0.0-20191023171146-3cf2f69b5738","0.5.0-alpha.5.0.20190108173120-83c051b701d3","Yes","No","No","github.com/argonsecurity/argon-universal-scanner","N/A","N/A"
"CVE-2020-15114","etcd: gateway can include itself as an endpoint resulting in resource exhaustion and leads to DoS","HIGH","package-test","","go-app/go.mod","N/A","2025-01-29T16:13:01.351Z","Active","go.etcd.io/etcd","v0.0.0-20191023171146-3cf2f69b5738","3.4.10, 3.3.23","Yes","No","No","github.com/argonsecurity/argon-universal-scanner","N/A","N/A"
"CVE-2024-45337","golang.org/x/crypto/ssh: Misuse of ServerConfig.PublicKeyCallback may cause authorization bypass in golang.org/x/crypto","CRITICAL","package-test","","go-app/go.mod","N/A","2025-01-29T16:13:01.351Z","Active","golang.org/x/crypto","v0.0.0-20210421170649-83a5a9bb288b","0.31.0","Yes","No","No","github.com/argonsecurity/argon-universal-scanner","N/A","N/A"
"CVE-2021-43565","golang.org/x/crypto: empty plaintext packet causes panic","HIGH","package-test","","go-app/go.mod","N/A","2025-01-29T16:13:01.351Z","Active","golang.org/x/crypto","v0.0.0-20210421170649-83a5a9bb288b","0.0.0-20211202192323-5770296d904e","Yes","No","No","github.com/argonsecurity/argon-universal-scanner","N/A","N/A"
"CVE-2022-27191","golang: crash in a golang.org/x/crypto/ssh server","HIGH","package-test","","go-app/go.mod","N/A","2025-01-29T16:13:01.351Z","Active","golang.org/x/crypto","v0.0.0-20210421170649-83a5a9bb288b","0.0.0-20220314234659-1baeb1ce4c0b","Yes","No","No","github.com/argonsecurity/argon-universal-scanner","N/A","N/A"
"CVE-2024-24792","Parsing a corrupt or malicious image with invalid color indices can ca ...","HIGH","package-test","","go-app/go.mod","N/A","2025-01-29T16:13:01.351Z","Active","golang.org/x/image","v0.0.0-20190802002840-cff245a6509b","0.18.0","Yes","No","No","github.com/argonsecurity/argon-universal-scanner","N/A","N/A"
"CVE-2021-33194","golang: x/net/html: infinite loop in ParseFragment","HIGH","package-test","","go-app/go.mod","N/A","2025-01-29T16:13:01.351Z","Active","golang.org/x/net","v0.0.0-20210405180319-a5a99cb37ef4","0.0.0-20210520170846-37e1c6afe023","Yes","No","No","github.com/argonsecurity/argon-universal-scanner","N/A","N/A"
"CVE-2022-27664","golang: net/http: handle server errors after sending GOAWAY","HIGH","package-test","","go-app/go.mod","N/A","2025-01-29T16:13:01.351Z","Active","golang.org/x/net","v0.0.0-20210405180319-a5a99cb37ef4","0.0.0-20220906165146-f3363e06e74c","Yes","No","No","github.com/argonsecurity/argon-universal-scanner","N/A","N/A"
"CVE-2022-41723","golang.org/x/net/http2: avoid quadratic complexity in HPACK decoding","HIGH","package-test","","go-app/go.mod","N/A","2025-01-29T16:13:01.351Z","Active","golang.org/x/net","v0.0.0-20210405180319-a5a99cb37ef4","0.7.0","Yes","No","No","github.com/argonsecurity/argon-universal-scanner","N/A","N/A"
"CVE-2023-39325","golang: net/http, x/net/http2: rapid stream resets can cause excessive work (CVE-2023-44487)","HIGH","package-test","","go-app/go.mod","N/A","2025-01-29T16:13:01.351Z","Active","golang.org/x/net","v0.0.0-20210405180319-a5a99cb37ef4","0.17.0","Yes","No","No","github.com/argonsecurity/argon-universal-scanner","N/A","N/A"
"CVE-2024-45338","golang.org/x/net/html: Non-linear parsing of case-insensitive content in golang.org/x/net/html","HIGH","package-test","","go-app/go.mod","N/A","2025-01-29T16:13:01.351Z","Active","golang.org/x/net","v0.0.0-20210405180319-a5a99cb37ef4","0.33.0","Yes","No","No","github.com/argonsecurity/argon-universal-scanner","N/A","N/A"
"CVE-2024-45337","golang.org/x/crypto/ssh: Misuse of ServerConfig.PublicKeyCallback may cause authorization bypass in golang.org/x/crypto","CRITICAL","package-test","","go-util/go.mod","N/A","2025-01-29T16:13:01.351Z","Active","golang.org/x/crypto","v0.0.0-20191011191535-87dc89f01550","0.31.0","Yes","No","No","github.com/argonsecurity/package-test/printer","N/A","N/A"
"CVE-2022-32149","golang: golang.org/x/text/language: ParseAcceptLanguage takes a long time to parse complex tags","HIGH","package-test","","go-app/go.mod","N/A","2025-01-29T16:13:01.351Z","Active","golang.org/x/text","v0.3.7","0.3.8","Yes","No","No","github.com/argonsecurity/argon-universal-scanner","N/A","N/A"
"GHSA-m425-mq94-257g","gRPC-Go HTTP/2 Rapid Reset vulnerability","HIGH","package-test","","go-app/go.mod","N/A","2025-01-29T16:13:01.351Z","Active","google.golang.org/grpc","v1.38.0","1.56.3, 1.57.1, 1.58.3","Yes","No","No","github.com/argonsecurity/argon-universal-scanner","N/A","N/A"
"CVE-2022-28948","golang-gopkg-yaml: crash when attempting to deserialize invalid input","HIGH","package-test","","go-app/go.mod","N/A","2025-01-29T16:13:01.351Z","Active","gopkg.in/yaml.v3","v3.0.0-20210107192922-496545a6307b","3.0.0-20220521103104-8f96da9f5d5e","Yes","No","Yes","-","N/A","N/A"
"CVE-2019-11253","kubernetes: YAML parsing vulnerable to ""Billion Laughs"" attack, allowing for remote denial of service","HIGH","package-test","","go-app/go.mod","N/A","2025-01-29T16:13:01.351Z","Active","k8s.io/kubernetes","v1.13.0","1.13.12, 1.14.8, 1.15.5, 1.16.2","Yes","No","No","github.com/argonsecurity/argon-universal-scanner","N/A","N/A"
"CVE-2020-8558","kubernetes: node localhost services reachable via martian packets","HIGH","package-test","","go-app/go.mod","N/A","2025-01-29T16:13:01.351Z","Active","k8s.io/kubernetes","v1.13.0","1.18.4, 1.17.7, 1.16.11","Yes","No","No","github.com/argonsecurity/argon-universal-scanner","N/A","N/A"
"CVE-2018-14630","Moodle XML import of ddwtos could lead to intentional remote code execution","HIGH","package-test","","php-app/composer.lock","N/A","2025-01-29T16:13:01.351Z","Active","moodle/moodle","v2.6.2","3.5.2, 3.4.5, 3.3.8, 3.1.14","Yes","No","Yes","-","N/A","N/A"
"CVE-2021-25741","kubernetes: Symlink exchange can allow host filesystem access","HIGH","package-test","","go-app/go.mod","N/A","2025-01-29T16:13:01.351Z","Active","k8s.io/kubernetes","v1.13.0","1.19.15, 1.20.11, 1.21.5, 1.22.2","Yes","No","No","github.com/argonsecurity/argon-universal-scanner","N/A","N/A"
"CVE-2023-3676","kubernetes: Insufficient input sanitization on Windows nodes leads to privilege escalation","HIGH","package-test","","go-app/go.mod","N/A","2025-01-29T16:13:01.351Z","Active","k8s.io/kubernetes","v1.13.0","1.28.1, 1.27.5, 1.26.8, 1.25.13, 1.24.17","Yes","No","No","github.com/argonsecurity/argon-universal-scanner","N/A","N/A"
"CVE-2023-3955","kubernetes: Insufficient input sanitization on Windows nodes leads to privilege escalation","HIGH","package-test","","go-app/go.mod","N/A","2025-01-29T16:13:01.351Z","Active","k8s.io/kubernetes","v1.13.0","1.28.1, 1.27.5, 1.26.8, 1.25.13, 1.24.17","Yes","No","No","github.com/argonsecurity/argon-universal-scanner","N/A","N/A"
"CVE-2023-5528","kubernetes: Insufficient input sanitization in in-tree storage plugin leads to privilege escalation on Windows nodes","HIGH","package-test","","go-app/go.mod","N/A","2025-01-29T16:13:01.351Z","Active","k8s.io/kubernetes","v1.13.0","1.28.4, 1.27.8, 1.26.11, 1.25.16","Yes","No","No","github.com/argonsecurity/argon-universal-scanner","N/A","N/A"
"CVE-2024-0793","kube-controller-manager: malformed HPA v1 manifest causes crash","HIGH","package-test","","go-app/go.mod","N/A","2025-01-29T16:13:01.351Z","Active","k8s.io/kubernetes","v1.13.0","1.27.0-alpha.1","Yes","No","No","github.com/argonsecurity/argon-universal-scanner","N/A","N/A"
"CVE-2024-10220","kubernetes: Arbitrary command execution through gitRepo volume","HIGH","package-test","","go-app/go.mod","N/A","2025-01-29T16:13:01.351Z","Active","k8s.io/kubernetes","v1.13.0","1.28.12, 1.29.7, 1.30.3","Yes","No","No","github.com/argonsecurity/argon-universal-scanner","N/A","N/A"
"CVE-2024-5321","kubelet: Incorrect permissions on Windows containers logs","HIGH","package-test","","go-app/go.mod","N/A","2025-01-29T16:13:01.351Z","Active","k8s.io/kubernetes","v1.13.0","1.27.16, 1.28.12, 1.29.7, 1.30.3","Yes","No","No","github.com/argonsecurity/argon-universal-scanner","N/A","N/A"
"GHSA-v6gp-9mmm-c6p5","Out-of-bounds Write in zlib affects Nokogiri","HIGH","package-test","","ruby/Gemfile.lock","N/A","2025-01-29T16:13:01.351Z","Active","nokogiri","1.10.4","1.13.4","Yes","No","No","acl9@3.1.0","N/A","N/A"
"CVE-2020-29652","golang: crypto/ssh: crafted authentication request can lead to nil pointer dereference","HIGH","package-test","","go-util/go.mod","N/A","2025-01-29T16:13:01.351Z","Active","golang.org/x/crypto","v0.0.0-20191011191535-87dc89f01550","0.0.0-20201216223049-8b5274cf687f","Yes","No","No","github.com/argonsecurity/package-test/printer","N/A","N/A"
"CVE-2020-7919","golang: Integer overflow on 32bit architectures via crafted certificate allows for denial of service","HIGH","package-test","","go-util/go.mod","N/A","2025-01-29T16:13:01.351Z","Active","golang.org/x/crypto","v0.0.0-20191011191535-87dc89f01550","0.0.0-20200124225646-8b5121be2f68","Yes","No","No","github.com/argonsecurity/package-test/printer","N/A","N/A"
"CVE-2020-9283","golang.org/x/crypto: Processing of crafted ssh-ed25519 public keys allows for panic","HIGH","package-test","","go-util/go.mod","N/A","2025-01-29T16:13:01.351Z","Active","golang.org/x/crypto","v0.0.0-20191011191535-87dc89f01550","0.0.0-20200220183623-bac4c82f6975","Yes","No","No","github.com/argonsecurity/package-test/printer","N/A","N/A"
"CVE-2021-43565","golang.org/x/crypto: empty plaintext packet causes panic","HIGH","package-test","","go-util/go.mod","N/A","2025-01-29T16:13:01.351Z","Active","golang.org/x/crypto","v0.0.0-20191011191535-87dc89f01550","0.0.0-20211202192323-5770296d904e","Yes","No","No","github.com/argonsecurity/package-test/printer","N/A","N/A"
"CVE-2022-27191","golang: crash in a golang.org/x/crypto/ssh server","HIGH","package-test","","go-util/go.mod","N/A","2025-01-29T16:13:01.351Z","Active","golang.org/x/crypto","v0.0.0-20191011191535-87dc89f01550","0.0.0-20220314234659-1baeb1ce4c0b","Yes","No","No","github.com/argonsecurity/package-test/printer","N/A","N/A"
"CVE-2021-33194","golang: x/net/html: infinite loop in ParseFragment","HIGH","package-test","","go-util/go.mod","N/A","2025-01-29T16:13:01.351Z","Active","golang.org/x/net","v0.0.0-20210405180319-a5a99cb37ef4","0.0.0-20210520170846-37e1c6afe023","Yes","No","No","github.com/argonsecurity/package-test/printer","N/A","N/A"
"CVE-2022-27664","golang: net/http: handle server errors after sending GOAWAY","HIGH","package-test","","go-util/go.mod","N/A","2025-01-29T16:13:01.351Z","Active","golang.org/x/net","v0.0.0-20210405180319-a5a99cb37ef4","0.0.0-20220906165146-f3363e06e74c","Yes","No","No","github.com/argonsecurity/package-test/printer","N/A","N/A"
"CVE-2022-41723","golang.org/x/net/http2: avoid quadratic complexity in HPACK decoding","HIGH","package-test","","go-util/go.mod","N/A","2025-01-29T16:13:01.351Z","Active","golang.org/x/net","v0.0.0-20210405180319-a5a99cb37ef4","0.7.0","Yes","No","No","github.com/argonsecurity/package-test/printer","N/A","N/A"
"CVE-2023-39325","golang: net/http, x/net/http2: rapid stream resets can cause excessive work (CVE-2023-44487)","HIGH","package-test","","go-util/go.mod","N/A","2025-01-29T16:13:01.351Z","Active","golang.org/x/net","v0.0.0-20210405180319-a5a99cb37ef4","0.17.0","Yes","No","No","github.com/argonsecurity/package-test/printer","N/A","N/A"
"CVE-2024-45338","golang.org/x/net/html: Non-linear parsing of case-insensitive content in golang.org/x/net/html","HIGH","package-test","","go-util/go.mod","N/A","2025-01-29T16:13:01.351Z","Active","golang.org/x/net","v0.0.0-20210405180319-a5a99cb37ef4","0.33.0","Yes","No","No","github.com/argonsecurity/package-test/printer","N/A","N/A"
"CVE-2021-37654","Heap OOB and CHECK fail in `ResourceGather`","HIGH","package-test","","sast-rules-test/scan-tests/reachability/pypi/requirements.txt","N/A","2025-01-29T16:13:01.351Z","Active","tensorflow","2.1.0","2.3.4, 2.4.3, 2.5.1","Yes","No","Yes","-","N/A","N/A"
"CVE-2021-38561","golang: out-of-bounds read in golang.org/x/text/language leads to DoS","HIGH","package-test","","go-util/go.mod","N/A","2025-01-29T16:13:01.351Z","Active","golang.org/x/text","v0.3.3","0.3.7","Yes","No","No","github.com/argonsecurity/package-test/printer","N/A","N/A"
"CVE-2022-32149","golang: golang.org/x/text/language: ParseAcceptLanguage takes a long time to parse complex tags","HIGH","package-test","","go-util/go.mod","N/A","2025-01-29T16:13:01.351Z","Active","golang.org/x/text","v0.3.3","0.3.8","Yes","No","No","github.com/argonsecurity/package-test/printer","N/A","N/A"
"CVE-2022-28948","golang-gopkg-yaml: crash when attempting to deserialize invalid input","HIGH","package-test","","go-util/go.mod","N/A","2025-01-29T16:13:01.351Z","Active","gopkg.in/yaml.v3","v3.0.0-20200313102051-9f266ea9e77c","3.0.0-20220521103104-8f96da9f5d5e","Yes","No","No","github.com/argonsecurity/package-test/printer","N/A","N/A"
"CVE-2021-36392","Moodle SQL Injection vulnerability","CRITICAL","package-test","","php-app/composer.lock","N/A","2025-01-29T16:13:01.351Z","Active","moodle/moodle","v2.6.2","3.11.1, 3.10.5, 3.9.8","Yes","No","Yes","-","N/A","N/A"
"CVE-2021-36393","Moodle SQL Injection vulnerability","CRITICAL","package-test","","php-app/composer.lock","N/A","2025-01-29T16:13:01.351Z","Active","moodle/moodle","v2.6.2","3.11.1, 3.10.5, 3.9.8","Yes","No","Yes","-","N/A","N/A"
"CVE-2022-40314","Moodle remote code execution","CRITICAL","package-test","","php-app/composer.lock","N/A","2025-01-29T16:13:01.351Z","Active","moodle/moodle","v2.6.2","3.9.17, 3.11.10, 4.0.4","Yes","No","Yes","-","N/A","N/A"
"CVE-2023-28333","Moodle's Mustache pix helper contained a potential Mustache injection risk if combined with user input","CRITICAL","package-test","","php-app/composer.lock","N/A","2025-01-29T16:13:01.351Z","Active","moodle/moodle","v2.6.2","4.1.2, 4.0.7, 3.11.13, 3.9.20","Yes","No","Yes","-","N/A","N/A"
"CVE-2014-3541","Moodle vulnerable to PHP object injection attacks","HIGH","package-test","","php-app/composer.lock","N/A","2025-01-29T16:13:01.351Z","Active","moodle/moodle","v2.6.2","2.4.11, 2.5.7, 2.6.4, 2.7.1","Yes","No","Yes","-","N/A","N/A"
"CVE-2014-7845","Moodle Temporary Passwords are Brute Force-able","HIGH","package-test","","php-app/composer.lock","N/A","2025-01-29T16:13:01.351Z","Active","moodle/moodle","v2.6.2","2.7.3, 2.6.6, 2.5.9","Yes","No","Yes","-","N/A","N/A"
"CVE-2015-5267","Moodle uses predictable password-recovery tokens","HIGH","package-test","","php-app/composer.lock","N/A","2025-01-29T16:13:01.351Z","Active","moodle/moodle","v2.6.2","2.7.10, 2.8.8, 2.9.2","Yes","No","Yes","-","N/A","N/A"
"CVE-2015-5338","Moodle multiple cross-site request forgery (CSRF) vulnerabilities","HIGH","package-test","","php-app/composer.lock","N/A","2025-01-29T16:13:01.351Z","Active","moodle/moodle","v2.6.2","2.7.11, 2.8.9, 2.9.3","Yes","No","Yes","-","N/A","N/A"
"CVE-2016-2157","Moodle cross-site request forgery (CSRF) vulnerability","HIGH","package-test","","php-app/composer.lock","N/A","2025-01-29T16:13:01.351Z","Active","moodle/moodle","v2.6.2","2.7.13, 2.8.11, 2.9.5, 3.0.3","Yes","No","Yes","-","N/A","N/A"
"CVE-2016-3734","Moodle Cross-site request forgery (CSRF) vulnerability","HIGH","package-test","","php-app/composer.lock","N/A","2025-01-29T16:13:01.351Z","Active","moodle/moodle","v2.6.2","2.7.14, 2.8.12, 2.9.6, 3.0.4","Yes","No","Yes","-","N/A","N/A"
"CVE-2016-9187","Moodle Unrestricted file upload vulnerability","HIGH","package-test","","php-app/composer.lock","N/A","2025-01-29T16:13:01.351Z","Active","moodle/moodle","v2.6.2","-","No","No","Yes","-","N/A","N/A"
"CVE-2019-3849","Moodle Users could elevate their role when accessing the LTI tool on a provider site","HIGH","package-test","","php-app/composer.lock","N/A","2025-01-29T16:13:01.351Z","Active","moodle/moodle","v2.6.2","3.4.8, 3.5.5, 3.6.3","Yes","No","Yes","-","N/A","N/A"
"CVE-2021-36394","Moodle Session Fixation vulnerability","HIGH","package-test","","php-app/composer.lock","N/A","2025-01-29T16:13:01.351Z","Active","moodle/moodle","v2.6.2","3.11.1, 3.10.5, 3.9.8","Yes","No","Yes","-","N/A","N/A"
"CVE-2021-36395","Moodle vulnerable to Uncontrolled Resource Consumption","HIGH","package-test","","php-app/composer.lock","N/A","2025-01-29T16:13:01.351Z","Active","moodle/moodle","v2.6.2","3.11.1, 3.10.5, 3.9.8","Yes","No","Yes","-","N/A","N/A"
"CVE-2021-36396","Moodle vulnerable to Server-Side Request Forgery","HIGH","package-test","","php-app/composer.lock","N/A","2025-01-29T16:13:01.351Z","Active","moodle/moodle","v2.6.2","3.11.1, 3.10.5, 3.9.8","Yes","No","Yes","-","N/A","N/A"
"CVE-2022-0983","SQL Injection in Moodle","HIGH","package-test","","php-app/composer.lock","N/A","2025-01-29T16:13:01.351Z","Active","moodle/moodle","v2.6.2","3.11.6, 3.10.10, 3.9.13","Yes","No","Yes","-","N/A","N/A"
"CVE-2023-23923","Moodle Improper Access Control vulnerability","HIGH","package-test","","php-app/composer.lock","N/A","2025-01-29T16:13:01.351Z","Active","moodle/moodle","v2.6.2","3.9.19, 3.11.12, 4.0.6, 4.1.1","Yes","No","Yes","-","N/A","N/A"
"CVE-2023-28329","Moodle SQL Injection vulnerability","HIGH","package-test","","php-app/composer.lock","N/A","2025-01-29T16:13:01.351Z","Active","moodle/moodle","v2.6.2","4.1.2, 4.0.7, 3.11.13, 3.9.20","Yes","No","Yes","-","N/A","N/A"
"CVE-2023-30944","Moodle SQL Injection vulnerability","HIGH","package-test","","php-app/composer.lock","N/A","2025-01-29T16:13:01.351Z","Active","moodle/moodle","v2.6.2","4.2.0-rc2","Yes","No","Yes","-","N/A","N/A"
"CVE-2023-35133","Moodle vulnerable to Server Side Request Forgery","HIGH","package-test","","php-app/composer.lock","N/A","2025-01-29T16:13:01.351Z","Active","moodle/moodle","v2.6.2","4.2.1, 4.1.4, 4.0.9, 3.11.15, 3.9.22","Yes","No","Yes","-","N/A","N/A"
"CVE-2023-5540","Moodle Code Injection vulnerability","HIGH","package-test","","php-app/composer.lock","N/A","2025-01-29T16:13:01.351Z","Active","moodle/moodle","v2.6.2","4.3.0-rc2","Yes","No","Yes","-","N/A","N/A"
"CVE-2024-25978","Uncontrolled Resource Consumption in moodle","HIGH","package-test","","php-app/composer.lock","N/A","2025-01-29T16:13:01.351Z","Active","moodle/moodle","v2.6.2","4.3.3, 4.2.6, 4.1.9","Yes","No","Yes","-","N/A","N/A"
"CVE-2024-25982","Cross-Site Request Forgery in moodle","HIGH","package-test","","php-app/composer.lock","N/A","2025-01-29T16:13:01.351Z","Active","moodle/moodle","v2.6.2","4.3.3, 4.2.6, 4.1.9","Yes","No","Yes","-","N/A","N/A"
"CVE-2024-34001","Moodle CSRF risk in admin preset tool management of presets","HIGH","package-test","","php-app/composer.lock","N/A","2025-01-29T16:13:01.351Z","Active","moodle/moodle","v2.6.2","4.3.4, 4.2.7, 4.1.10","Yes","No","Yes","-","N/A","N/A"
"CVE-2024-34002","Moodle Authenticated LFI risk in some misconfigured shared hosting environments","HIGH","package-test","","php-app/composer.lock","N/A","2025-01-29T16:13:01.351Z","Active","moodle/moodle","v2.6.2","4.3.4, 4.2.7, 4.1.10","Yes","No","Yes","-","N/A","N/A"
"CVE-2024-34005","Moodle Authenticated LFI risk in some misconfigured shared hosting environments","HIGH","package-test","","php-app/composer.lock","N/A","2025-01-29T16:13:01.351Z","Active","moodle/moodle","v2.6.2","4.3.4, 4.2.7, 4.1.10","Yes","No","Yes","-","N/A","N/A"
"CVE-2024-34008","Moodle CSRF risk in analytics management of models","HIGH","package-test","","php-app/composer.lock","N/A","2025-01-29T16:13:01.351Z","Active","moodle/moodle","v2.6.2","4.3.4, 4.2.7, 4.1.10","Yes","No","Yes","-","N/A","N/A"
"CVE-2024-43425","Moodle Remote Code Execution vulnerability","HIGH","package-test","","php-app/composer.lock","N/A","2025-01-29T16:13:01.351Z","Active","moodle/moodle","v2.6.2","4.1.12, 4.2.9, 4.3.6, 4.4.2","Yes","No","Yes","-","N/A","N/A"
"CVE-2024-43434","Moodle has CSRF risk in Feedback non-respondents report","HIGH","package-test","","php-app/composer.lock","N/A","2025-01-29T16:13:01.351Z","Active","moodle/moodle","v2.6.2","4.1.12, 4.2.9, 4.3.6, 4.4.2","Yes","No","Yes","-","N/A","N/A"
"CVE-2022-23633","rubygem-actionpack: information leak between requests","HIGH","package-test","","ruby/Gemfile.lock","N/A","2025-01-29T16:13:01.351Z","Active","actionpack","6.0.0","~>5.2.6, >=5.2.6.2, ~>6.0.4, >=6.0.4.6, ~>6.1.4, >=6.1.4.6, >=7.0.2.2","Yes","No","No","acl9@3.1.0","N/A","N/A"
"CVE-2023-23913","rails: DOM Based Cross-site Scripting in rails-ujs for contenteditable HTML Elements","HIGH","package-test","","ruby/Gemfile.lock","N/A","2025-01-29T16:13:01.351Z","Active","actionview","6.0.0","~>6.1.7.3, >=7.0.4.3","Yes","No","No","acl9@3.1.0","N/A","N/A"
"CVE-2021-37655","Heap OOB in `ResourceScatterUpdate`","HIGH","package-test","","sast-rules-test/scan-tests/reachability/pypi/requirements.txt","N/A","2025-01-29T16:13:01.351Z","Active","tensorflow","2.1.0","2.3.4, 2.4.3, 2.5.1","Yes","No","Yes","-","N/A","N/A"
"CVE-2021-29469","Node-redis is a Node.js Redis client. Before version 3.1.1, when a cli ...","HIGH","package-test","","redis/Aqua-Lockfiles-764532369/npmLockfiles-3076808485/package.json-409404430/package.json","N/A","2025-01-29T16:13:01.351Z","Active","redis","3.0.2","3.1.1","Yes","No","Yes","-","N/A","N/A"
"CVE-2020-8164","rubygem-actionpack: possible strong parameters bypass","HIGH","package-test","","ruby/Gemfile.lock","N/A","2025-01-29T16:13:01.351Z","Active","actionpack","6.0.0","~>5.2.4, >=5.2.4.3, >=6.0.3.1","Yes","No","No","acl9@3.1.0","N/A","N/A"
"CVE-2021-37659","Reference binding to nullptr and heap OOB in binary cwise ops","HIGH","package-test","","sast-rules-test/scan-tests/reachability/pypi/requirements.txt","N/A","2025-01-29T16:13:01.351Z","Active","tensorflow","2.1.0","2.3.4, 2.4.3, 2.5.1","Yes","No","Yes","-","N/A","N/A"
"CVE-2021-22885","rubygem-actionpack: Possible Information Disclosure / Unintended Method Execution in Action Pack","HIGH","package-test","","ruby/Gemfile.lock","N/A","2025-01-29T16:13:01.351Z","Active","actionpack","6.0.0","~>5.2.4.6, ~>5.2.6, ~>6.0.3, >=6.0.3.7, >=6.1.3.2","Yes","No","No","acl9@3.1.0","N/A","N/A"
"CVE-2021-22902","rails: Possible Denial of Service vulnerability in Action Dispatch","HIGH","package-test","","ruby/Gemfile.lock","N/A","2025-01-29T16:13:01.351Z","Active","actionpack","6.0.0","~>6.0.3, >=6.0.3.7, >=6.1.3.2","Yes","No","No","acl9@3.1.0","N/A","N/A"
"CVE-2021-22904","rails: Possible DoS Vulnerability in Action Controller Token Authentication","HIGH","package-test","","ruby/Gemfile.lock","N/A","2025-01-29T16:13:01.351Z","Active","actionpack","6.0.0","~>5.2.4.6, ~>5.2.6, ~>6.0.3, >=6.0.3.7, >=6.1.3.2","Yes","No","No","acl9@3.1.0","N/A","N/A"
"CVE-2021-22942","rubygem-actionpack: possible open redirect in the Host Authorization middleware","HIGH","package-test","","ruby/Gemfile.lock","N/A","2025-01-29T16:13:01.351Z","Active","actionpack","6.0.0","~>6.0.4, >=6.0.4.1, >=6.1.4.1","Yes","No","No","acl9@3.1.0","N/A","N/A"
"CVE-2023-22792","rubygem-actionpack: Denial of Service in Action Dispatch","HIGH","package-test","","ruby/Gemfile.lock","N/A","2025-01-29T16:13:01.351Z","Active","actionpack","6.0.0","~>5.2.8, >=5.2.8.15, ~>6.1.7, >=6.1.7.1, >=7.0.4.1","Yes","No","No","acl9@3.1.0","N/A","N/A"
"CVE-2023-22795","rubygem-actionpack: Denial of Service in Action Dispatch","HIGH","package-test","","ruby/Gemfile.lock","N/A","2025-01-29T16:13:01.351Z","Active","actionpack","6.0.0","~>5.2.8, >=5.2.8.15, ~>6.1.7, >=6.1.7.1, >=7.0.4.1","Yes","No","No","acl9@3.1.0","N/A","N/A"
"CVE-2022-32224","activerecord: Possible RCE escalation bug with Serialized Columns in Active Record","CRITICAL","package-test","","ruby/Gemfile.lock","N/A","2025-01-29T16:13:01.351Z","Active","activerecord","6.0.0","~>5.2.8, >=5.2.8.1, ~>6.0.5, >=6.0.5.1, ~>6.1.6, >=6.1.6.1, >=7.0.3.1","Yes","No","No","acl9@3.1.0","N/A","N/A"
"CVE-2022-24836","nokogiri: ReDoS in HTML encoding detection","HIGH","package-test","","ruby/Gemfile.lock","N/A","2025-01-29T16:13:01.351Z","Active","nokogiri","1.10.4",">=1.13.4","Yes","No","No","acl9@3.1.0","N/A","N/A"
"CVE-2022-44566","rubygem-activerecord: Denial of Service","HIGH","package-test","","ruby/Gemfile.lock","N/A","2025-01-29T16:13:01.351Z","Active","activerecord","6.0.0","~>5.2.8, >=5.2.8.15, ~>6.1.7, >=6.1.7.1, >=7.0.4.1","Yes","No","No","acl9@3.1.0","N/A","N/A"
"CVE-2023-22794","rubygem-activerecord: SQL Injection","HIGH","package-test","","ruby/Gemfile.lock","N/A","2025-01-29T16:13:01.351Z","Active","activerecord","6.0.0","~>6.0.6, >=6.0.6.1, ~>6.1.7, >=6.1.7.1, >=7.0.4.1","Yes","No","No","acl9@3.1.0","N/A","N/A"
"CVE-2022-21831","rubygem-activestorage: Code injection vulnerability in ActiveStorage","CRITICAL","package-test","","ruby/Gemfile.lock","N/A","2025-01-29T16:13:01.351Z","Active","activestorage","6.0.0","~>5.2.6, >=5.2.6.3, ~>6.0.4, >=6.0.4.7, ~>6.1.4, >=6.1.4.7, >=7.0.2.3","Yes","No","No","acl9@3.1.0","N/A","N/A"
"CVE-2020-8162","rubygem-activestorage: circumvention of file size limits in ActiveStorage","HIGH","package-test","","ruby/Gemfile.lock","N/A","2025-01-29T16:13:01.351Z","Active","activestorage","6.0.0","~>5.2.4, >=5.2.4.3, >=6.0.3.1","Yes","No","No","acl9@3.1.0","N/A","N/A"
"CVE-2020-8165","rubygem-activesupport: potentially unintended unmarshalling of user-provided objects in MemCacheStore and RedisCacheStore","CRITICAL","package-test","","ruby/Gemfile.lock","N/A","2025-01-29T16:13:01.351Z","Active","activesupport","6.0.0","~>5.2.4, >=5.2.4.3, >=6.0.3.1","Yes","No","No","acl9@3.1.0","N/A","N/A"
"CVE-2023-22796","rubygem-activesupport: Regular Expression Denial of Service","HIGH","package-test","","ruby/Gemfile.lock","N/A","2025-01-29T16:13:01.351Z","Active","activesupport","6.0.0","~>5.2.8, >=5.2.8.15, ~>6.1.7, >=6.1.7.1, >=7.0.4.1","Yes","No","No","acl9@3.1.0","N/A","N/A"
"CVE-2023-22799","rubygem-globalid: ReDoS vulnerability","HIGH","package-test","","ruby/Gemfile.lock","N/A","2025-01-29T16:13:01.351Z","Active","globalid","0.4.2",">=1.0.1","Yes","No","No","acl9@3.1.0","N/A","N/A"
"CVE-2022-23514","rubygem-loofah: inefficient regular expression leading to denial of service","HIGH","package-test","","ruby/Gemfile.lock","N/A","2025-01-29T16:13:01.351Z","Active","loofah","2.2.3",">=2.19.1","Yes","No","No","acl9@3.1.0","N/A","N/A"
"CVE-2022-23516","rubygem-loofah: Uncontrolled Recursion leading to denial of service","HIGH","package-test","","ruby/Gemfile.lock","N/A","2025-01-29T16:13:01.351Z","Active","loofah","2.2.3",">=2.19.1","Yes","No","No","acl9@3.1.0","N/A","N/A"
"CVE-2018-25032","zlib: A flaw found in zlib when compressing (not decompressing) certain inputs","HIGH","package-test","","ruby/Gemfile.lock","N/A","2025-01-29T16:13:01.351Z","Active","nokogiri","1.10.4",">=1.13.4","Yes","No","No","acl9@3.1.0","N/A","N/A"
"CVE-2019-13118","libxslt: read of uninitialized stack data due to too narrow xsl:number instruction and an invalid character","HIGH","package-test","","ruby/Gemfile.lock","N/A","2025-01-29T16:13:01.351Z","Active","nokogiri","1.10.4",">=1.10.5","Yes","No","No","acl9@3.1.0","N/A","N/A"
"CVE-2019-18197","libxslt: use after free in xsltCopyText in transform.c could lead to information disclosure","HIGH","package-test","","ruby/Gemfile.lock","N/A","2025-01-29T16:13:01.351Z","Active","nokogiri","1.10.4",">=1.10.5","Yes","No","No","acl9@3.1.0","N/A","N/A"
"CVE-2019-5815","chromium-browser: Heap buffer overflow in Blink","HIGH","package-test","","ruby/Gemfile.lock","N/A","2025-01-29T16:13:01.351Z","Active","nokogiri","1.10.4",">=1.10.5","Yes","No","No","acl9@3.1.0","N/A","N/A"
"GHSA-gx8x-g87m-h5q6","Denial of Service (DoS) in Nokogiri on JRuby","HIGH","package-test","","ruby/Gemfile.lock","N/A","2025-01-29T16:13:01.351Z","Active","nokogiri","1.10.4","1.13.4","Yes","No","No","acl9@3.1.0","N/A","N/A"
"CVE-2020-7595","libxml2: infinite loop in xmlStringLenDecodeEntities in some end-of-file situations","HIGH","package-test","","ruby/Gemfile.lock","N/A","2025-01-29T16:13:01.351Z","Active","nokogiri","1.10.4",">=1.10.8","Yes","No","No","acl9@3.1.0","N/A","N/A"
"CVE-2021-30560","Use after free in Blink XSLT in Google Chrome prior to 91.0.4472.164 a ...","HIGH","package-test","","ruby/Gemfile.lock","N/A","2025-01-29T16:13:01.351Z","Active","nokogiri","1.10.4",">=1.13.2","Yes","No","No","acl9@3.1.0","N/A","N/A"
"CVE-2021-3517","libxml2: Heap-based buffer overflow in xmlEncodeEntitiesInternal() in entities.c","HIGH","package-test","","ruby/Gemfile.lock","N/A","2025-01-29T16:13:01.351Z","Active","nokogiri","1.10.4",">=1.11.4","Yes","No","No","acl9@3.1.0","N/A","N/A"
"CVE-2021-3518","libxml2: Use-after-free in xmlXIncludeDoProcess() in xinclude.c","HIGH","package-test","","ruby/Gemfile.lock","N/A","2025-01-29T16:13:01.351Z","Active","nokogiri","1.10.4",">=1.11.4","Yes","No","No","acl9@3.1.0","N/A","N/A"
"CVE-2021-41098","rubygem-nokogiri: XEE on JRuby","HIGH","package-test","","ruby/Gemfile.lock","N/A","2025-01-29T16:13:01.351Z","Active","nokogiri","1.10.4",">=1.12.5","Yes","No","No","acl9@3.1.0","N/A","N/A"
"CVE-2022-24839","nokogiri: Uncontrolled Resource Consumption in org.cyberneko.html (nokogiri fork)","HIGH","package-test","","ruby/Gemfile.lock","N/A","2025-01-29T16:13:01.351Z","Active","nokogiri","1.10.4",">=1.13.4","Yes","No","No","acl9@3.1.0","N/A","N/A"
"CVE-2022-29181","rubygem-nokogiri: Improper Handling of Unexpected Data Type in Nokogiri","HIGH","package-test","","ruby/Gemfile.lock","N/A","2025-01-29T16:13:01.351Z","Active","nokogiri","1.10.4",">=1.13.6","Yes","No","No","acl9@3.1.0","N/A","N/A"
"GHSA-7rrm-v45f-jp64","Update packaged dependency libxml2 from 2.9.10 to 2.9.12","HIGH","package-test","","ruby/Gemfile.lock","N/A","2025-01-29T16:13:01.351Z","Active","nokogiri","1.10.4",">=1.11.4","Yes","No","No","acl9@3.1.0","N/A","N/A"
"GHSA-cgx6-hpwq-fhv5","Integer Overflow or Wraparound in libxml2 affects Nokogiri","HIGH","package-test","","ruby/Gemfile.lock","N/A","2025-01-29T16:13:01.351Z","Active","nokogiri","1.10.4",">=1.13.5","Yes","No","No","acl9@3.1.0","N/A","N/A"
"GHSA-fq42-c5rg-92c2","Vulnerable dependencies in Nokogiri","HIGH","package-test","","ruby/Gemfile.lock","N/A","2025-01-29T16:13:01.351Z","Active","nokogiri","1.10.4","1.13.2","Yes","No","No","acl9@3.1.0","N/A","N/A"
"CVE-2021-37663","Incomplete validation in `QuantizeV2`","HIGH","package-test","","sast-rules-test/scan-tests/reachability/pypi/requirements.txt","N/A","2025-01-29T16:13:01.351Z","Active","tensorflow","2.1.0","2.3.4, 2.4.3, 2.5.1","Yes","No","Yes","-","N/A","N/A"
"CVE-2022-30123","rubygem-rack: crafted requests can cause shell escape sequences","CRITICAL","package-test","","ruby/Gemfile.lock","N/A","2025-01-29T16:13:01.351Z","Active","rack","2.0.7","~>2.0.9, >=2.0.9.1, ~>2.1.4, >=2.1.4.1, >=2.2.3.1","Yes","No","No","acl9@3.1.0","N/A","N/A"
"CVE-2020-8161","rubygem-rack: directory traversal in Rack::Directory","HIGH","package-test","","ruby/Gemfile.lock","N/A","2025-01-29T16:13:01.351Z","Active","rack","2.0.7","~>2.1.3, >=2.2.0","Yes","No","No","acl9@3.1.0","N/A","N/A"
"CVE-2020-8184","rubygem-rack: percent-encoded cookies can be used to overwrite existing prefixed cookie names","HIGH","package-test","","ruby/Gemfile.lock","N/A","2025-01-29T16:13:01.351Z","Active","rack","2.0.7","~>2.1.4, >=2.2.3","Yes","No","No","acl9@3.1.0","N/A","N/A"
"CVE-2022-30122","rubygem-rack: crafted multipart POST request may cause a DoS","HIGH","package-test","","ruby/Gemfile.lock","N/A","2025-01-29T16:13:01.351Z","Active","rack","2.0.7","~>2.0.9, >=2.0.9.1, ~>2.1.4, >=2.1.4.1, >=2.2.3.1","Yes","No","No","acl9@3.1.0","N/A","N/A"
"CVE-2022-44570","rubygem-rack: denial of service in Content-Disposition parsing","HIGH","package-test","","ruby/Gemfile.lock","N/A","2025-01-29T16:13:01.351Z","Active","rack","2.0.7","~>2.0.9, >=2.0.9.2, ~>2.1.4, >=2.1.4.2, ~>2.2.6, >=2.2.6.2, >=3.0.4.1","Yes","No","No","acl9@3.1.0","N/A","N/A"
"CVE-2022-44571","rubygem-rack: denial of service in Content-Disposition parsing","HIGH","package-test","","ruby/Gemfile.lock","N/A","2025-01-29T16:13:01.351Z","Active","rack","2.0.7","~>2.0.9, >=2.0.9.2, ~>2.1.4, >=2.1.4.2, ~>2.2.6, >=2.2.6.1, >=3.0.4.1","Yes","No","No","acl9@3.1.0","N/A","N/A"
"CVE-2022-44572","rubygem-rack: denial of service in Content-Disposition parsing","HIGH","package-test","","ruby/Gemfile.lock","N/A","2025-01-29T16:13:01.351Z","Active","rack","2.0.7","~>2.0.9, >=2.0.9.2, ~>2.1.4, >=2.1.4.2, ~>2.2.6, >=2.2.6.1, >=3.0.4.1","Yes","No","No","acl9@3.1.0","N/A","N/A"
"CVE-2020-14343","PyYAML: incomplete fix for CVE-2020-1747","CRITICAL","package-test","","sast-rules-test/scan-tests/reachability/pypi/requirements.txt","N/A","2025-01-29T16:13:01.351Z","Active","PyYAML","5.3","5.4","Yes","No","Yes","-","N/A","N/A"
"CVE-2023-27530","rubygem-rack: Denial of service in Multipart MIME parsing","HIGH","package-test","","ruby/Gemfile.lock","N/A","2025-01-29T16:13:01.351Z","Active","rack","2.0.7","~>2.0.9, >=2.0.9.3, ~>2.1.4, >=2.1.4.3, ~>2.2.6, >=2.2.6.3, >=3.0.4.2","Yes","No","No","acl9@3.1.0","N/A","N/A"
"CVE-2022-23517","rubygem-rails-html-sanitizer: Inefficient Regular Expression leading to denial of service","HIGH","package-test","","ruby/Gemfile.lock","N/A","2025-01-29T16:13:01.351Z","Active","rails-html-sanitizer","1.2.0",">=1.4.4","Yes","No","No","acl9@3.1.0","N/A","N/A"
"CVE-2020-1747","PyYAML: arbitrary command execution through python/object/new when FullLoader is used","CRITICAL","package-test","","sast-rules-test/scan-tests/reachability/pypi/requirements.txt","N/A","2025-01-29T16:13:01.351Z","Active","PyYAML","5.3","5.3.1","Yes","No","Yes","-","N/A","N/A"
"CVE-2022-31163","rubygem-tzinfo: arbitrary code execution","HIGH","package-test","","ruby/Gemfile.lock","N/A","2025-01-29T16:13:01.351Z","Active","tzinfo","1.2.5","~>0.3.61, >=1.2.10","Yes","No","No","acl9@3.1.0","N/A","N/A"
"CVE-2020-7663","rubygem-websocket-extensions: ReDoS vulnerability in Sec-WebSocket-Extensions parser","HIGH","package-test","","ruby/Gemfile.lock","N/A","2025-01-29T16:13:01.351Z","Active","websocket-extensions","0.1.4",">=0.1.5","Yes","No","No","acl9@3.1.0","N/A","N/A"
"CVE-2021-3807","nodejs-ansi-regex: Regular expression denial of service (ReDoS) matching ANSI escape codes","HIGH","package-test","","sast-rules-test/scan-tests/reachability/npm/package.json","9","2025-01-29T16:13:01.351Z","Active","ansi-regex","4.0.0","6.0.1, 5.0.1, 4.1.1, 3.0.1","Yes","No","Yes","-","N/A","N/A"
"CVE-2021-3749","nodejs-axios: Regular expression denial of service in trim function","HIGH","package-test","","sast-rules-test/scan-tests/reachability/npm/package.json","10","2025-01-29T16:13:01.351Z","Active","axios","0.21.1","0.21.2","Yes","No","Yes","-","N/A","N/A"
"CVE-2023-25577","python-werkzeug: high resource usage when parsing multipart form data with many fields","HIGH","package-test","","sast-rules-test/scan-tests/reachability/pypi/requirements.txt","N/A","2025-01-29T16:13:01.351Z","Active","Werkzeug","2.2.1","2.2.3","Yes","No","Yes","-","N/A","N/A"
"CVE-2022-24434","dicer: nodejs service crash by sending a crafted payload","HIGH","package-test","","sast-rules-test/scan-tests/reachability/npm/package.json","11","2025-01-29T16:13:01.351Z","Active","dicer","0.2.5","-","No","No","Yes","-","N/A","N/A"
"CVE-2022-0155","follow-redirects: Exposure of Private Personal Information to an Unauthorized Actor","HIGH","package-test","","sast-rules-test/scan-tests/reachability/npm/package.json","23","2025-01-29T16:13:01.351Z","Active","follow-redirects","1.14.0","1.14.7","Yes","No","Yes","-","N/A","N/A"
"CVE-2024-0521","Code Injection in paddlepaddle","CRITICAL","package-test","","sast-rules-test/scan-tests/reachability/pypi/requirements.txt","N/A","2025-01-29T16:13:01.351Z","Active","paddlepaddle","2.2.1","2.6.0","Yes","No","Yes","-","N/A","N/A"
"CVE-2021-3918","nodejs-json-schema: Prototype pollution vulnerability","CRITICAL","package-test","","sast-rules-test/scan-tests/reachability/npm/package.json","12","2025-01-29T16:13:01.351Z","Active","json-schema","0.3.0","0.4.0","Yes","No","Yes","-","N/A","N/A"
"CVE-2022-46175","json5: Prototype Pollution in JSON5 via Parse Method","HIGH","package-test","","sast-rules-test/scan-tests/reachability/npm/package.json","13","2025-01-29T16:13:01.351Z","Active","json5","2.0.0","2.2.2, 1.0.2","Yes","No","Yes","-","N/A","N/A"
"CVE-2022-23539","jsonwebtoken: Unrestricted key type could lead to legacy keys usagen","HIGH","package-test","","sast-rules-test/scan-tests/reachability/npm/package.json","24","2025-01-29T16:13:01.351Z","Active","jsonwebtoken","8.0.0","9.0.0","Yes","No","Yes","-","N/A","N/A"
"CVE-2019-10744","nodejs-lodash: prototype pollution in defaultsDeep function leading to modifying properties","CRITICAL","package-test","","sast-rules-test/scan-tests/reachability/npm/package.json","14","2025-01-29T16:13:01.351Z","Active","lodash","4.16.1","4.17.12","Yes","No","Yes","-","N/A","N/A"
"CVE-2018-16487","lodash: Prototype pollution in utilities function","HIGH","package-test","","sast-rules-test/scan-tests/reachability/npm/package.json","14","2025-01-29T16:13:01.351Z","Active","lodash","4.16.1",">=4.17.11","Yes","No","Yes","-","N/A","N/A"
"CVE-2020-8203","nodejs-lodash: prototype pollution in zipObjectDeep function","HIGH","package-test","","sast-rules-test/scan-tests/reachability/npm/package.json","14","2025-01-29T16:13:01.351Z","Active","lodash","4.16.1","4.17.19","Yes","No","Yes","-","N/A","N/A"
"CVE-2021-23337","nodejs-lodash: command injection via template","HIGH","package-test","","sast-rules-test/scan-tests/reachability/npm/package.json","14","2025-01-29T16:13:01.351Z","Active","lodash","4.16.1","4.17.21","Yes","No","Yes","-","N/A","N/A"
"CVE-2021-37648","Incorrect validation of `SaveV2` inputs","HIGH","package-test","","sast-rules-test/scan-tests/reachability/pypi/requirements.txt","N/A","2025-01-29T16:13:01.351Z","Active","tensorflow","2.1.0","2.3.4, 2.4.3, 2.5.1","Yes","No","Yes","-","N/A","N/A"
"CVE-2017-16138","nodejs-mime: Regular expression Denial of Service","HIGH","package-test","","sast-rules-test/scan-tests/reachability/npm/package.json","25","2025-01-29T16:13:01.351Z","Active","mime","1.4.0","2.0.3, 1.4.1","Yes","No","Yes","-","N/A","N/A"
"CVE-2016-10540","Minimatch is a minimal matching utility that works by converting glob  ...","HIGH","package-test","","sast-rules-test/scan-tests/reachability/npm/package.json","26","2025-01-29T16:13:01.351Z","Active","minimatch","3.0.0","3.0.2","Yes","No","Yes","-","N/A","N/A"
"CVE-2022-3517","nodejs-minimatch: ReDoS via the braceExpand function","HIGH","package-test","","sast-rules-test/scan-tests/reachability/npm/package.json","26","2025-01-29T16:13:01.351Z","Active","minimatch","3.0.0","3.0.5","Yes","No","Yes","-","N/A","N/A"
"NSWG-ECO-118","Regular Expression Denial of Service","HIGH","package-test","","sast-rules-test/scan-tests/reachability/npm/package.json","26","2025-01-29T16:13:01.351Z","Active","minimatch","3.0.0",">=3.0.2","Yes","No","Yes","-","N/A","N/A"
"CVE-2021-44906","minimist: prototype pollution","CRITICAL","package-test","","sast-rules-test/scan-tests/reachability/npm/package.json","15","2025-01-29T16:13:01.351Z","Active","minimist","1.2.0","1.2.6, 0.2.4","Yes","No","Yes","-","N/A","N/A"
"CVE-2021-37649","Null pointer dereference in `UncompressElement`","HIGH","package-test","","sast-rules-test/scan-tests/reachability/pypi/requirements.txt","N/A","2025-01-29T16:13:01.351Z","Active","tensorflow","2.1.0","2.3.4, 2.4.3, 2.5.1","Yes","No","Yes","-","N/A","N/A"
"CVE-2017-18214","nodejs-moment: Regular expression denial of service","HIGH","package-test","","sast-rules-test/scan-tests/reachability/npm/package.json","16","2025-01-29T16:13:01.351Z","Active","moment","2.18.0","2.19.3","Yes","No","Yes","-","N/A","N/A"
"CVE-2022-24785","Moment.js: Path traversal  in moment.locale","HIGH","package-test","","sast-rules-test/scan-tests/reachability/npm/package.json","16","2025-01-29T16:13:01.351Z","Active","moment","2.18.0","2.29.2","Yes","No","Yes","-","N/A","N/A"
"CVE-2022-31129","moment: inefficient parsing algorithm resulting in DoS","HIGH","package-test","","sast-rules-test/scan-tests/reachability/npm/package.json","16","2025-01-29T16:13:01.351Z","Active","moment","2.18.0","2.29.4","Yes","No","Yes","-","N/A","N/A"
"CVE-2022-0235","node-fetch: exposure of sensitive information to an unauthorized actor","HIGH","package-test","","sast-rules-test/scan-tests/reachability/npm/package.json","17","2025-01-29T16:13:01.351Z","Active","node-fetch","2.5.0","3.1.1, 2.6.7","Yes","No","Yes","-","N/A","N/A"
"CVE-2021-3803","nodejs-nth-check: inefficient regular expression complexity","HIGH","package-test","","sast-rules-test/scan-tests/reachability/npm/package.json","18","2025-01-29T16:13:01.351Z","Active","nth-check","2.0.0","2.0.1","Yes","No","Yes","-","N/A","N/A"
"CVE-2017-1000048","nodejs-qs: Prototype override protection bypass","HIGH","package-test","","sast-rules-test/scan-tests/reachability/npm/package.json","19","2025-01-29T16:13:01.351Z","Active","qs","6.3.0","6.0.4, 6.1.2, 6.2.3, 6.3.2","Yes","No","Yes","-","N/A","N/A"
"CVE-2022-24999","express: ""qs"" prototype poisoning causes the hang of the node process","HIGH","package-test","","sast-rules-test/scan-tests/reachability/npm/package.json","19","2025-01-29T16:13:01.351Z","Active","qs","6.3.0","6.10.3, 6.9.7, 6.8.3, 6.7.3, 6.6.1, 6.5.3, 6.4.1, 6.3.3, 6.2.4","Yes","No","Yes","-","N/A","N/A"
"CVE-2021-37650","Segfault and heap buffer overflow in `{Experimental,}DatasetToTFRecord`","HIGH","package-test","","sast-rules-test/scan-tests/reachability/pypi/requirements.txt","N/A","2025-01-29T16:13:01.351Z","Active","tensorflow","2.1.0","2.3.4, 2.4.3, 2.5.1","Yes","No","Yes","-","N/A","N/A"
"CVE-2021-23358","nodejs-underscore: Arbitrary code execution via the template function","CRITICAL","package-test","","sast-rules-test/scan-tests/reachability/npm/package.json","20","2025-01-29T16:13:01.351Z","Active","underscore","1.3.2","1.12.1","Yes","No","Yes","-","N/A","N/A"
"CVE-2022-0686","npm-url-parse: Authorization bypass through user-controlled key","CRITICAL","package-test","","sast-rules-test/scan-tests/reachability/npm/package.json","21","2025-01-29T16:13:01.351Z","Active","url-parse","1.5.3","1.5.8","Yes","No","Yes","-","N/A","N/A"
"CVE-2022-22817","python-pillow: PIL.ImageMath.eval allows evaluation of arbitrary expressions","CRITICAL","package-test","","sast-rules-test/scan-tests/reachability/pypi/requirements.txt","N/A","2025-01-29T16:13:01.351Z","Active","Pillow","8.4.0","9.0.1","Yes","No","Yes","-","N/A","N/A"
"CVE-2023-50447","pillow: Arbitrary Code Execution via the environment parameter","CRITICAL","package-test","","sast-rules-test/scan-tests/reachability/pypi/requirements.txt","N/A","2025-01-29T16:13:01.351Z","Active","Pillow","8.4.0","10.2.0","Yes","No","Yes","-","N/A","N/A"
"CVE-2022-24303","python-pillow: temporary directory with a space character allows removal of unrelated file after im.show() and related actions","HIGH","package-test","","sast-rules-test/scan-tests/reachability/pypi/requirements.txt","N/A","2025-01-29T16:13:01.351Z","Active","Pillow","8.4.0","9.0.1","Yes","No","Yes","-","N/A","N/A"
"CVE-2022-45198","Pillow before 9.2.0 performs Improper Handling of Highly Compressed GI ...","HIGH","package-test","","sast-rules-test/scan-tests/reachability/pypi/requirements.txt","N/A","2025-01-29T16:13:01.351Z","Active","Pillow","8.4.0","9.2.0","Yes","No","Yes","-","N/A","N/A"
"CVE-2023-44271","python-pillow: uncontrolled resource consumption when textlength in an ImageDraw instance operates on a long text argument","HIGH","package-test","","sast-rules-test/scan-tests/reachability/pypi/requirements.txt","N/A","2025-01-29T16:13:01.351Z","Active","Pillow","8.4.0","10.0.0","Yes","No","Yes","-","N/A","N/A"
"CVE-2023-4863","libwebp: Heap buffer overflow in WebP Codec","HIGH","package-test","","sast-rules-test/scan-tests/reachability/pypi/requirements.txt","N/A","2025-01-29T16:13:01.351Z","Active","Pillow","8.4.0","10.0.1","Yes","No","Yes","-","N/A","N/A"
"CVE-2024-28219","python-pillow: buffer overflow in _imagingcms.c","HIGH","package-test","","sast-rules-test/scan-tests/reachability/pypi/requirements.txt","N/A","2025-01-29T16:13:01.351Z","Active","Pillow","8.4.0","10.3.0","Yes","No","Yes","-","N/A","N/A"
"GHSA-56pw-mpj4-fxww","Bundled libwebp in Pillow vulnerable","HIGH","package-test","","sast-rules-test/scan-tests/reachability/pypi/requirements.txt","N/A","2025-01-29T16:13:01.351Z","Active","Pillow","8.4.0","10.0.1","Yes","No","Yes","-","N/A","N/A"
"CVE-2022-29217","python-jwt: Key confusion through non-blocklisted public key formats","HIGH","package-test","","sast-rules-test/scan-tests/reachability/pypi/requirements.txt","N/A","2025-01-29T16:13:01.351Z","Active","PyJWT","2.3.0","2.4.0","Yes","No","Yes","-","N/A","N/A"
"CVE-2024-34069","python-werkzeug: user may execute code on a developer's machine","HIGH","package-test","","sast-rules-test/scan-tests/reachability/pypi/requirements.txt","N/A","2025-01-29T16:13:01.351Z","Active","Werkzeug","2.2.1","3.0.3","Yes","No","Yes","-","N/A","N/A"
"CVE-2022-45908","PaddlePaddle vulnerable to code injection via winstr","CRITICAL","package-test","","sast-rules-test/scan-tests/reachability/pypi/requirements.txt","N/A","2025-01-29T16:13:01.351Z","Active","paddlepaddle","2.2.1","2.4","Yes","No","Yes","-","N/A","N/A"
"CVE-2022-46741","PaddlePaddle Out-of-bounds Read vulnerability","CRITICAL","package-test","","sast-rules-test/scan-tests/reachability/pypi/requirements.txt","N/A","2025-01-29T16:13:01.351Z","Active","paddlepaddle","2.2.1","2.4","Yes","No","Yes","-","N/A","N/A"
"CVE-2022-46742","PaddlePaddle vulnerable to Code Injection","CRITICAL","package-test","","sast-rules-test/scan-tests/reachability/pypi/requirements.txt","N/A","2025-01-29T16:13:01.351Z","Active","paddlepaddle","2.2.1","2.4.0","Yes","No","Yes","-","N/A","N/A"
"CVE-2023-38673","Command injection in PaddlePaddle","CRITICAL","package-test","","sast-rules-test/scan-tests/reachability/pypi/requirements.txt","N/A","2025-01-29T16:13:01.351Z","Active","paddlepaddle","2.2.1","2.5.0","Yes","No","Yes","-","N/A","N/A"
"CVE-2023-52310","PaddlePaddle command injection in get_online_pass_interval","CRITICAL","package-test","","sast-rules-test/scan-tests/reachability/pypi/requirements.txt","N/A","2025-01-29T16:13:01.351Z","Active","paddlepaddle","2.2.1","2.6.0","Yes","No","Yes","-","N/A","N/A"
"CVE-2023-52311","PaddlePaddle command injection in _wget_download","CRITICAL","package-test","","sast-rules-test/scan-tests/reachability/pypi/requirements.txt","N/A","2025-01-29T16:13:01.351Z","Active","paddlepaddle","2.2.1","2.6.0","Yes","No","Yes","-","N/A","N/A"
"CVE-2023-52314","PaddlePaddle command injection in convert_shape_compare","CRITICAL","package-test","","sast-rules-test/scan-tests/reachability/pypi/requirements.txt","N/A","2025-01-29T16:13:01.351Z","Active","paddlepaddle","2.2.1","2.6.0","Yes","No","Yes","-","N/A","N/A"
"CVE-2024-0818","PaddlePaddle Path Traversal vulnerability","CRITICAL","package-test","","sast-rules-test/scan-tests/reachability/pypi/requirements.txt","N/A","2025-01-29T16:13:01.351Z","Active","paddlepaddle","2.2.1","-","No","No","Yes","-","N/A","N/A"
"CVE-2024-0917","PaddlePaddle vulnerable to remote code execution","CRITICAL","package-test","","sast-rules-test/scan-tests/reachability/pypi/requirements.txt","N/A","2025-01-29T16:13:01.351Z","Active","paddlepaddle","2.2.1","-","No","No","Yes","-","N/A","N/A"
"CVE-2023-38669","Use after free in PaddlePaddle","HIGH","package-test","","sast-rules-test/scan-tests/reachability/pypi/requirements.txt","N/A","2025-01-29T16:13:01.351Z","Active","paddlepaddle","2.2.1","2.5.0","Yes","No","Yes","-","N/A","N/A"
"CVE-2023-38671","Heap buffer overflow in PaddlePaddle","HIGH","package-test","","sast-rules-test/scan-tests/reachability/pypi/requirements.txt","N/A","2025-01-29T16:13:01.351Z","Active","paddlepaddle","2.2.1","2.5.0","Yes","No","Yes","-","N/A","N/A"
"CVE-2023-52304","PaddlePaddle stack overflow in paddle.searchsorted","HIGH","package-test","","sast-rules-test/scan-tests/reachability/pypi/requirements.txt","N/A","2025-01-29T16:13:01.351Z","Active","paddlepaddle","2.2.1","2.6.0","Yes","No","Yes","-","N/A","N/A"
"CVE-2023-52307","PaddlePaddle stack overflow in paddle.linalg.lu_unpack","HIGH","package-test","","sast-rules-test/scan-tests/reachability/pypi/requirements.txt","N/A","2025-01-29T16:13:01.351Z","Active","paddlepaddle","2.2.1","2.6.0","Yes","No","Yes","-","N/A","N/A"
"CVE-2023-52309","PaddlePaddle heap buffer overflow in paddle.repeat_interleave","HIGH","package-test","","sast-rules-test/scan-tests/reachability/pypi/requirements.txt","N/A","2025-01-29T16:13:01.351Z","Active","paddlepaddle","2.2.1","2.6.0","Yes","No","Yes","-","N/A","N/A"
"CVE-2024-0815","PaddlePaddle command injection in paddle.utils.download._wget_download ","HIGH","package-test","","sast-rules-test/scan-tests/reachability/pypi/requirements.txt","N/A","2025-01-29T16:13:01.351Z","Active","paddlepaddle","2.2.1","-","No","No","Yes","-","N/A","N/A"
"CVE-2024-0817","PaddlePaddle command injection vulnerability","HIGH","package-test","","sast-rules-test/scan-tests/reachability/pypi/requirements.txt","N/A","2025-01-29T16:13:01.351Z","Active","paddlepaddle","2.2.1","-","No","No","Yes","-","N/A","N/A"
"CVE-2024-1603","PaddlePaddle allows arbitrary file read via paddle.vision.ops.read_file","HIGH","package-test","","sast-rules-test/scan-tests/reachability/pypi/requirements.txt","N/A","2025-01-29T16:13:01.351Z","Active","paddlepaddle","2.2.1","-","No","No","Yes","-","N/A","N/A"
"CVE-2022-42969","py: ReDoS in py library when used with subversion","HIGH","package-test","","sast-rules-test/scan-tests/reachability/pypi/requirements.txt","N/A","2025-01-29T16:13:01.351Z","Active","py","1.10.0","-","No","No","Yes","-","N/A","N/A"
"CVE-2013-7459","pycrypto: Heap-buffer overflow in ALGobject structure","CRITICAL","package-test","","sast-rules-test/scan-tests/reachability/pypi/requirements.txt","N/A","2025-01-29T16:13:01.351Z","Active","pyCrypto","2.6.1","-","No","No","Yes","-","N/A","N/A"
"CVE-2018-6594","python-crypto: Weak ElGamal key parameters in PublicKey/ElGamal.py allow attackers to obtain sensitive information by reading ciphertext","HIGH","package-test","","sast-rules-test/scan-tests/reachability/pypi/requirements.txt","N/A","2025-01-29T16:13:01.351Z","Active","pyCrypto","2.6.1","-","No","No","Yes","-","N/A","N/A"
"CVE-2023-28859","redis: Async command information disclosure","HIGH","package-test","","sast-rules-test/scan-tests/reachability/pypi/requirements.txt","N/A","2025-01-29T16:13:01.351Z","Active","redis","4.4.0","4.5.4, 4.4.4","Yes","No","Yes","-","N/A","N/A"
"CVE-2021-41208","Incomplete validation in boosted trees code","CRITICAL","package-test","","sast-rules-test/scan-tests/reachability/pypi/requirements.txt","N/A","2025-01-29T16:13:01.351Z","Active","tensorflow","2.1.0","2.6.1, 2.5.2, 2.4.4","Yes","No","Yes","-","N/A","N/A"
"CVE-2023-25668","CVE-2023-25668 affecting package tensorflow for versions less than 2.11.1-1","CRITICAL","package-test","","sast-rules-test/scan-tests/reachability/pypi/requirements.txt","N/A","2025-01-29T16:13:01.351Z","Active","tensorflow","2.1.0","2.11.1","Yes","No","Yes","-","N/A","N/A"
"GHSA-h6gw-r52c-724r","NULL Pointer Dereference and Access of Uninitialized Pointer in TensorFlow","CRITICAL","package-test","","sast-rules-test/scan-tests/reachability/pypi/requirements.txt","N/A","2025-01-29T16:13:01.351Z","Active","tensorflow","2.1.0","2.5.3, 2.6.3, 2.7.1","Yes","No","Yes","-","N/A","N/A"
"CVE-2020-15202","Integer truncation in Shard API usage","HIGH","package-test","","sast-rules-test/scan-tests/reachability/pypi/requirements.txt","N/A","2025-01-29T16:13:01.351Z","Active","tensorflow","2.1.0","1.15.4, 2.0.3, 2.1.2, 2.2.1, 2.3.1","Yes","No","Yes","-","N/A","N/A"
"CVE-2020-15203","Denial of Service in Tensorflow","HIGH","package-test","","sast-rules-test/scan-tests/reachability/pypi/requirements.txt","N/A","2025-01-29T16:13:01.351Z","Active","tensorflow","2.1.0","1.15.4, 2.0.3, 2.1.2, 2.2.1, 2.3.1","Yes","No","Yes","-","N/A","N/A"
"CVE-2020-15206","Denial of Service in Tensorflow","HIGH","package-test","","sast-rules-test/scan-tests/reachability/pypi/requirements.txt","N/A","2025-01-29T16:13:01.351Z","Active","tensorflow","2.1.0","1.15.4, 2.0.3, 2.1.2, 2.2.1, 2.3.1","Yes","No","Yes","-","N/A","N/A"
"CVE-2020-15208","Data corruption in tensorflow-lite","HIGH","package-test","","sast-rules-test/scan-tests/reachability/pypi/requirements.txt","N/A","2025-01-29T16:13:01.351Z","Active","tensorflow","2.1.0","1.15.4, 2.0.3, 2.1.2, 2.2.1, 2.3.1","Yes","No","Yes","-","N/A","N/A"
"CVE-2020-15209","Null pointer dereference in tensorflow-lite","HIGH","package-test","","sast-rules-test/scan-tests/reachability/pypi/requirements.txt","N/A","2025-01-29T16:13:01.351Z","Active","tensorflow","2.1.0","1.15.4, 2.0.3, 2.1.2, 2.2.1, 2.3.1","Yes","No","Yes","-","N/A","N/A"
"CVE-2021-37651","Heap buffer overflow in `FractionalAvgPoolGrad`","HIGH","package-test","","sast-rules-test/scan-tests/reachability/pypi/requirements.txt","N/A","2025-01-29T16:13:01.351Z","Active","tensorflow","2.1.0","2.3.4, 2.4.3, 2.5.1","Yes","No","Yes","-","N/A","N/A"
"CVE-2020-15210","Segmentation fault in tensorflow-lite","HIGH","package-test","","sast-rules-test/scan-tests/reachability/pypi/requirements.txt","N/A","2025-01-29T16:13:01.351Z","Active","tensorflow","2.1.0","1.15.4, 2.0.3, 2.1.2, 2.2.1, 2.3.1","Yes","No","Yes","-","N/A","N/A"
"CVE-2020-15265","Segfault in `tf.quantization.quantize_and_dequantize`","HIGH","package-test","","sast-rules-test/scan-tests/reachability/pypi/requirements.txt","N/A","2025-01-29T16:13:01.351Z","Active","tensorflow","2.1.0","2.4.0","Yes","No","Yes","-","N/A","N/A"
"CVE-2021-29591","Stack overflow due to looping TFLite subgraph","HIGH","package-test","","sast-rules-test/scan-tests/reachability/pypi/requirements.txt","N/A","2025-01-29T16:13:01.351Z","Active","tensorflow","2.1.0","2.1.4, 2.2.3, 2.3.3, 2.4.2","Yes","No","Yes","-","N/A","N/A"
"CVE-2021-37635","Heap out of bounds access in sparse reduction operations","HIGH","package-test","","sast-rules-test/scan-tests/reachability/pypi/requirements.txt","N/A","2025-01-29T16:13:01.351Z","Active","tensorflow","2.1.0","2.3.4, 2.4.3, 2.5.1","Yes","No","Yes","-","N/A","N/A"
"CVE-2021-37652","Use after free in boosted trees creation","HIGH","package-test","","sast-rules-test/scan-tests/reachability/pypi/requirements.txt","N/A","2025-01-29T16:13:01.351Z","Active","tensorflow","2.1.0","2.3.4, 2.4.3, 2.5.1","Yes","No","Yes","-","N/A","N/A"
"CVE-2021-37637","Null pointer dereference in `CompressElement`","HIGH","package-test","","sast-rules-test/scan-tests/reachability/pypi/requirements.txt","N/A","2025-01-29T16:13:01.351Z","Active","tensorflow","2.1.0","2.3.4, 2.4.3, 2.5.1","Yes","No","Yes","-","N/A","N/A"
"CVE-2021-37638","Null pointer dereference in `RaggedTensorToTensor`","HIGH","package-test","","sast-rules-test/scan-tests/reachability/pypi/requirements.txt","N/A","2025-01-29T16:13:01.351Z","Active","tensorflow","2.1.0","2.3.4, 2.4.3, 2.5.1","Yes","No","Yes","-","N/A","N/A"
"CVE-2021-37639","Null pointer dereference and heap OOB read in operations restoring tensors","HIGH","package-test","","sast-rules-test/scan-tests/reachability/pypi/requirements.txt","N/A","2025-01-29T16:13:01.351Z","Active","tensorflow","2.1.0","2.3.4, 2.4.3, 2.5.1","Yes","No","Yes","-","N/A","N/A"
"CVE-2021-37643","Null pointer dereference in `MatrixDiagPartOp`","HIGH","package-test","","sast-rules-test/scan-tests/reachability/pypi/requirements.txt","N/A","2025-01-29T16:13:01.351Z","Active","tensorflow","2.1.0","2.3.4, 2.4.3, 2.5.1","Yes","No","Yes","-","N/A","N/A"
"CVE-2021-37647","Null pointer dereference in `SparseTensorSliceDataset`","HIGH","package-test","","sast-rules-test/scan-tests/reachability/pypi/requirements.txt","N/A","2025-01-29T16:13:01.351Z","Active","tensorflow","2.1.0","2.3.4, 2.4.3, 2.5.1","Yes","No","Yes","-","N/A","N/A"
"CVE-2021-37664","Heap OOB in boosted trees","HIGH","package-test","","sast-rules-test/scan-tests/reachability/pypi/requirements.txt","N/A","2025-01-29T16:13:01.351Z","Active","tensorflow","2.1.0","2.3.4, 2.4.3, 2.5.1","Yes","No","Yes","-","N/A","N/A"
"CVE-2021-37665","Incomplete validation in MKL requantization","HIGH","package-test","","sast-rules-test/scan-tests/reachability/pypi/requirements.txt","N/A","2025-01-29T16:13:01.351Z","Active","tensorflow","2.1.0","2.3.4, 2.4.3, 2.5.1","Yes","No","Yes","-","N/A","N/A"
"CVE-2021-37666","Reference binding to nullptr in `RaggedTensorToVariant`","HIGH","package-test","","sast-rules-test/scan-tests/reachability/pypi/requirements.txt","N/A","2025-01-29T16:13:01.351Z","Active","tensorflow","2.1.0","2.3.4, 2.4.3, 2.5.1","Yes","No","Yes","-","N/A","N/A"
"CVE-2021-37667","Reference binding to nullptr in unicode encoding","HIGH","package-test","","sast-rules-test/scan-tests/reachability/pypi/requirements.txt","N/A","2025-01-29T16:13:01.351Z","Active","tensorflow","2.1.0","2.3.4, 2.4.3, 2.5.1","Yes","No","Yes","-","N/A","N/A"
"CVE-2021-37671","Reference binding to nullptr in map operations","HIGH","package-test","","sast-rules-test/scan-tests/reachability/pypi/requirements.txt","N/A","2025-01-29T16:13:01.351Z","Active","tensorflow","2.1.0","2.3.4, 2.4.3, 2.5.1","Yes","No","Yes","-","N/A","N/A"
"CVE-2021-37676","Reference binding to nullptr in shape inference","HIGH","package-test","","sast-rules-test/scan-tests/reachability/pypi/requirements.txt","N/A","2025-01-29T16:13:01.351Z","Active","tensorflow","2.1.0","2.3.4, 2.4.3, 2.5.1","Yes","No","Yes","-","N/A","N/A"
"CVE-2021-37678","Arbitrary code execution due to YAML deserialization","HIGH","package-test","","sast-rules-test/scan-tests/reachability/pypi/requirements.txt","N/A","2025-01-29T16:13:01.351Z","Active","tensorflow","2.1.0","2.3.4, 2.4.3, 2.5.1","Yes","No","Yes","-","N/A","N/A"
"CVE-2021-37679","Heap OOB in nested `tf.map_fn` with `RaggedTensor`s","HIGH","package-test","","sast-rules-test/scan-tests/reachability/pypi/requirements.txt","N/A","2025-01-29T16:13:01.351Z","Active","tensorflow","2.1.0","2.3.4, 2.4.3, 2.5.1","Yes","No","Yes","-","N/A","N/A"
"CVE-2021-37681","NPE in TFLite","HIGH","package-test","","sast-rules-test/scan-tests/reachability/pypi/requirements.txt","N/A","2025-01-29T16:13:01.351Z","Active","tensorflow","2.1.0","2.3.4, 2.4.3, 2.5.1","Yes","No","Yes","-","N/A","N/A"
"CVE-2021-37688","Null pointer dereference in TFLite","HIGH","package-test","","sast-rules-test/scan-tests/reachability/pypi/requirements.txt","N/A","2025-01-29T16:13:01.351Z","Active","tensorflow","2.1.0","2.3.4, 2.4.3, 2.5.1","Yes","No","Yes","-","N/A","N/A"
"CVE-2021-37689","Null pointer dereference in TFLite MLIR optimizations","HIGH","package-test","","sast-rules-test/scan-tests/reachability/pypi/requirements.txt","N/A","2025-01-29T16:13:01.351Z","Active","tensorflow","2.1.0","2.3.4, 2.4.3, 2.5.1","Yes","No","Yes","-","N/A","N/A"
"CVE-2021-41201","Unitialized access in `EinsumHelper::ParseEquation`","HIGH","package-test","","sast-rules-test/scan-tests/reachability/pypi/requirements.txt","N/A","2025-01-29T16:13:01.351Z","Active","tensorflow","2.1.0","2.6.1, 2.5.2, 2.4.4","Yes","No","Yes","-","N/A","N/A"
"CVE-2021-41203","Missing validation during checkpoint loading","HIGH","package-test","","sast-rules-test/scan-tests/reachability/pypi/requirements.txt","N/A","2025-01-29T16:13:01.351Z","Active","tensorflow","2.1.0","2.6.1, 2.5.2, 2.4.4","Yes","No","Yes","-","N/A","N/A"
"CVE-2021-41206","Incomplete validation of shapes in multiple TF ops","HIGH","package-test","","sast-rules-test/scan-tests/reachability/pypi/requirements.txt","N/A","2025-01-29T16:13:01.351Z","Active","tensorflow","2.1.0","2.6.1, 2.5.2, 2.4.4","Yes","No","Yes","-","N/A","N/A"
"CVE-2021-41210","Heap OOB read in `tf.raw_ops.SparseCountSparseOutput`","HIGH","package-test","","sast-rules-test/scan-tests/reachability/pypi/requirements.txt","N/A","2025-01-29T16:13:01.351Z","Active","tensorflow","2.1.0","2.6.1, 2.5.2, 2.4.4","Yes","No","Yes","-","N/A","N/A"
"CVE-2021-41212","Heap OOB read in `tf.ragged.cross`","HIGH","package-test","","sast-rules-test/scan-tests/reachability/pypi/requirements.txt","N/A","2025-01-29T16:13:01.351Z","Active","tensorflow","2.1.0","2.6.1, 2.5.2, 2.4.4","Yes","No","Yes","-","N/A","N/A"
"CVE-2021-41214","Reference binding to `nullptr` in `tf.ragged.cross`","HIGH","package-test","","sast-rules-test/scan-tests/reachability/pypi/requirements.txt","N/A","2025-01-29T16:13:01.351Z","Active","tensorflow","2.1.0","2.6.1, 2.5.2, 2.4.4","Yes","No","Yes","-","N/A","N/A"
"CVE-2021-41219","Undefined behavior via `nullptr` reference binding in sparse matrix multiplication","HIGH","package-test","","sast-rules-test/scan-tests/reachability/pypi/requirements.txt","N/A","2025-01-29T16:13:01.351Z","Active","tensorflow","2.1.0","2.6.1, 2.5.2, 2.4.4","Yes","No","Yes","-","N/A","N/A"
"CVE-2021-41221","Access to invalid memory during shape inference in `Cudnn*` ops","HIGH","package-test","","sast-rules-test/scan-tests/reachability/pypi/requirements.txt","N/A","2025-01-29T16:13:01.351Z","Active","tensorflow","2.1.0","2.6.1, 2.5.2, 2.4.4","Yes","No","Yes","-","N/A","N/A"
"CVE-2022-21726","Out of bounds read in Tensorflow","HIGH","package-test","","sast-rules-test/scan-tests/reachability/pypi/requirements.txt","N/A","2025-01-29T16:13:01.351Z","Active","tensorflow","2.1.0","2.5.3, 2.6.3, 2.7.1","Yes","No","Yes","-","N/A","N/A"
"CVE-2022-21727","Integer overflow in Tensorflow","HIGH","package-test","","sast-rules-test/scan-tests/reachability/pypi/requirements.txt","N/A","2025-01-29T16:13:01.351Z","Active","tensorflow","2.1.0","2.5.3, 2.6.3, 2.7.1","Yes","No","Yes","-","N/A","N/A"
"CVE-2022-21728","Out of bounds read in Tensorflow","HIGH","package-test","","sast-rules-test/scan-tests/reachability/pypi/requirements.txt","N/A","2025-01-29T16:13:01.351Z","Active","tensorflow","2.1.0","2.5.3, 2.6.3, 2.7.1","Yes","No","Yes","-","N/A","N/A"
"CVE-2022-21729","Overflow and uncaught divide by zero in Tensorflow","HIGH","package-test","","sast-rules-test/scan-tests/reachability/pypi/requirements.txt","N/A","2025-01-29T16:13:01.351Z","Active","tensorflow","2.1.0","2.5.3, 2.6.3, 2.7.1","Yes","No","Yes","-","N/A","N/A"
"CVE-2022-21730","Out of bounds read in Tensorflow","HIGH","package-test","","sast-rules-test/scan-tests/reachability/pypi/requirements.txt","N/A","2025-01-29T16:13:01.351Z","Active","tensorflow","2.1.0","2.5.3, 2.6.3, 2.7.1","Yes","No","Yes","-","N/A","N/A"
"CVE-2022-21731","Type confusion leading to segfault in Tensorflow","HIGH","package-test","","sast-rules-test/scan-tests/reachability/pypi/requirements.txt","N/A","2025-01-29T16:13:01.351Z","Active","tensorflow","2.1.0","2.5.3, 2.6.3, 2.7.1","Yes","No","Yes","-","N/A","N/A"
"CVE-2022-21734","`CHECK`-failures in Tensorflow","HIGH","package-test","","sast-rules-test/scan-tests/reachability/pypi/requirements.txt","N/A","2025-01-29T16:13:01.351Z","Active","tensorflow","2.1.0","2.5.3, 2.6.3, 2.7.1","Yes","No","Yes","-","N/A","N/A"
"CVE-2022-21735","Division by zero in Tensorflow","HIGH","package-test","","sast-rules-test/scan-tests/reachability/pypi/requirements.txt","N/A","2025-01-29T16:13:01.351Z","Active","tensorflow","2.1.0","2.5.3, 2.6.3, 2.7.1","Yes","No","Yes","-","N/A","N/A"
"CVE-2022-21736","Undefined behavior in `SparseTensorSliceDataset`","HIGH","package-test","","sast-rules-test/scan-tests/reachability/pypi/requirements.txt","N/A","2025-01-29T16:13:01.351Z","Active","tensorflow","2.1.0","2.5.3, 2.6.3, 2.7.1","Yes","No","Yes","-","N/A","N/A"
"CVE-2022-21737","Assertion failure based denial of service in Tensorflow","HIGH","package-test","","sast-rules-test/scan-tests/reachability/pypi/requirements.txt","N/A","2025-01-29T16:13:01.351Z","Active","tensorflow","2.1.0","2.5.3, 2.6.3, 2.7.1","Yes","No","Yes","-","N/A","N/A"
"CVE-2022-21738","Integer overflow leading to crash in Tensorflow","HIGH","package-test","","sast-rules-test/scan-tests/reachability/pypi/requirements.txt","N/A","2025-01-29T16:13:01.351Z","Active","tensorflow","2.1.0","2.5.3, 2.6.3, 2.7.1","Yes","No","Yes","-","N/A","N/A"
"CVE-2022-21739","Null pointer dereference in TensorFlow","HIGH","package-test","","sast-rules-test/scan-tests/reachability/pypi/requirements.txt","N/A","2025-01-29T16:13:01.351Z","Active","tensorflow","2.1.0","2.5.3, 2.6.3, 2.7.1","Yes","No","Yes","-","N/A","N/A"
"CVE-2022-21740","Heap overflow in Tensorflow","HIGH","package-test","","sast-rules-test/scan-tests/reachability/pypi/requirements.txt","N/A","2025-01-29T16:13:01.351Z","Active","tensorflow","2.1.0","2.5.3, 2.6.3, 2.7.1","Yes","No","Yes","-","N/A","N/A"
"CVE-2022-21741","Division by zero in TFLite","HIGH","package-test","","sast-rules-test/scan-tests/reachability/pypi/requirements.txt","N/A","2025-01-29T16:13:01.351Z","Active","tensorflow","2.1.0","2.5.3, 2.6.3, 2.7.1","Yes","No","Yes","-","N/A","N/A"
"CVE-2022-23557","Division by zero in TFLite","HIGH","package-test","","sast-rules-test/scan-tests/reachability/pypi/requirements.txt","N/A","2025-01-29T16:13:01.351Z","Active","tensorflow","2.1.0","2.5.3, 2.6.3, 2.7.1","Yes","No","Yes","-","N/A","N/A"
"CVE-2022-23558","Integer overflow in TFLite array creation","HIGH","package-test","","sast-rules-test/scan-tests/reachability/pypi/requirements.txt","N/A","2025-01-29T16:13:01.351Z","Active","tensorflow","2.1.0","2.5.3, 2.6.3, 2.7.1","Yes","No","Yes","-","N/A","N/A"
"CVE-2022-23559","Integer overflow in TFLite","HIGH","package-test","","sast-rules-test/scan-tests/reachability/pypi/requirements.txt","N/A","2025-01-29T16:13:01.351Z","Active","tensorflow","2.1.0","2.5.3, 2.6.3, 2.7.1","Yes","No","Yes","-","N/A","N/A"
"CVE-2022-23560","Read and Write outside of bounds in TensorFlow","HIGH","package-test","","sast-rules-test/scan-tests/reachability/pypi/requirements.txt","N/A","2025-01-29T16:13:01.351Z","Active","tensorflow","2.1.0","2.5.3, 2.6.3, 2.7.1","Yes","No","Yes","-","N/A","N/A"
"CVE-2022-23561","Out of bounds write in TFLite","HIGH","package-test","","sast-rules-test/scan-tests/reachability/pypi/requirements.txt","N/A","2025-01-29T16:13:01.351Z","Active","tensorflow","2.1.0","2.5.3, 2.6.3, 2.7.1","Yes","No","Yes","-","N/A","N/A"
"CVE-2022-23562","Integer overflow in Tensorflow","HIGH","package-test","","sast-rules-test/scan-tests/reachability/pypi/requirements.txt","N/A","2025-01-29T16:13:01.351Z","Active","tensorflow","2.1.0","2.5.3, 2.6.3, 2.7.1","Yes","No","Yes","-","N/A","N/A"
"CVE-2022-23563","Insecure temporary file in Tensorflow","HIGH","package-test","","sast-rules-test/scan-tests/reachability/pypi/requirements.txt","N/A","2025-01-29T16:13:01.351Z","Active","tensorflow","2.1.0","2.5.3, 2.6.3, 2.7.1","Yes","No","Yes","-","N/A","N/A"
"CVE-2022-23564","Reachable Assertion in Tensorflow","HIGH","package-test","","sast-rules-test/scan-tests/reachability/pypi/requirements.txt","N/A","2025-01-29T16:13:01.351Z","Active","tensorflow","2.1.0","2.5.3, 2.6.3, 2.7.1","Yes","No","Yes","-","N/A","N/A"
"CVE-2022-23565","`CHECK`-failures in Tensorflow","HIGH","package-test","","sast-rules-test/scan-tests/reachability/pypi/requirements.txt","N/A","2025-01-29T16:13:01.351Z","Active","tensorflow","2.1.0","2.5.3, 2.6.3, 2.7.1","Yes","No","Yes","-","N/A","N/A"
"CVE-2022-23566","Out of bounds write in Tensorflow","HIGH","package-test","","sast-rules-test/scan-tests/reachability/pypi/requirements.txt","N/A","2025-01-29T16:13:01.351Z","Active","tensorflow","2.1.0","2.5.3, 2.6.3, 2.7.1","Yes","No","Yes","-","N/A","N/A"
"CVE-2022-23567","Integer overflows in Tensorflow","HIGH","package-test","","sast-rules-test/scan-tests/reachability/pypi/requirements.txt","N/A","2025-01-29T16:13:01.351Z","Active","tensorflow","2.1.0","2.5.3, 2.6.3, 2.7.1","Yes","No","Yes","-","N/A","N/A"
"CVE-2022-23568","Integer overflows in Tensorflow","HIGH","package-test","","sast-rules-test/scan-tests/reachability/pypi/requirements.txt","N/A","2025-01-29T16:13:01.351Z","Active","tensorflow","2.1.0","2.5.3, 2.6.3, 2.7.1","Yes","No","Yes","-","N/A","N/A"
"CVE-2022-23569","`CHECK`-fails when building invalid tensor shapes in Tensorflow","HIGH","package-test","","sast-rules-test/scan-tests/reachability/pypi/requirements.txt","N/A","2025-01-29T16:13:01.351Z","Active","tensorflow","2.1.0","2.5.3, 2.6.3, 2.7.1","Yes","No","Yes","-","N/A","N/A"
"CVE-2022-23570","Null-dereference in Tensorflow","HIGH","package-test","","sast-rules-test/scan-tests/reachability/pypi/requirements.txt","N/A","2025-01-29T16:13:01.351Z","Active","tensorflow","2.1.0","2.5.3, 2.6.3, 2.7.1","Yes","No","Yes","-","N/A","N/A"
"CVE-2022-23571","Reachable Assertion in Tensorflow","HIGH","package-test","","sast-rules-test/scan-tests/reachability/pypi/requirements.txt","N/A","2025-01-29T16:13:01.351Z","Active","tensorflow","2.1.0","2.5.3, 2.6.3, 2.7.1","Yes","No","Yes","-","N/A","N/A"
"CVE-2022-23572","Crash when type cannot be specialized in Tensorflow","HIGH","package-test","","sast-rules-test/scan-tests/reachability/pypi/requirements.txt","N/A","2025-01-29T16:13:01.351Z","Active","tensorflow","2.1.0","2.5.3, 2.6.3, 2.7.1","Yes","No","Yes","-","N/A","N/A"
"CVE-2022-23573","Uninitialized variable access in Tensorflow","HIGH","package-test","","sast-rules-test/scan-tests/reachability/pypi/requirements.txt","N/A","2025-01-29T16:13:01.351Z","Active","tensorflow","2.1.0","2.5.3, 2.6.3, 2.7.1","Yes","No","Yes","-","N/A","N/A"
"CVE-2022-23574","Out of bounds read and write in Tensorflow","HIGH","package-test","","sast-rules-test/scan-tests/reachability/pypi/requirements.txt","N/A","2025-01-29T16:13:01.351Z","Active","tensorflow","2.1.0","2.5.3, 2.6.3, 2.7.1","Yes","No","Yes","-","N/A","N/A"
"CVE-2022-23575","Integer overflow in Tensorflow","HIGH","package-test","","sast-rules-test/scan-tests/reachability/pypi/requirements.txt","N/A","2025-01-29T16:13:01.351Z","Active","tensorflow","2.1.0","2.5.3, 2.6.3, 2.7.1","Yes","No","Yes","-","N/A","N/A"
"CVE-2022-23576","Integer overflow in Tensorflow","HIGH","package-test","","sast-rules-test/scan-tests/reachability/pypi/requirements.txt","N/A","2025-01-29T16:13:01.351Z","Active","tensorflow","2.1.0","2.5.3, 2.6.3, 2.7.1","Yes","No","Yes","-","N/A","N/A"
"CVE-2022-23577","Null-dereference in Tensorflow","HIGH","package-test","","sast-rules-test/scan-tests/reachability/pypi/requirements.txt","N/A","2025-01-29T16:13:01.351Z","Active","tensorflow","2.1.0","2.5.3, 2.6.3, 2.7.1","Yes","No","Yes","-","N/A","N/A"
"CVE-2022-23584","Use after free in `DecodePng` kernel","HIGH","package-test","","sast-rules-test/scan-tests/reachability/pypi/requirements.txt","N/A","2025-01-29T16:13:01.351Z","Active","tensorflow","2.1.0","2.5.3, 2.6.3, 2.7.1","Yes","No","Yes","-","N/A","N/A"
"CVE-2022-23587","Integer overflow in TensorFlow","HIGH","package-test","","sast-rules-test/scan-tests/reachability/pypi/requirements.txt","N/A","2025-01-29T16:13:01.351Z","Active","tensorflow","2.1.0","2.5.3, 2.6.3, 2.7.1","Yes","No","Yes","-","N/A","N/A"
"CVE-2022-23591","Stack overflow in TensorFlow","HIGH","package-test","","sast-rules-test/scan-tests/reachability/pypi/requirements.txt","N/A","2025-01-29T16:13:01.351Z","Active","tensorflow","2.1.0","2.5.3, 2.6.3, 2.7.1","Yes","No","Yes","-","N/A","N/A"
"CVE-2022-29208","Segfault and OOB write due to incomplete validation in `EditDistance` in TensorFlow","HIGH","package-test","","sast-rules-test/scan-tests/reachability/pypi/requirements.txt","N/A","2025-01-29T16:13:01.351Z","Active","tensorflow","2.1.0","2.6.4, 2.7.2, 2.8.1","Yes","No","Yes","-","N/A","N/A"
"CVE-2022-29216","Code injection in `saved_model_cli` in TensorFlow","HIGH","package-test","","sast-rules-test/scan-tests/reachability/pypi/requirements.txt","N/A","2025-01-29T16:13:01.351Z","Active","tensorflow","2.1.0","2.6.4, 2.7.2, 2.8.1","Yes","No","Yes","-","N/A","N/A"
"CVE-2022-35937","TensorFlow vulnerable to OOB read in `Gather_nd` in TF Lite","HIGH","package-test","","sast-rules-test/scan-tests/reachability/pypi/requirements.txt","N/A","2025-01-29T16:13:01.351Z","Active","tensorflow","2.1.0","2.7.2, 2.8.1, 2.9.1","Yes","No","Yes","-","N/A","N/A"
"CVE-2022-35939","TensorFlow vulnerable to OOB write in `scatter_nd` in TF Lite","HIGH","package-test","","sast-rules-test/scan-tests/reachability/pypi/requirements.txt","N/A","2025-01-29T16:13:01.351Z","Active","tensorflow","2.1.0","2.7.2, 2.8.1, 2.9.1","Yes","No","Yes","-","N/A","N/A"
"CVE-2022-41894","CVE-2022-41894 affecting package tensorflow for versions less than 2.11.0-1","HIGH","package-test","","sast-rules-test/scan-tests/reachability/pypi/requirements.txt","N/A","2025-01-29T16:13:01.351Z","Active","tensorflow","2.1.0","2.8.4, 2.9.3, 2.10.1","Yes","No","Yes","-","N/A","N/A"
"CVE-2022-41900","CVE-2022-41900 affecting package tensorflow for versions less than 2.11.0-1","HIGH","package-test","","sast-rules-test/scan-tests/reachability/pypi/requirements.txt","N/A","2025-01-29T16:13:01.351Z","Active","tensorflow","2.1.0","2.8.4, 2.9.3, 2.10.1","Yes","No","Yes","-","N/A","N/A"
"CVE-2022-41902","Out of bounds write in grappler in Tensorflow","HIGH","package-test","","sast-rules-test/scan-tests/reachability/pypi/requirements.txt","N/A","2025-01-29T16:13:01.351Z","Active","tensorflow","2.1.0","2.8.4, 2.9.3, 2.10.1","Yes","No","Yes","-","N/A","N/A"
"CVE-2023-25658","CVE-2023-25658 affecting package tensorflow for versions less than 2.11.1-1","HIGH","package-test","","sast-rules-test/scan-tests/reachability/pypi/requirements.txt","N/A","2025-01-29T16:13:01.351Z","Active","tensorflow","2.1.0","2.11.1","Yes","No","Yes","-","N/A","N/A"
"CVE-2023-25659","CVE-2023-25659 affecting package tensorflow for versions less than 2.11.1-1","HIGH","package-test","","sast-rules-test/scan-tests/reachability/pypi/requirements.txt","N/A","2025-01-29T16:13:01.351Z","Active","tensorflow","2.1.0","2.11.1","Yes","No","Yes","-","N/A","N/A"
"CVE-2023-25660","CVE-2023-25660 affecting package tensorflow for versions less than 2.11.1-1","HIGH","package-test","","sast-rules-test/scan-tests/reachability/pypi/requirements.txt","N/A","2025-01-29T16:13:01.351Z","Active","tensorflow","2.1.0","2.11.1","Yes","No","Yes","-","N/A","N/A"
"CVE-2023-25662","CVE-2023-25662 affecting package tensorflow for versions less than 2.11.1-1","HIGH","package-test","","sast-rules-test/scan-tests/reachability/pypi/requirements.txt","N/A","2025-01-29T16:13:01.351Z","Active","tensorflow","2.1.0","2.11.1","Yes","No","Yes","-","N/A","N/A"
"CVE-2023-25663","CVE-2023-25663 affecting package tensorflow for versions less than 2.11.1-1","HIGH","package-test","","sast-rules-test/scan-tests/reachability/pypi/requirements.txt","N/A","2025-01-29T16:13:01.351Z","Active","tensorflow","2.1.0","2.11.1","Yes","No","Yes","-","N/A","N/A"
"CVE-2023-25664","CVE-2023-25664 affecting package tensorflow for versions less than 2.11.1-1","HIGH","package-test","","sast-rules-test/scan-tests/reachability/pypi/requirements.txt","N/A","2025-01-29T16:13:01.351Z","Active","tensorflow","2.1.0","2.11.1","Yes","No","Yes","-","N/A","N/A"
"CVE-2023-25665","CVE-2023-25665 affecting package tensorflow for versions less than 2.11.1-1","HIGH","package-test","","sast-rules-test/scan-tests/reachability/pypi/requirements.txt","N/A","2025-01-29T16:13:01.351Z","Active","tensorflow","2.1.0","2.11.1","Yes","No","Yes","-","N/A","N/A"
"CVE-2023-25666","CVE-2023-25666 affecting package tensorflow for versions less than 2.11.1-1","HIGH","package-test","","sast-rules-test/scan-tests/reachability/pypi/requirements.txt","N/A","2025-01-29T16:13:01.351Z","Active","tensorflow","2.1.0","2.11.1","Yes","No","Yes","-","N/A","N/A"
"CVE-2023-25669","CVE-2023-25669 affecting package tensorflow for versions less than 2.11.1-1","HIGH","package-test","","sast-rules-test/scan-tests/reachability/pypi/requirements.txt","N/A","2025-01-29T16:13:01.351Z","Active","tensorflow","2.1.0","2.11.1","Yes","No","Yes","-","N/A","N/A"
"CVE-2023-25670","CVE-2023-25670 affecting package tensorflow for versions less than 2.11.1-1","HIGH","package-test","","sast-rules-test/scan-tests/reachability/pypi/requirements.txt","N/A","2025-01-29T16:13:01.351Z","Active","tensorflow","2.1.0","2.11.1","Yes","No","Yes","-","N/A","N/A"
"CVE-2023-25671","CVE-2023-25671 affecting package tensorflow for versions less than 2.11.1-1","HIGH","package-test","","sast-rules-test/scan-tests/reachability/pypi/requirements.txt","N/A","2025-01-29T16:13:01.351Z","Active","tensorflow","2.1.0","2.11.1","Yes","No","Yes","-","N/A","N/A"
"CVE-2023-25672","CVE-2023-25672 affecting package tensorflow for versions less than 2.11.1-1","HIGH","package-test","","sast-rules-test/scan-tests/reachability/pypi/requirements.txt","N/A","2025-01-29T16:13:01.351Z","Active","tensorflow","2.1.0","2.11.1","Yes","No","Yes","-","N/A","N/A"
"CVE-2023-25673","CVE-2023-25673 affecting package tensorflow for versions less than 2.11.1-1","HIGH","package-test","","sast-rules-test/scan-tests/reachability/pypi/requirements.txt","N/A","2025-01-29T16:13:01.351Z","Active","tensorflow","2.1.0","2.11.1","Yes","No","Yes","-","N/A","N/A"
"CVE-2023-25674","CVE-2023-25674 affecting package tensorflow for versions less than 2.11.1-1","HIGH","package-test","","sast-rules-test/scan-tests/reachability/pypi/requirements.txt","N/A","2025-01-29T16:13:01.351Z","Active","tensorflow","2.1.0","2.11.1","Yes","No","Yes","-","N/A","N/A"
"CVE-2023-25675","CVE-2023-25675 affecting package tensorflow for versions less than 2.11.1-1","HIGH","package-test","","sast-rules-test/scan-tests/reachability/pypi/requirements.txt","N/A","2025-01-29T16:13:01.351Z","Active","tensorflow","2.1.0","2.11.1","Yes","No","Yes","-","N/A","N/A"
"CVE-2023-25676","CVE-2023-25676 affecting package tensorflow for versions less than 2.11.1-1","HIGH","package-test","","sast-rules-test/scan-tests/reachability/pypi/requirements.txt","N/A","2025-01-29T16:13:01.351Z","Active","tensorflow","2.1.0","2.11.1","Yes","No","Yes","-","N/A","N/A"
"CVE-2023-25801","CVE-2023-25801 affecting package tensorflow for versions less than 2.11.1-1","HIGH","package-test","","sast-rules-test/scan-tests/reachability/pypi/requirements.txt","N/A","2025-01-29T16:13:01.351Z","Active","tensorflow","2.1.0","2.11.1","Yes","No","Yes","-","N/A","N/A"
"CVE-2023-27579","CVE-2023-27579 affecting package tensorflow for versions less than 2.11.1-1","HIGH","package-test","","sast-rules-test/scan-tests/reachability/pypi/requirements.txt","N/A","2025-01-29T16:13:01.351Z","Active","tensorflow","2.1.0","2.11.1","Yes","No","Yes","-","N/A","N/A"
"CVE-2023-33976","CVE-2023-33976 affecting package tensorflow for versions less than 2.11.1-2","HIGH","package-test","","sast-rules-test/scan-tests/reachability/pypi/requirements.txt","N/A","2025-01-29T16:13:01.351Z","Active","tensorflow","2.1.0","2.12.1","Yes","No","Yes","-","N/A","N/A"
"GHSA-43q8-3fv7-pr5x","Improper Validation of Integrity Check Value in TensorFlow","HIGH","package-test","","sast-rules-test/scan-tests/reachability/pypi/requirements.txt","N/A","2025-01-29T16:13:01.351Z","Active","tensorflow","2.1.0","2.5.3, 2.6.3, 2.7.1","Yes","No","Yes","-","N/A","N/A"
"CVE-2022-45907","In PyTorch before trunk/89695, torch.jit.annotations.parse_type_line c ...","CRITICAL","package-test","","sast-rules-test/scan-tests/reachability/pypi/requirements.txt","N/A","2025-01-29T16:13:01.351Z","Active","torch","1.10.0","1.13.1","Yes","No","Yes","-","N/A","N/A"
"CVE-2024-31580","PyTorch before v2.2.0 was discovered to contain a heap buffer overflow ...","HIGH","package-test","","sast-rules-test/scan-tests/reachability/pypi/requirements.txt","N/A","2025-01-29T16:13:01.351Z","Active","torch","1.10.0","2.2.0","Yes","No","Yes","-","N/A","N/A"
"CVE-2024-31583","Pytorch before version v2.2.0 was discovered to contain a use-after-fr ...","HIGH","package-test","","sast-rules-test/scan-tests/reachability/pypi/requirements.txt","N/A","2025-01-29T16:13:01.351Z","Active","torch","1.10.0","2.2.0","Yes","No","Yes","-","N/A","N/A"
"CVE-2022-31116","python-ujson: improper decoding of escaped surrogate characters may lead to string corruption, key confusion or value overwriting","HIGH","package-test","","sast-rules-test/scan-tests/reachability/pypi/requirements.txt","N/A","2025-01-29T16:13:01.351Z","Active","ujson","4.2.0","5.4.0","Yes","No","Yes","-","N/A","N/A"
"CVE-2021-33503","python-urllib3: ReDoS in the parsing of authority part of URL","HIGH","package-test","","sast-rules-test/scan-tests/reachability/pypi/requirements.txt","N/A","2025-01-29T16:13:01.351Z","Active","urllib3","1.26.4","1.26.5","Yes","No","Yes","-","N/A","N/A"
"CVE-2023-43804","python-urllib3: Cookie request header isn't stripped during cross-origin redirects","HIGH","package-test","","sast-rules-test/scan-tests/reachability/pypi/requirements.txt","N/A","2025-01-29T16:13:01.351Z","Active","urllib3","1.26.4","2.0.6, 1.26.17","Yes","No","Yes","-","N/A","N/A"
"CVE-2022-44571","rubygem-rack: denial of service in Content-Disposition parsing","HIGH","ruby","","Gemfile.lock","N/A","2025-01-28T11:46:39.388Z","Active","rack","2.2.3.1","~>2.0.9, >=2.0.9.2, ~>2.1.4, >=2.1.4.2, ~>2.2.6, >=2.2.6.1, >=3.0.4.1","Yes","No","No","sass-rails@6.0.0,capybara@3.35.3,rack-mini-profiler@2.3.2,rails@6.1.6,web-console@4.1.0,webpacker@5.4.0","N/A","N/A"
"GHSA-2qc6-mcvw-92cw","Update bundled libxml2 to v2.10.3 to resolve multiple CVEs","MEDIUM","ruby","","Gemfile.lock","N/A","2025-01-28T11:46:39.388Z","Active","nokogiri","1.13.6",">=1.13.9","Yes","No","No","webpacker@5.4.0,sass-rails@6.0.0,capybara@3.35.3,webdrivers@4.6.0,rails@6.1.6,web-console@4.1.0","N/A","N/A"
"CVE-2022-44570","rubygem-rack: denial of service in Content-Disposition parsing","HIGH","ruby","","Gemfile.lock","N/A","2025-01-28T11:46:39.388Z","Active","rack","2.2.3.1","~>2.0.9, >=2.0.9.2, ~>2.1.4, >=2.1.4.2, ~>2.2.6, >=2.2.6.2, >=3.0.4.1","Yes","No","No","sass-rails@6.0.0,capybara@3.35.3,rack-mini-profiler@2.3.2,rails@6.1.6,web-console@4.1.0,webpacker@5.4.0","N/A","N/A"
"CVE-2024-26146","rubygem-rack: Possible Denial of Service Vulnerability in Rack Header Parsing","MEDIUM","ruby","","Gemfile.lock","N/A","2025-01-28T11:46:39.388Z","Active","rack","2.2.3.1","~>2.0.9, >=2.0.9.4, ~>2.1.4, >=2.1.4.4, ~>2.2.8, >=2.2.8.1, >=3.0.9.1","Yes","No","No","rails@6.1.6,web-console@4.1.0,webpacker@5.4.0,sass-rails@6.0.0,capybara@3.35.3,rack-mini-profiler@2.3.2","N/A","N/A"
"CVE-2022-38900","decode-uri-component: improper input validation resulting in DoS","HIGH","ruby","https://gitlab.com/dudi-test1/group1/ruby/-/blob/8d7fbea887d1db5019088cdc4af612bbffee04ae/package.json#L10-10","package.json","10","2025-01-28T11:46:39.388Z","Active","decode-uri-component","0.2.0","0.2.1","Yes","No","No","webpack-cli@3.3.12,webpack@4.46.0","N/A","N/A"
"CVE-2023-22795","rubygem-actionpack: Denial of Service in Action Dispatch","HIGH","ruby","","Gemfile.lock","N/A","2025-01-28T11:46:39.388Z","Active","actionpack","6.1.6","~>5.2.8, >=5.2.8.15, ~>6.1.7, >=6.1.7.1, >=7.0.4.1","Yes","No","No","webpacker@5.4.0,sass-rails@6.0.0,rails@6.1.6,web-console@4.1.0","N/A","N/A"
"CVE-2024-47889","rubygem-actionmailer: Possible ReDoS vulnerability in block_format in Action Mailer","LOW","ruby","","Gemfile.lock","N/A","2025-01-28T11:46:39.388Z","Active","actionmailer","6.1.6","~>6.1.7.9, ~>7.0.8.5, ~>7.1.4, >=7.1.4.1, >=7.2.1.1","Yes","No","No","rails@6.1.6","N/A","N/A"
"CVE-2023-22792","rubygem-actionpack: Denial of Service in Action Dispatch","HIGH","ruby","","Gemfile.lock","N/A","2025-01-28T11:46:39.388Z","Active","actionpack","6.1.6","~>5.2.8, >=5.2.8.15, ~>6.1.7, >=6.1.7.1, >=7.0.4.1","Yes","No","No","rails@6.1.6,web-console@4.1.0,webpacker@5.4.0,sass-rails@6.0.0","N/A","N/A"
"CVE-2023-28362","actionpack: Possible XSS via User Supplied Values to redirect_to","MEDIUM","ruby","","Gemfile.lock","N/A","2025-01-28T11:46:39.388Z","Active","actionpack","6.1.6","~>6.1.7.4, >=7.0.5.1","Yes","No","No","rails@6.1.6,web-console@4.1.0,webpacker@5.4.0,sass-rails@6.0.0","N/A","N/A"
"CVE-2024-28103","rubygem-actionpack: Missing security headers in Action Pack on non-HTML responses","MEDIUM","ruby","","Gemfile.lock","N/A","2025-01-28T11:46:39.388Z","Active","actionpack","6.1.6","~>6.1.7, >=6.1.7.8, ~>7.0.8, >=7.0.8.4, ~>7.1.3, >=7.1.3.4, >=7.2.0.beta2","Yes","No","No","rails@6.1.6,web-console@4.1.0,webpacker@5.4.0,sass-rails@6.0.0","N/A","N/A"
"CVE-2024-54133","actionpack: Possible Content Security Policy bypass in Action Dispatch","MEDIUM","ruby","","Gemfile.lock","N/A","2025-01-28T11:46:39.388Z","Active","actionpack","6.1.6","~>7.0.8.7, ~>7.1.5.1, ~>7.2.2.1, >=8.0.0.1","Yes","No","No","rails@6.1.6,web-console@4.1.0,webpacker@5.4.0,sass-rails@6.0.0","N/A","N/A"
"CVE-2024-41128","rubygem-actionpack: Possible ReDoS vulnerability in query parameter filtering in Action Dispatch","LOW","ruby","","Gemfile.lock","N/A","2025-01-28T11:46:39.388Z","Active","actionpack","6.1.6","~>6.1.7.9, ~>7.0.8.5, ~>7.1.4, >=7.1.4.1, >=7.2.1.1","Yes","No","No","webpacker@5.4.0,sass-rails@6.0.0,rails@6.1.6,web-console@4.1.0","N/A","N/A"
"CVE-2023-38037","rubygem-activesupport: File Disclosure of Locally Encrypted Files","MEDIUM","ruby","","Gemfile.lock","N/A","2025-01-28T11:46:39.388Z","Active","activesupport","6.1.6","~>6.1.7, >=6.1.7.5, >=7.0.7.1","Yes","No","No","rails@6.1.6,webpacker@5.4.0,web-console@4.1.0,sass-rails@6.0.0,jbuilder@2.11.2","N/A","N/A"
"CVE-2024-47887","rubygem-actionpack: Possible ReDoS vulnerability in HTTP Token authentication in Action Controller","LOW","ruby","","Gemfile.lock","N/A","2025-01-28T11:46:39.388Z","Active","actionpack","6.1.6","~>6.1.7.9, ~>7.0.8.5, ~>7.1.4, >=7.1.4.1, >=7.2.1.1","Yes","No","No","rails@6.1.6,web-console@4.1.0,webpacker@5.4.0,sass-rails@6.0.0","N/A","N/A"
"CVE-2024-47888","rubygem-actiontext: Possible ReDoS vulnerability in plain_text_for_blockquote_node in Action Text","LOW","ruby","","Gemfile.lock","N/A","2025-01-28T11:46:39.388Z","Active","actiontext","6.1.6","~>6.1.7.9, ~>7.0.8.5, ~>7.1.4, >=7.1.4.1, >=7.2.1.1","Yes","No","No","rails@6.1.6","N/A","N/A"
"CVE-2023-23913","rails: DOM Based Cross-site Scripting in rails-ujs for contenteditable HTML Elements","HIGH","ruby","","Gemfile.lock","N/A","2025-01-28T11:46:39.388Z","Active","actionview","6.1.6","~>6.1.7.3, >=7.0.4.3","Yes","No","No","rails@6.1.6,web-console@4.1.0,webpacker@5.4.0,sass-rails@6.0.0","N/A","N/A"
"CVE-2022-32224","activerecord: Possible RCE escalation bug with Serialized Columns in Active Record","CRITICAL","ruby","","Gemfile.lock","N/A","2025-01-28T11:46:39.388Z","Active","activerecord","6.1.6","~>5.2.8, >=5.2.8.1, ~>6.0.5, >=6.0.5.1, ~>6.1.6, >=6.1.6.1, >=7.0.3.1","Yes","No","No","rails@6.1.6","N/A","N/A"
"CVE-2022-44566","rubygem-activerecord: Denial of Service","HIGH","ruby","","Gemfile.lock","N/A","2025-01-28T11:46:39.388Z","Active","activerecord","6.1.6","~>5.2.8, >=5.2.8.15, ~>6.1.7, >=6.1.7.1, >=7.0.4.1","Yes","No","No","rails@6.1.6","N/A","N/A"
"CVE-2023-22794","rubygem-activerecord: SQL Injection","HIGH","ruby","","Gemfile.lock","N/A","2025-01-28T11:46:39.388Z","Active","activerecord","6.1.6","~>6.0.6, >=6.0.6.1, ~>6.1.7, >=6.1.7.1, >=7.0.4.1","Yes","No","No","rails@6.1.6","N/A","N/A"
"CVE-2024-26144","rubygem-activestorage: Possible Sensitive Session Information Leak in Active Storage","MEDIUM","ruby","","Gemfile.lock","N/A","2025-01-28T11:46:39.388Z","Active","activestorage","6.1.6","~>6.1.7, >=6.1.7.7, >=7.0.8.1","Yes","No","No","rails@6.1.6","N/A","N/A"
"CVE-2023-22796","rubygem-activesupport: Regular Expression Denial of Service","HIGH","ruby","","Gemfile.lock","N/A","2025-01-28T11:46:39.388Z","Active","activesupport","6.1.6","~>5.2.8, >=5.2.8.15, ~>6.1.7, >=6.1.7.1, >=7.0.4.1","Yes","No","No","webpacker@5.4.0,web-console@4.1.0,sass-rails@6.0.0,jbuilder@2.11.2,rails@6.1.6","N/A","N/A"
"CVE-2023-28120","rubygem-activesupport: Possible XSS in SafeBuffer#bytesplice","MEDIUM","ruby","","Gemfile.lock","N/A","2025-01-28T11:46:39.388Z","Active","activesupport","6.1.6","~>6.1.7, >=6.1.7.3, >=7.0.4.3","Yes","No","No","jbuilder@2.11.2,rails@6.1.6,webpacker@5.4.0,web-console@4.1.0,sass-rails@6.0.0","N/A","N/A"
"CVE-2023-22799","rubygem-globalid: ReDoS vulnerability","HIGH","ruby","","Gemfile.lock","N/A","2025-01-28T11:46:39.388Z","Active","globalid","1.0.0",">=1.0.1","Yes","No","No","rails@6.1.6","N/A","N/A"
"CVE-2022-23514","rubygem-loofah: inefficient regular expression leading to denial of service","HIGH","ruby","","Gemfile.lock","N/A","2025-01-28T11:46:39.388Z","Active","loofah","2.18.0",">=2.19.1","Yes","No","No","web-console@4.1.0,webpacker@5.4.0,sass-rails@6.0.0,rails@6.1.6","N/A","N/A"
"CVE-2022-23516","rubygem-loofah: Uncontrolled Recursion leading to denial of service","HIGH","ruby","","Gemfile.lock","N/A","2025-01-28T11:46:39.388Z","Active","loofah","2.18.0",">=2.19.1","Yes","No","No","rails@6.1.6,web-console@4.1.0,webpacker@5.4.0,sass-rails@6.0.0","N/A","N/A"
"CVE-2022-23515","rubygem-loofah: Improper neutralization of data URIs leading to Cross Site Scripting","MEDIUM","ruby","","Gemfile.lock","N/A","2025-01-28T11:46:39.388Z","Active","loofah","2.18.0",">=2.19.1","Yes","No","No","rails@6.1.6,web-console@4.1.0,webpacker@5.4.0,sass-rails@6.0.0","N/A","N/A"
"GHSA-pxvg-2qj5-37jq","Update packaged libxml2 to v2.10.4 to resolve multiple CVEs","MEDIUM","ruby","","Gemfile.lock","N/A","2025-01-28T11:46:39.388Z","Active","nokogiri","1.13.6",">=1.14.3","Yes","No","No","webdrivers@4.6.0,rails@6.1.6,web-console@4.1.0,webpacker@5.4.0,sass-rails@6.0.0,capybara@3.35.3","N/A","N/A"
"GHSA-vcc3-rw6f-jv97","Use-after-free in libxml2 via Nokogiri::XML::Reader","MEDIUM","ruby","","Gemfile.lock","N/A","2025-01-28T11:46:39.388Z","Active","nokogiri","1.13.6","1.15.6, 1.16.2","Yes","No","No","web-console@4.1.0,webpacker@5.4.0,sass-rails@6.0.0,capybara@3.35.3,webdrivers@4.6.0,rails@6.1.6","N/A","N/A"
"GHSA-xc9x-jj77-9p9j","Use-after-free in libxml2 via Nokogiri::XML::Reader","MEDIUM","ruby","","Gemfile.lock","N/A","2025-01-28T11:46:39.388Z","Active","nokogiri","1.13.6","~>1.15.6, >=1.16.2","Yes","No","No","rails@6.1.6,web-console@4.1.0,webpacker@5.4.0,sass-rails@6.0.0,capybara@3.35.3,webdrivers@4.6.0","N/A","N/A"
"GHSA-r95h-9x8f-r3f7","Nokogiri updates packaged libxml2 to v2.12.7 to resolve CVE-2024-34459","LOW","ruby","","Gemfile.lock","N/A","2025-01-28T11:46:39.388Z","Active","nokogiri","1.13.6",">=1.16.5","Yes","No","No","rails@6.1.6,web-console@4.1.0,webpacker@5.4.0,sass-rails@6.0.0,capybara@3.35.3,webdrivers@4.6.0","N/A","N/A"
"CVE-2022-24790","puma-5.6.4: http request smuggling vulnerabilities","CRITICAL","ruby","","Gemfile.lock","N/A","2025-01-28T11:46:39.388Z","Active","puma","5.3.2","~>4.3.12, >=5.6.4","Yes","No","Yes","-","N/A","N/A"
"CVE-2022-23634","rubygem-puma: rubygem-rails: information leak between requests","HIGH","ruby","","Gemfile.lock","N/A","2025-01-28T11:46:39.388Z","Active","puma","5.3.2","~>4.3.11, >=5.6.2","Yes","No","Yes","-","N/A","N/A"
"CVE-2023-40175","rubygem-puma: HTTP request smuggling when parsing chunked transfer encoding bodies and zero-length content-length headers","MEDIUM","ruby","","Gemfile.lock","N/A","2025-01-28T11:46:39.388Z","Active","puma","5.3.2","~>5.6.7, >=6.3.1","Yes","No","Yes","-","N/A","N/A"
"CVE-2024-21647","rubygem-puma: HTTP request smuggling when parsing chunked Transfer-Encoding Bodies","MEDIUM","ruby","","Gemfile.lock","N/A","2025-01-28T11:46:39.388Z","Active","puma","5.3.2","~>5.6.8, >=6.4.2","Yes","No","Yes","-","N/A","N/A"
"CVE-2024-45614","rubygem-puma: Header normalization allows for client to clobber proxy set headers","MEDIUM","ruby","","Gemfile.lock","N/A","2025-01-28T11:46:39.388Z","Active","puma","5.3.2","~>5.6.9, >=6.4.3","Yes","No","Yes","-","N/A","N/A"
"CVE-2021-41136","rubygem-puma: Inconsistent Interpretation of HTTP Requests ('HTTP Request Smuggling') in puma","LOW","ruby","","Gemfile.lock","N/A","2025-01-28T11:46:39.388Z","Active","puma","5.3.2","~>4.3.9, >=5.5.1","Yes","No","Yes","-","N/A","N/A"
"CVE-2022-44572","rubygem-rack: denial of service in Content-Disposition parsing","HIGH","ruby","","Gemfile.lock","N/A","2025-01-28T11:46:39.388Z","Active","rack","2.2.3.1","~>2.0.9, >=2.0.9.2, ~>2.1.4, >=2.1.4.2, ~>2.2.6, >=2.2.6.1, >=3.0.4.1","Yes","No","No","sass-rails@6.0.0,capybara@3.35.3,rack-mini-profiler@2.3.2,rails@6.1.6,web-console@4.1.0,webpacker@5.4.0","N/A","N/A"
"CVE-2023-27530","rubygem-rack: Denial of service in Multipart MIME parsing","HIGH","ruby","","Gemfile.lock","N/A","2025-01-28T11:46:39.388Z","Active","rack","2.2.3.1","~>2.0.9, >=2.0.9.3, ~>2.1.4, >=2.1.4.3, ~>2.2.6, >=2.2.6.3, >=3.0.4.2","Yes","No","No","rack-mini-profiler@2.3.2,rails@6.1.6,web-console@4.1.0,webpacker@5.4.0,sass-rails@6.0.0,capybara@3.35.3","N/A","N/A"
"CVE-2023-27539","rubygem-rack: denial of service in header parsing","MEDIUM","ruby","","Gemfile.lock","N/A","2025-01-28T11:46:39.388Z","Active","rack","2.2.3.1","~>2.0, >=2.2.6.4, >=3.0.6.1","Yes","No","No","rails@6.1.6,web-console@4.1.0,webpacker@5.4.0,sass-rails@6.0.0,capybara@3.35.3,rack-mini-profiler@2.3.2","N/A","N/A"
"CVE-2024-25126","rubygem-rack: Denial of Service Vulnerability in Rack Content-Type Parsing","MEDIUM","ruby","","Gemfile.lock","N/A","2025-01-28T11:46:39.388Z","Active","rack","2.2.3.1","~>2.2.8, >=2.2.8.1, >=3.0.9.1","Yes","No","No","capybara@3.35.3,rack-mini-profiler@2.3.2,rails@6.1.6,web-console@4.1.0,webpacker@5.4.0,sass-rails@6.0.0","N/A","N/A"
"CVE-2024-26141","rubygem-rack: Possible DoS Vulnerability with Range Header in Rack","MEDIUM","ruby","","Gemfile.lock","N/A","2025-01-28T11:46:39.388Z","Active","rack","2.2.3.1","~>2.2.8, >=2.2.8.1, >=3.0.9.1","Yes","No","No","webpacker@5.4.0,sass-rails@6.0.0,capybara@3.35.3,rack-mini-profiler@2.3.2,rails@6.1.6,web-console@4.1.0","N/A","N/A"
"CVE-2022-23517","rubygem-rails-html-sanitizer: Inefficient Regular Expression leading to denial of service","HIGH","ruby","","Gemfile.lock","N/A","2025-01-28T11:46:39.388Z","Active","rails-html-sanitizer","1.4.3",">=1.4.4","Yes","No","No","rails@6.1.6,web-console@4.1.0,webpacker@5.4.0,sass-rails@6.0.0","N/A","N/A"
"CVE-2022-23518","rubygem-rails-html-sanitizer: Improper neutralization of data URIs leading to Cross site scripting","MEDIUM","ruby","","Gemfile.lock","N/A","2025-01-28T11:46:39.388Z","Active","rails-html-sanitizer","1.4.3",">=1.4.4","Yes","No","No","rails@6.1.6,web-console@4.1.0,webpacker@5.4.0,sass-rails@6.0.0","N/A","N/A"
"CVE-2022-23519","rubygem-rails-html-sanitizer: Cross site scripting vulnerability with certain configurations","MEDIUM","ruby","","Gemfile.lock","N/A","2025-01-28T11:46:39.388Z","Active","rails-html-sanitizer","1.4.3",">=1.4.4","Yes","No","No","webpacker@5.4.0,sass-rails@6.0.0,rails@6.1.6,web-console@4.1.0","N/A","N/A"
"CVE-2022-23520","rubygem-rails-html-sanitizer: Cross site scripting vulnerability with certain configurations","MEDIUM","ruby","","Gemfile.lock","N/A","2025-01-28T11:46:39.388Z","Active","rails-html-sanitizer","1.4.3",">=1.4.4","Yes","No","No","sass-rails@6.0.0,rails@6.1.6,web-console@4.1.0,webpacker@5.4.0","N/A","N/A"
"CVE-2024-49761","rexml: REXML ReDoS vulnerability","HIGH","ruby","","Gemfile.lock","N/A","2025-01-28T11:46:39.388Z","Active","rexml","3.2.5",">=3.3.9","Yes","No","Yes","-","N/A","N/A"
"CVE-2024-35176","REXML: DoS parsing an XML with many `<`s in an attribute value","MEDIUM","ruby","","Gemfile.lock","N/A","2025-01-28T11:46:39.388Z","Active","rexml","3.2.5",">=3.2.7","Yes","No","Yes","-","N/A","N/A"
"CVE-2024-39908","rexml: DoS vulnerability in REXML","MEDIUM","ruby","","Gemfile.lock","N/A","2025-01-28T11:46:39.388Z","Active","rexml","3.2.5",">=3.3.2","Yes","No","Yes","-","N/A","N/A"
"CVE-2024-41123","rexml: rubygem-rexml: DoS when parsing an XML having many specific characters such as whitespace character, >] and ]>","MEDIUM","ruby","","Gemfile.lock","N/A","2025-01-28T11:46:39.388Z","Active","rexml","3.2.5",">=3.3.3","Yes","No","Yes","-","N/A","N/A"
"CVE-2024-41946","rexml: DoS vulnerability in REXML","MEDIUM","ruby","","Gemfile.lock","N/A","2025-01-28T11:46:39.388Z","Active","rexml","3.2.5",">=3.3.3","Yes","No","Yes","-","N/A","N/A"
"CVE-2024-43398","rexml: DoS vulnerability in REXML","MEDIUM","ruby","","Gemfile.lock","N/A","2025-01-28T11:46:39.388Z","Active","rexml","3.2.5",">=3.3.6","Yes","No","Yes","-","N/A","N/A"
"CVE-2023-45133","babel: arbitrary code execution","CRITICAL","ruby","https://gitlab.com/dudi-test1/group1/ruby/-/blob/8d7fbea887d1db5019088cdc4af612bbffee04ae/package.json#L8-8","package.json","8","2025-01-28T11:46:39.388Z","Active","@babel/traverse","7.13.17","7.23.2, 8.0.0-alpha.4","Yes","No","No","@rails/webpacker@5.3.0","N/A","N/A"
"CVE-2021-3807","nodejs-ansi-regex: Regular expression denial of service (ReDoS) matching ANSI escape codes","HIGH","ruby","https://gitlab.com/dudi-test1/group1/ruby/-/blob/8d7fbea887d1db5019088cdc4af612bbffee04ae/package.json#L11-11","package.json","11","2025-01-28T11:46:39.388Z","Active","ansi-regex","4.1.0","6.0.1, 5.0.1, 4.1.1, 3.0.1","Yes","No","No","webpack-cli@3.3.12","N/A","N/A"
"CVE-2024-4068","braces: fails to limit the number of characters it can handle","HIGH","ruby","https://gitlab.com/dudi-test1/group1/ruby/-/blob/8d7fbea887d1db5019088cdc4af612bbffee04ae/package.json#L10-10","package.json","10","2025-01-28T11:46:39.388Z","Active","braces","2.3.2","3.0.3","Yes","No","No","webpack@4.46.0,webpack-cli@3.3.12","N/A","N/A"
"CVE-2024-4068","braces: fails to limit the number of characters it can handle","HIGH","ruby","https://gitlab.com/dudi-test1/group1/ruby/-/blob/8d7fbea887d1db5019088cdc4af612bbffee04ae/package.json#L8-8","package.json","8","2025-01-28T11:46:39.388Z","Active","braces","3.0.2","3.0.3","Yes","No","No","@rails/webpacker@5.3.0","N/A","N/A"
"CVE-2023-46234","browserify-sign: upper bound check issue in dsaVerify leads to a signature forgery attack","HIGH","ruby","https://gitlab.com/dudi-test1/group1/ruby/-/blob/8d7fbea887d1db5019088cdc4af612bbffee04ae/package.json#L10-10","package.json","10","2025-01-28T11:46:39.388Z","Active","browserify-sign","4.2.1","4.2.2","Yes","No","No","webpack@4.46.0","N/A","N/A"
"CVE-2024-21538","cross-spawn: regular expression denial of service","HIGH","ruby","https://gitlab.com/dudi-test1/group1/ruby/-/blob/8d7fbea887d1db5019088cdc4af612bbffee04ae/package.json#L11-11","package.json","11","2025-01-28T11:46:39.388Z","Active","cross-spawn","6.0.5","7.0.5, 6.0.6","Yes","No","No","webpack-cli@3.3.12","N/A","N/A"
"CVE-2024-42459","elliptic: nodejs/elliptic: EDDSA signature malleability due to missing signature length check","LOW","ruby","https://gitlab.com/dudi-test1/group1/ruby/-/blob/8d7fbea887d1db5019088cdc4af612bbffee04ae/package.json#L10-10","package.json","10","2025-01-28T11:46:39.388Z","Active","elliptic","6.5.4","6.5.7","Yes","No","No","webpack@4.46.0","N/A","N/A"
"CVE-2024-42460","elliptic: nodejs/elliptic: ECDSA signature malleability due to missing checks","LOW","ruby","https://gitlab.com/dudi-test1/group1/ruby/-/blob/8d7fbea887d1db5019088cdc4af612bbffee04ae/package.json#L10-10","package.json","10","2025-01-28T11:46:39.388Z","Active","elliptic","6.5.4","6.5.7","Yes","No","No","webpack@4.46.0","N/A","N/A"
"CVE-2024-42461","elliptic: nodejs/elliptic: ECDSA implementation malleability due to BER-enconded signatures being allowed","LOW","ruby","https://gitlab.com/dudi-test1/group1/ruby/-/blob/8d7fbea887d1db5019088cdc4af612bbffee04ae/package.json#L10-10","package.json","10","2025-01-28T11:46:39.388Z","Active","elliptic","6.5.4","6.5.7","Yes","No","No","webpack@4.46.0","N/A","N/A"
"CVE-2024-48948","elliptic: ECDSA signature verification error may reject legitimate transactions","LOW","ruby","https://gitlab.com/dudi-test1/group1/ruby/-/blob/8d7fbea887d1db5019088cdc4af612bbffee04ae/package.json#L10-10","package.json","10","2025-01-28T11:46:39.388Z","Active","elliptic","6.5.4","6.6.0","Yes","No","No","webpack@4.46.0","N/A","N/A"
"CVE-2024-48949","elliptic: Missing Validation in Elliptic's EDDSA Signature Verification","LOW","ruby","https://gitlab.com/dudi-test1/group1/ruby/-/blob/8d7fbea887d1db5019088cdc4af612bbffee04ae/package.json#L10-10","package.json","10","2025-01-28T11:46:39.388Z","Active","elliptic","6.5.4","6.5.6","Yes","No","No","webpack@4.46.0","N/A","N/A"
"CVE-2022-46175","json5: Prototype Pollution in JSON5 via Parse Method","HIGH","ruby","https://gitlab.com/dudi-test1/group1/ruby/-/blob/8d7fbea887d1db5019088cdc4af612bbffee04ae/package.json#L10-10","package.json","10","2025-01-28T11:46:39.388Z","Active","json5","1.0.1","2.2.2, 1.0.2","Yes","No","No","webpack@4.46.0,webpack-cli@3.3.12,@rails/webpacker@5.3.0","N/A","N/A"
"CVE-2022-46175","json5: Prototype Pollution in JSON5 via Parse Method","HIGH","ruby","https://gitlab.com/dudi-test1/group1/ruby/-/blob/8d7fbea887d1db5019088cdc4af612bbffee04ae/package.json#L8-8","package.json","8","2025-01-28T11:46:39.388Z","Active","json5","2.2.0","2.2.2, 1.0.2","Yes","No","No","@rails/webpacker@5.3.0","N/A","N/A"
"CVE-2022-37601","loader-utils: prototype pollution in function parseQuery in parseQuery.js","CRITICAL","ruby","https://gitlab.com/dudi-test1/group1/ruby/-/blob/8d7fbea887d1db5019088cdc4af612bbffee04ae/package.json#L10-10","package.json","10","2025-01-28T11:46:39.388Z","Active","loader-utils","1.4.0","2.0.3, 1.4.1","Yes","No","No","webpack@4.46.0,webpack-cli@3.3.12,@rails/webpacker@5.3.0","N/A","N/A"
"CVE-2022-37599","loader-utils: regular expression denial of service in interpolateName.js","HIGH","ruby","https://gitlab.com/dudi-test1/group1/ruby/-/blob/8d7fbea887d1db5019088cdc4af612bbffee04ae/package.json#L10-10","package.json","10","2025-01-28T11:46:39.388Z","Active","loader-utils","1.4.0","1.4.2, 2.0.4, 3.2.1","Yes","No","No","webpack@4.46.0,webpack-cli@3.3.12,@rails/webpacker@5.3.0","N/A","N/A"
"CVE-2022-37603","loader-utils: Regular expression denial of service","HIGH","ruby","https://gitlab.com/dudi-test1/group1/ruby/-/blob/8d7fbea887d1db5019088cdc4af612bbffee04ae/package.json#L10-10","package.json","10","2025-01-28T11:46:39.388Z","Active","loader-utils","1.4.0","1.4.2, 2.0.4, 3.2.1","Yes","No","No","webpack@4.46.0,webpack-cli@3.3.12,@rails/webpacker@5.3.0","N/A","N/A"
"CVE-2022-37601","loader-utils: prototype pollution in function parseQuery in parseQuery.js","CRITICAL","ruby","https://gitlab.com/dudi-test1/group1/ruby/-/blob/8d7fbea887d1db5019088cdc4af612bbffee04ae/package.json#L8-8","package.json","8","2025-01-28T11:46:39.388Z","Active","loader-utils","2.0.0","2.0.3, 1.4.1","Yes","No","No","@rails/webpacker@5.3.0","N/A","N/A"
"CVE-2022-37599","loader-utils: regular expression denial of service in interpolateName.js","HIGH","ruby","https://gitlab.com/dudi-test1/group1/ruby/-/blob/8d7fbea887d1db5019088cdc4af612bbffee04ae/package.json#L8-8","package.json","8","2025-01-28T11:46:39.388Z","Active","loader-utils","2.0.0","1.4.2, 2.0.4, 3.2.1","Yes","No","No","@rails/webpacker@5.3.0","N/A","N/A"
"CVE-2022-37603","loader-utils: Regular expression denial of service","HIGH","ruby","https://gitlab.com/dudi-test1/group1/ruby/-/blob/8d7fbea887d1db5019088cdc4af612bbffee04ae/package.json#L8-8","package.json","8","2025-01-28T11:46:39.388Z","Active","loader-utils","2.0.0","1.4.2, 2.0.4, 3.2.1","Yes","No","No","@rails/webpacker@5.3.0","N/A","N/A"
"CVE-2024-4067","micromatch: vulnerable to Regular Expression Denial of Service","MEDIUM","ruby","https://gitlab.com/dudi-test1/group1/ruby/-/blob/8d7fbea887d1db5019088cdc4af612bbffee04ae/package.json#L10-10","package.json","10","2025-01-28T11:46:39.388Z","Active","micromatch","3.1.10","4.0.8","Yes","No","No","webpack@4.46.0,webpack-cli@3.3.12","N/A","N/A"
"CVE-2022-3517","nodejs-minimatch: ReDoS via the braceExpand function","HIGH","ruby","https://gitlab.com/dudi-test1/group1/ruby/-/blob/8d7fbea887d1db5019088cdc4af612bbffee04ae/package.json#L8-8","package.json","8","2025-01-28T11:46:39.388Z","Active","minimatch","3.0.4","3.0.5","Yes","No","No","@rails/webpacker@5.3.0,webpack@4.46.0","N/A","N/A"
"CVE-2021-44906","minimist: prototype pollution","CRITICAL","ruby","https://gitlab.com/dudi-test1/group1/ruby/-/blob/8d7fbea887d1db5019088cdc4af612bbffee04ae/package.json#L10-10","package.json","10","2025-01-28T11:46:39.388Z","Active","minimist","1.2.5","1.2.6, 0.2.4","Yes","No","No","webpack@4.46.0,webpack-cli@3.3.12,@rails/webpacker@5.3.0","N/A","N/A"
"CVE-2021-3803","nodejs-nth-check: inefficient regular expression complexity","HIGH","ruby","https://gitlab.com/dudi-test1/group1/ruby/-/blob/8d7fbea887d1db5019088cdc4af612bbffee04ae/package.json#L8-8","package.json","8","2025-01-28T11:46:39.388Z","Active","nth-check","1.0.2","2.0.1","Yes","No","No","@rails/webpacker@5.3.0","N/A","N/A"
"CVE-2021-23343","nodejs-path-parse: ReDoS via splitDeviceRe, splitTailRe and splitPathRe","MEDIUM","ruby","https://gitlab.com/dudi-test1/group1/ruby/-/blob/8d7fbea887d1db5019088cdc4af612bbffee04ae/package.json#L8-8","package.json","8","2025-01-28T11:46:39.388Z","Active","path-parse","1.0.6","1.0.7","Yes","No","No","@rails/webpacker@5.3.0","N/A","N/A"
"CVE-2021-23368","nodejs-postcss: Regular expression denial of service during source map parsing","MEDIUM","ruby","https://gitlab.com/dudi-test1/group1/ruby/-/blob/8d7fbea887d1db5019088cdc4af612bbffee04ae/package.json#L8-8","package.json","8","2025-01-28T11:46:39.388Z","Active","postcss","7.0.35","7.0.36, 8.2.10","Yes","No","No","@rails/webpacker@5.3.0","N/A","N/A"
"CVE-2021-23382","nodejs-postcss: ReDoS via getAnnotationURL() and loadAnnotation() in lib/previous-map.js","MEDIUM","ruby","https://gitlab.com/dudi-test1/group1/ruby/-/blob/8d7fbea887d1db5019088cdc4af612bbffee04ae/package.json#L8-8","package.json","8","2025-01-28T11:46:39.388Z","Active","postcss","7.0.35","8.2.13, 7.0.36","Yes","No","No","@rails/webpacker@5.3.0","N/A","N/A"
"CVE-2023-44270","PostCSS: Improper input validation in PostCSS","MEDIUM","ruby","https://gitlab.com/dudi-test1/group1/ruby/-/blob/8d7fbea887d1db5019088cdc4af612bbffee04ae/package.json#L8-8","package.json","8","2025-01-28T11:46:39.388Z","Active","postcss","7.0.35","8.4.31","Yes","No","No","@rails/webpacker@5.3.0","N/A","N/A"
"CVE-2022-25883","nodejs-semver: Regular expression denial of service","HIGH","ruby","https://gitlab.com/dudi-test1/group1/ruby/-/blob/8d7fbea887d1db5019088cdc4af612bbffee04ae/package.json#L11-11","package.json","11","2025-01-28T11:46:39.388Z","Active","semver","5.7.1","7.5.2, 6.3.1, 5.7.2","Yes","No","No","webpack-cli@3.3.12,webpack@4.46.0","N/A","N/A"
"CVE-2022-25883","nodejs-semver: Regular expression denial of service","HIGH","ruby","https://gitlab.com/dudi-test1/group1/ruby/-/blob/8d7fbea887d1db5019088cdc4af612bbffee04ae/package.json#L8-8","package.json","8","2025-01-28T11:46:39.388Z","Active","semver","6.3.0","7.5.2, 6.3.1, 5.7.2","Yes","No","No","@rails/webpacker@5.3.0","N/A","N/A"
"CVE-2022-25883","nodejs-semver: Regular expression denial of service","HIGH","ruby","https://gitlab.com/dudi-test1/group1/ruby/-/blob/8d7fbea887d1db5019088cdc4af612bbffee04ae/package.json#L8-8","package.json","8","2025-01-28T11:46:39.388Z","Active","semver","7.0.0","7.5.2, 6.3.1, 5.7.2","Yes","No","No","@rails/webpacker@5.3.0","N/A","N/A"
"CVE-2022-25883","nodejs-semver: Regular expression denial of service","HIGH","ruby","https://gitlab.com/dudi-test1/group1/ruby/-/blob/8d7fbea887d1db5019088cdc4af612bbffee04ae/package.json#L8-8","package.json","8","2025-01-28T11:46:39.388Z","Active","semver","7.3.5","7.5.2, 6.3.1, 5.7.2","Yes","No","No","@rails/webpacker@5.3.0","N/A","N/A"
"CVE-2021-32803","nodejs-tar: Insufficient symlink protection allowing arbitrary file creation and overwrite","HIGH","ruby","https://gitlab.com/dudi-test1/group1/ruby/-/blob/8d7fbea887d1db5019088cdc4af612bbffee04ae/package.json#L8-8","package.json","8","2025-01-28T11:46:39.388Z","Active","tar","6.1.0","3.2.3, 4.4.15, 5.0.7, 6.1.2","Yes","No","No","@rails/webpacker@5.3.0","N/A","N/A"
"CVE-2021-32804","nodejs-tar: Insufficient absolute path sanitization allowing arbitrary file creation and overwrite","HIGH","ruby","https://gitlab.com/dudi-test1/group1/ruby/-/blob/8d7fbea887d1db5019088cdc4af612bbffee04ae/package.json#L8-8","package.json","8","2025-01-28T11:46:39.388Z","Active","tar","6.1.0","3.2.2, 4.4.14, 5.0.6, 6.1.1","Yes","No","No","@rails/webpacker@5.3.0","N/A","N/A"
"CVE-2021-37701","nodejs-tar: Insufficient symlink protection due to directory cache poisoning using symbolic links allowing arbitrary file creation and overwrite","HIGH","ruby","https://gitlab.com/dudi-test1/group1/ruby/-/blob/8d7fbea887d1db5019088cdc4af612bbffee04ae/package.json#L8-8","package.json","8","2025-01-28T11:46:39.388Z","Active","tar","6.1.0","4.4.16, 5.0.8, 6.1.7","Yes","No","No","@rails/webpacker@5.3.0","N/A","N/A"
"CVE-2021-37712","nodejs-tar: Insufficient symlink protection due to directory cache poisoning using symbolic links allowing arbitrary file creation and overwrite","HIGH","ruby","https://gitlab.com/dudi-test1/group1/ruby/-/blob/8d7fbea887d1db5019088cdc4af612bbffee04ae/package.json#L8-8","package.json","8","2025-01-28T11:46:39.388Z","Active","tar","6.1.0","4.4.18, 5.0.10, 6.1.9","Yes","No","No","@rails/webpacker@5.3.0","N/A","N/A"
"CVE-2021-37713","nodejs-tar: Arbitrary File Creation/Overwrite on Windows via insufficient relative path sanitization","HIGH","ruby","https://gitlab.com/dudi-test1/group1/ruby/-/blob/8d7fbea887d1db5019088cdc4af612bbffee04ae/package.json#L8-8","package.json","8","2025-01-28T11:46:39.388Z","Active","tar","6.1.0","4.4.18, 5.0.10, 6.1.9","Yes","No","No","@rails/webpacker@5.3.0","N/A","N/A"
"CVE-2024-28863","node-tar: denial of service while parsing a tar file due to lack of folders depth validation","MEDIUM","ruby","https://gitlab.com/dudi-test1/group1/ruby/-/blob/8d7fbea887d1db5019088cdc4af612bbffee04ae/package.json#L8-8","package.json","8","2025-01-28T11:46:39.388Z","Active","tar","6.1.0","6.2.1","Yes","No","No","@rails/webpacker@5.3.0","N/A","N/A"
"CVE-2022-25858","terser: insecure use of regular expressions leads to ReDoS","HIGH","ruby","https://gitlab.com/dudi-test1/group1/ruby/-/blob/8d7fbea887d1db5019088cdc4af612bbffee04ae/package.json#L10-10","package.json","10","2025-01-28T11:46:39.388Z","Active","terser","4.8.0","4.8.1, 5.14.2","Yes","No","No","webpack@4.46.0","N/A","N/A"
"CVE-2022-25858","terser: insecure use of regular expressions leads to ReDoS","HIGH","ruby","https://gitlab.com/dudi-test1/group1/ruby/-/blob/8d7fbea887d1db5019088cdc4af612bbffee04ae/package.json#L8-8","package.json","8","2025-01-28T11:46:39.388Z","Active","terser","5.7.0","4.8.1, 5.14.2","Yes","No","No","@rails/webpacker@5.3.0","N/A","N/A"
"CVE-2021-29469","Node-Redis potential exponential regex in monitor mode","HIGH","trivy-commercial","","Aqua-Lockfiles-1519674697/npmLockfiles-3376025788/package.json-89634621/package.json","N/A","2025-01-27T11:57:48.842Z","Active","redis","3.0.2","3.1.1","Yes","No","No","-","0.0025","N/A"
"CVE-2021-29469","Node-Redis potential exponential regex in monitor mode","HIGH","trivy-commercial","","Aqua-Lockfiles-1006156996/npmLockfiles-3929412219/package.json-2726183749/package.json","N/A","2025-01-27T11:57:48.842Z","Active","redis","3.0.2","3.1.1","Yes","No","No","-","0.0025","N/A"
"CVE-2021-29469","Node-Redis potential exponential regex in monitor mode","HIGH","trivy-commercial","","Aqua-Lockfiles-1369267813/npmLockfiles-4040656515/package.json-825794265/package.json","3","2025-01-27T11:57:48.842Z","Active","redis","3.0.2","3.1.1","Yes","No","No","-","0.0025","N/A"
"CVE-2021-29469","Node-Redis potential exponential regex in monitor mode","HIGH","trivy-commercial","","Aqua-Lockfiles-1514180867/npmLockfiles-692611916/package.json-3802108286/package.json","N/A","2025-01-27T11:57:48.842Z","Active","redis","3.0.2","3.1.1","Yes","No","No","-","0.0025","N/A"
"CVE-2021-29469","Node-Redis potential exponential regex in monitor mode","HIGH","trivy-commercial","","Aqua-Lockfiles-1597600878/npmLockfiles-2565407862/package.json-2170497417/package.json","N/A","2025-01-27T11:57:48.842Z","Active","redis","3.0.2","3.1.1","Yes","No","No","-","0.0025","N/A"
"CVE-2021-29469","Node-Redis potential exponential regex in monitor mode","HIGH","trivy-commercial","","Aqua-Lockfiles-1635309760/npmLockfiles-1627780267/package.json-610861879/package.json","3","2025-01-27T11:57:48.842Z","Active","redis","3.0.2","3.1.1","Yes","No","No","-","0.0025","N/A"
"CVE-2021-29469","Node-Redis potential exponential regex in monitor mode","HIGH","trivy-commercial","","Aqua-Lockfiles-180644763/npmLockfiles-2922677754/package.json-2695972132/package.json","3","2025-01-27T11:57:48.842Z","Active","redis","3.0.2","3.1.1","Yes","No","No","-","0.0025","N/A"
"CVE-2021-29469","Node-Redis potential exponential regex in monitor mode","HIGH","trivy-commercial","","Aqua-Lockfiles-1910261096/npmLockfiles-3044090615/package.json-3754218090/package.json","3","2025-01-27T11:57:48.842Z","Active","redis","3.0.2","3.1.1","Yes","No","No","-","0.0025","N/A"
"CVE-2021-29469","Node-Redis potential exponential regex in monitor mode","HIGH","trivy-commercial","","Aqua-Lockfiles-1979427993/npmLockfiles-107464917/package.json-3113714641/package.json","N/A","2025-01-27T11:57:48.842Z","Active","redis","3.0.2","3.1.1","Yes","No","No","-","0.0025","N/A"
"CVE-2021-29469","Node-Redis potential exponential regex in monitor mode","HIGH","trivy-commercial","","Aqua-Lockfiles-2043612747/npmLockfiles-631641078/package.json-1389914226/package.json","3","2025-01-27T11:57:48.842Z","Active","redis","3.0.2","3.1.1","Yes","No","No","-","0.0025","N/A"
"CVE-2021-29469","Node-Redis potential exponential regex in monitor mode","HIGH","trivy-commercial","","Aqua-Lockfiles-2076997132/npmLockfiles-3292719879/package.json-1336639159/package.json","3","2025-01-27T11:57:48.842Z","Active","redis","3.0.2","3.1.1","Yes","No","No","-","0.0025","N/A"
"CVE-2021-29469","Node-Redis potential exponential regex in monitor mode","HIGH","trivy-commercial","","Aqua-Lockfiles-2149470094/npmLockfiles-4273428172/package.json-1615650022/package.json","N/A","2025-01-27T11:57:48.842Z","Active","redis","3.0.2","3.1.1","Yes","No","No","-","0.0025","N/A"
"CVE-2021-29469","Node-Redis potential exponential regex in monitor mode","HIGH","trivy-commercial","","Aqua-Lockfiles-2181021004/npmLockfiles-4188872912/package.json-2940377615/package.json","3","2025-01-27T11:57:48.842Z","Active","redis","3.0.2","3.1.1","Yes","No","No","-","0.0025","N/A"
"CVE-2021-29469","Node-Redis potential exponential regex in monitor mode","HIGH","trivy-commercial","","Aqua-Lockfiles-2225619490/npmLockfiles-761595573/package.json-2172925344/package.json","3","2025-01-27T11:57:48.842Z","Active","redis","3.0.2","3.1.1","Yes","No","No","-","0.0025","N/A"
"CVE-2021-29469","Node-Redis potential exponential regex in monitor mode","HIGH","trivy-commercial","","Aqua-Lockfiles-223658497/npmLockfiles-362208943/package.json-3947287970/package.json","N/A","2025-01-27T11:57:48.842Z","Active","redis","3.0.2","3.1.1","Yes","No","No","-","0.0025","N/A"
"CVE-2021-29469","Node-Redis potential exponential regex in monitor mode","HIGH","trivy-commercial","","Aqua-Lockfiles-2237374094/npmLockfiles-485933765/package.json-557361492/package.json","3","2025-01-27T11:57:48.842Z","Active","redis","3.0.2","3.1.1","Yes","No","No","-","0.0025","N/A"
"CVE-2021-29469","Node-Redis potential exponential regex in monitor mode","HIGH","trivy-commercial","","Aqua-Lockfiles-2386826275/npmLockfiles-211408015/package.json-2957688382/package.json","N/A","2025-01-27T11:57:48.842Z","Active","redis","3.0.2","3.1.1","Yes","No","No","-","0.0025","N/A"
"CVE-2021-29469","Node-Redis potential exponential regex in monitor mode","HIGH","trivy-commercial","","Aqua-Lockfiles-2493420332/npmLockfiles-2816035562/package.json-347513698/package.json","3","2025-01-27T11:57:48.842Z","Active","redis","3.0.2","3.1.1","Yes","No","No","-","0.0025","N/A"
"CVE-2021-29469","Node-Redis potential exponential regex in monitor mode","HIGH","trivy-commercial","","Aqua-Lockfiles-2496058110/npmLockfiles-91694926/package.json-4290190332/package.json","3","2025-01-27T11:57:48.842Z","Active","redis","3.0.2","3.1.1","Yes","No","No","-","0.0025","N/A"
"CVE-2021-29469","Node-Redis potential exponential regex in monitor mode","HIGH","trivy-commercial","","Aqua-Lockfiles-2581375753/npmLockfiles-968349917/package.json-3706047904/package.json","N/A","2025-01-27T11:57:48.842Z","Active","redis","3.0.2","3.1.1","Yes","No","No","-","0.0025","N/A"
"CVE-2021-29469","Node-Redis potential exponential regex in monitor mode","HIGH","trivy-commercial","","Aqua-Lockfiles-2609732588/npmLockfiles-1129165941/package.json-131931715/package.json","3","2025-01-27T11:57:48.842Z","Active","redis","3.0.2","3.1.1","Yes","No","No","-","0.0025","N/A"
"CVE-2021-29469","Node-Redis potential exponential regex in monitor mode","HIGH","trivy-commercial","","Aqua-Lockfiles-2616382310/npmLockfiles-3092728820/package.json-2720442962/package.json","N/A","2025-01-27T11:57:48.842Z","Active","redis","3.0.2","3.1.1","Yes","No","No","-","0.0025","N/A"
"CVE-2021-29469","Node-Redis potential exponential regex in monitor mode","HIGH","trivy-commercial","","Aqua-Lockfiles-2627904950/npmLockfiles-4108700307/package.json-2218929997/package.json","N/A","2025-01-27T11:57:48.842Z","Active","redis","3.0.2","3.1.1","Yes","No","No","-","0.0025","N/A"
"CVE-2021-29469","Node-Redis potential exponential regex in monitor mode","HIGH","trivy-commercial","","Aqua-Lockfiles-2744195090/npmLockfiles-3333038393/package.json-613660214/package.json","3","2025-01-27T11:57:48.842Z","Active","redis","3.0.2","3.1.1","Yes","No","No","-","0.0025","N/A"
"CVE-2021-29469","Node-Redis potential exponential regex in monitor mode","HIGH","trivy-commercial","","Aqua-Lockfiles-2768635160/npmLockfiles-2345477672/package.json-531363600/package.json","3","2025-01-27T11:57:48.842Z","Active","redis","3.0.2","3.1.1","Yes","No","No","-","0.0025","N/A"
"CVE-2021-29469","Node-Redis potential exponential regex in monitor mode","HIGH","trivy-commercial","","Aqua-Lockfiles-2802330206/npmLockfiles-1353332037/package.json-3072731838/package.json","3","2025-01-27T11:57:48.842Z","Active","redis","3.0.2","3.1.1","Yes","No","No","-","0.0025","N/A"
"CVE-2021-29469","Node-Redis potential exponential regex in monitor mode","HIGH","trivy-commercial","","Aqua-Lockfiles-2847599450/npmLockfiles-2452035055/package.json-3462321354/package.json","N/A","2025-01-27T11:57:48.842Z","Active","redis","3.0.2","3.1.1","Yes","No","No","-","0.0025","N/A"
"CVE-2021-29469","Node-Redis potential exponential regex in monitor mode","HIGH","trivy-commercial","","Aqua-Lockfiles-2928810557/npmLockfiles-1063064371/package.json-2599501901/package.json","N/A","2025-01-27T11:57:48.842Z","Active","redis","3.0.2","3.1.1","Yes","No","No","-","0.0025","N/A"
"CVE-2021-29469","Node-Redis potential exponential regex in monitor mode","HIGH","trivy-commercial","","Aqua-Lockfiles-303904373/npmLockfiles-304527778/package.json-4101341897/package.json","3","2025-01-27T11:57:48.842Z","Active","redis","3.0.2","3.1.1","Yes","No","No","-","0.0025","N/A"
"CVE-2021-29469","Node-Redis potential exponential regex in monitor mode","HIGH","trivy-commercial","","Aqua-Lockfiles-3094766333/npmLockfiles-3808685294/package.json-1177259098/package.json","3","2025-01-27T11:57:48.842Z","Active","redis","3.0.2","3.1.1","Yes","No","No","-","0.0025","N/A"
"CVE-2021-29469","Node-Redis potential exponential regex in monitor mode","HIGH","trivy-commercial","","Aqua-Lockfiles-3140799075/npmLockfiles-3859351118/package.json-2465162215/package.json","N/A","2025-01-27T11:57:48.842Z","Active","redis","3.0.2","3.1.1","Yes","No","No","-","0.0025","N/A"
"CVE-2021-29469","Node-Redis potential exponential regex in monitor mode","HIGH","trivy-commercial","","Aqua-Lockfiles-3186346943/npmLockfiles-3230732602/package.json-4222510582/package.json","3","2025-01-27T11:57:48.842Z","Active","redis","3.0.2","3.1.1","Yes","No","No","-","0.0025","N/A"
"CVE-2021-29469","Node-Redis potential exponential regex in monitor mode","HIGH","trivy-commercial","","Aqua-Lockfiles-3270371690/npmLockfiles-1576581522/package.json-3296901799/package.json","N/A","2025-01-27T11:57:48.842Z","Active","redis","3.0.2","3.1.1","Yes","No","No","-","0.0025","N/A"
"CVE-2021-29469","Node-Redis potential exponential regex in monitor mode","HIGH","trivy-commercial","","Aqua-Lockfiles-3298609011/npmLockfiles-2491773323/package.json-833047559/package.json","N/A","2025-01-27T11:57:48.842Z","Active","redis","3.0.2","3.1.1","Yes","No","No","-","0.0025","N/A"
"CVE-2021-29469","Node-Redis potential exponential regex in monitor mode","HIGH","trivy-commercial","","Aqua-Lockfiles-3302732186/npmLockfiles-2836263836/package.json-340568474/package.json","3","2025-01-27T11:57:48.842Z","Active","redis","3.0.2","3.1.1","Yes","No","No","-","0.0025","N/A"
"CVE-2021-29469","Node-Redis potential exponential regex in monitor mode","HIGH","trivy-commercial","","Aqua-Lockfiles-3316662581/npmLockfiles-3479081059/package.json-1293393234/package.json","N/A","2025-01-27T11:57:48.842Z","Active","redis","3.0.2","3.1.1","Yes","No","No","-","0.0025","N/A"
"CVE-2021-29469","Node-Redis potential exponential regex in monitor mode","HIGH","trivy-commercial","","Aqua-Lockfiles-3347194392/npmLockfiles-1383494368/package.json-1519139696/package.json","N/A","2025-01-27T11:57:48.842Z","Active","redis","3.0.2","3.1.1","Yes","No","No","-","0.0025","N/A"
"CVE-2021-29469","Node-Redis potential exponential regex in monitor mode","HIGH","trivy-commercial","","Aqua-Lockfiles-3396513337/npmLockfiles-990371646/package.json-1518112887/package.json","3","2025-01-27T11:57:48.842Z","Active","redis","3.0.2","3.1.1","Yes","No","No","-","0.0025","N/A"
"CVE-2021-29469","Node-Redis potential exponential regex in monitor mode","HIGH","trivy-commercial","","Aqua-Lockfiles-345909835/npmLockfiles-3174671135/package.json-3855950224/package.json","N/A","2025-01-27T11:57:48.842Z","Active","redis","3.0.2","3.1.1","Yes","No","No","-","0.0025","N/A"
"CVE-2021-29469","Node-Redis potential exponential regex in monitor mode","HIGH","trivy-commercial","","Aqua-Lockfiles-3515182456/npmLockfiles-1860754903/package.json-769080185/package.json","3","2025-01-27T11:57:48.842Z","Active","redis","3.0.2","3.1.1","Yes","No","No","-","0.0025","N/A"
"CVE-2021-29469","Node-Redis potential exponential regex in monitor mode","HIGH","trivy-commercial","","Aqua-Lockfiles-3543857459/npmLockfiles-2550463116/package.json-1645799285/package.json","N/A","2025-01-27T11:57:48.842Z","Active","redis","3.0.2","3.1.1","Yes","No","No","-","0.0025","N/A"
"CVE-2021-29469","Node-Redis potential exponential regex in monitor mode","HIGH","trivy-commercial","","Aqua-Lockfiles-3551518640/npmLockfiles-2555444986/package.json-3902644733/package.json","3","2025-01-27T11:57:48.842Z","Active","redis","3.0.2","3.1.1","Yes","No","No","-","0.0025","N/A"
"CVE-2021-29469","Node-Redis potential exponential regex in monitor mode","HIGH","trivy-commercial","","Aqua-Lockfiles-3588986167/npmLockfiles-2538072246/package.json-2109942522/package.json","N/A","2025-01-27T11:57:48.842Z","Active","redis","3.0.2","3.1.1","Yes","No","No","-","0.0025","N/A"
"CVE-2021-29469","Node-Redis potential exponential regex in monitor mode","HIGH","trivy-commercial","","Aqua-Lockfiles-3633733125/npmLockfiles-829571369/package.json-2656535992/package.json","N/A","2025-01-27T11:57:48.842Z","Active","redis","3.0.2","3.1.1","Yes","No","No","-","0.0025","N/A"
"CVE-2021-29469","Node-Redis potential exponential regex in monitor mode","HIGH","trivy-commercial","","Aqua-Lockfiles-3744176915/npmLockfiles-3452967047/package.json-2907670674/package.json","3","2025-01-27T11:57:48.842Z","Active","redis","3.0.2","3.1.1","Yes","No","No","-","0.0025","N/A"
"CVE-2021-29469","Node-Redis potential exponential regex in monitor mode","HIGH","trivy-commercial","","Aqua-Lockfiles-386303895/npmLockfiles-3256760398/package.json-3285658423/package.json","3","2025-01-27T11:57:48.842Z","Active","redis","3.0.2","3.1.1","Yes","No","No","-","0.0025","N/A"
"CVE-2021-29469","Node-Redis potential exponential regex in monitor mode","HIGH","trivy-commercial","","Aqua-Lockfiles-396048484/npmLockfiles-1860884872/package.json-125694383/package.json","3","2025-01-27T11:57:48.842Z","Active","redis","3.0.2","3.1.1","Yes","No","No","-","0.0025","N/A"
"CVE-2021-29469","Node-Redis potential exponential regex in monitor mode","HIGH","trivy-commercial","","package.json","20","2025-01-27T11:57:48.842Z","Active","redis","3.0.2","3.1.1","Yes","No","No","-","0.0025","N/A"
"CVE-2021-29469","Node-Redis potential exponential regex in monitor mode","HIGH","trivy-commercial","","Aqua-Lockfiles-403138614/npmLockfiles-2966934256/package.json-369363180/package.json","N/A","2025-01-27T11:57:48.842Z","Active","redis","3.0.2","3.1.1","Yes","No","No","-","0.0025","N/A"
"CVE-2021-29469","Node-Redis potential exponential regex in monitor mode","HIGH","trivy-commercial","","Aqua-Lockfiles-4094160259/npmLockfiles-1335332483/package.json-3261699278/package.json","N/A","2025-01-27T11:57:48.842Z","Active","redis","3.0.2","3.1.1","Yes","No","No","-","0.0025","N/A"
"CVE-2021-29469","Node-Redis potential exponential regex in monitor mode","HIGH","trivy-commercial","","Aqua-Lockfiles-4217730360/npmLockfiles-3063799707/package.json-869506227/package.json","N/A","2025-01-27T11:57:48.842Z","Active","redis","3.0.2","3.1.1","Yes","No","No","-","0.0025","N/A"
"CVE-2021-29469","Node-Redis potential exponential regex in monitor mode","HIGH","trivy-commercial","","Aqua-Lockfiles-483604610/npmLockfiles-3290628813/package.json-2859823939/package.json","N/A","2025-01-27T11:57:48.842Z","Active","redis","3.0.2","3.1.1","Yes","No","No","-","0.0025","N/A"
"CVE-2021-29469","Node-Redis potential exponential regex in monitor mode","HIGH","trivy-commercial","","Aqua-Lockfiles-517851176/npmLockfiles-45116758/package.json-561166590/package.json","N/A","2025-01-27T11:57:48.842Z","Active","redis","3.0.2","3.1.1","Yes","No","No","-","0.0025","N/A"
"CVE-2021-29469","Node-Redis potential exponential regex in monitor mode","HIGH","trivy-commercial","","Aqua-Lockfiles-53797256/npmLockfiles-1325535515/package.json-3341453667/package.json","N/A","2025-01-27T11:57:48.842Z","Active","redis","3.0.2","3.1.1","Yes","No","No","-","0.0025","N/A"
"CVE-2021-29469","Node-Redis potential exponential regex in monitor mode","HIGH","trivy-commercial","","Aqua-Lockfiles-674705250/npmLockfiles-3244578852/package.json-2030545748/package.json","3","2025-01-27T11:57:48.842Z","Active","redis","3.0.2","3.1.1","Yes","No","No","-","0.0025","N/A"
"CVE-2021-29469","Node-Redis potential exponential regex in monitor mode","HIGH","trivy-commercial","","Aqua-Lockfiles-733109638/npmLockfiles-2310631155/package.json-1569886076/package.json","3","2025-01-27T11:57:48.842Z","Active","redis","3.0.2","3.1.1","Yes","No","No","-","0.0025","N/A"
"CVE-2022-37599","loader-utils: regular expression denial of service in interpolateName.js","HIGH","reactjs-application","https://bitbucket8.aquaseclabs.com:8090/bitbucket/projects/AQ/repos/reactjs-application/browse/package.json?at=b0ef994fbbe287222b27043be2b0aebd495e665e#1","package.json","N/A","2025-01-26T12:45:59.886Z","Active","loader-utils","1.4.0","1.4.2, 2.0.4, 3.2.1","Yes","No","No","react-scripts@3.4.1","N/A","N/A"
"CVE-2022-37603","loader-utils: Regular expression denial of service","HIGH","reactjs-application","https://bitbucket8.aquaseclabs.com:8090/bitbucket/projects/AQ/repos/reactjs-application/browse/package.json?at=b0ef994fbbe287222b27043be2b0aebd495e665e#1","package.json","N/A","2025-01-26T12:45:59.886Z","Active","loader-utils","1.4.0","1.4.2, 2.0.4, 3.2.1","Yes","No","No","react-scripts@3.4.1","N/A","N/A"
"CVE-2022-25883","nodejs-semver: Regular expression denial of service","HIGH","reactjs-application","https://bitbucket8.aquaseclabs.com:8090/bitbucket/projects/AQ/repos/reactjs-application/browse/package.json?at=b0ef994fbbe287222b27043be2b0aebd495e665e#1","package.json","N/A","2025-01-26T12:45:59.886Z","Active","semver","7.0.0","7.5.2, 6.3.1, 5.7.2","Yes","No","No","react-scripts@3.4.1","N/A","N/A"
"CVE-2023-42282","nodejs-ip: arbitrary code execution via the isPublic() function","LOW","reactjs-application","https://bitbucket8.aquaseclabs.com:8090/bitbucket/projects/AQ/repos/reactjs-application/browse/package.json?at=b0ef994fbbe287222b27043be2b0aebd495e665e#1","package.json","N/A","2025-01-26T12:45:59.886Z","Active","ip","1.1.5","2.0.1, 1.1.9","Yes","No","No","react-scripts@3.4.1","N/A","N/A"
"CVE-2021-44906","minimist: prototype pollution","CRITICAL","reactjs-application","https://bitbucket8.aquaseclabs.com:8090/bitbucket/projects/AQ/repos/reactjs-application/browse/package.json?at=b0ef994fbbe287222b27043be2b0aebd495e665e#1","package.json","N/A","2025-01-26T12:45:59.886Z","Active","minimist","1.2.5","1.2.6, 0.2.4","Yes","No","No","react-scripts@3.4.1","N/A","N/A"
"CVE-2023-45133","babel: arbitrary code execution","CRITICAL","reactjs-application","https://bitbucket8.aquaseclabs.com:8090/bitbucket/projects/AQ/repos/reactjs-application/browse/package.json?at=b0ef994fbbe287222b27043be2b0aebd495e665e#1","package.json","N/A","2025-01-26T12:45:59.886Z","Active","@babel/traverse","7.10.1","7.23.2, 8.0.0-alpha.4","Yes","No","No","react-scripts@3.4.1","N/A","N/A"
"CVE-2023-45133","babel: arbitrary code execution","CRITICAL","reactjs-application","https://bitbucket8.aquaseclabs.com:8090/bitbucket/projects/AQ/repos/reactjs-application/browse/package.json?at=b0ef994fbbe287222b27043be2b0aebd495e665e#1","package.json","N/A","2025-01-26T12:45:59.886Z","Active","@babel/traverse","7.9.0","7.23.2, 8.0.0-alpha.4","Yes","No","No","react-scripts@3.4.1","N/A","N/A"
"CVE-2020-15366","nodejs-ajv: prototype pollution via crafted JSON schema in ajv.validate function","MEDIUM","reactjs-application","https://bitbucket8.aquaseclabs.com:8090/bitbucket/projects/AQ/repos/reactjs-application/browse/package.json?at=b0ef994fbbe287222b27043be2b0aebd495e665e#1","package.json","N/A","2025-01-26T12:45:59.886Z","Active","ajv","6.12.2","6.12.3","Yes","No","No","react-scripts@3.4.1","N/A","N/A"
"CVE-2021-23424","nodejs-ansi-html: ReDoS via crafted string","HIGH","reactjs-application","https://bitbucket8.aquaseclabs.com:8090/bitbucket/projects/AQ/repos/reactjs-application/browse/package.json?at=b0ef994fbbe287222b27043be2b0aebd495e665e#1","package.json","N/A","2025-01-26T12:45:59.886Z","Active","ansi-html","0.0.7","0.0.8","Yes","No","No","react-scripts@3.4.1","N/A","N/A"
"CVE-2021-3807","nodejs-ansi-regex: Regular expression denial of service (ReDoS) matching ANSI escape codes","HIGH","reactjs-application","https://bitbucket8.aquaseclabs.com:8090/bitbucket/projects/AQ/repos/reactjs-application/browse/package.json?at=b0ef994fbbe287222b27043be2b0aebd495e665e#1","package.json","N/A","2025-01-26T12:45:59.886Z","Active","ansi-regex","3.0.0","6.0.1, 5.0.1, 4.1.1, 3.0.1","Yes","No","No","react-scripts@3.4.1","N/A","N/A"
"CVE-2021-3807","nodejs-ansi-regex: Regular expression denial of service (ReDoS) matching ANSI escape codes","HIGH","reactjs-application","https://bitbucket8.aquaseclabs.com:8090/bitbucket/projects/AQ/repos/reactjs-application/browse/package.json?at=b0ef994fbbe287222b27043be2b0aebd495e665e#1","package.json","N/A","2025-01-26T12:45:59.886Z","Active","ansi-regex","4.1.0","6.0.1, 5.0.1, 4.1.1, 3.0.1","Yes","No","No","@testing-library/react@9.5.0,react-scripts@3.4.1,@testing-library/jest-dom@4.2.4","N/A","N/A"
"CVE-2021-3807","nodejs-ansi-regex: Regular expression denial of service (ReDoS) matching ANSI escape codes","HIGH","reactjs-application","https://bitbucket8.aquaseclabs.com:8090/bitbucket/projects/AQ/repos/reactjs-application/browse/package.json?at=b0ef994fbbe287222b27043be2b0aebd495e665e#1","package.json","N/A","2025-01-26T12:45:59.886Z","Active","ansi-regex","5.0.0","6.0.1, 5.0.1, 4.1.1, 3.0.1","Yes","No","No","@testing-library/react@9.5.0,react-scripts@3.4.1","N/A","N/A"
"CVE-2021-43138","async: Prototype Pollution in async","HIGH","reactjs-application","https://bitbucket8.aquaseclabs.com:8090/bitbucket/projects/AQ/repos/reactjs-application/browse/package.json?at=b0ef994fbbe287222b27043be2b0aebd495e665e#1","package.json","N/A","2025-01-26T12:45:59.886Z","Active","async","2.6.3","3.2.2, 2.6.4","Yes","No","No","react-scripts@3.4.1","N/A","N/A"
"CVE-2024-45590","body-parser: Denial of Service Vulnerability in body-parser","HIGH","reactjs-application","https://bitbucket8.aquaseclabs.com:8090/bitbucket/projects/AQ/repos/reactjs-application/browse/package.json?at=b0ef994fbbe287222b27043be2b0aebd495e665e#1","package.json","N/A","2025-01-26T12:45:59.886Z","Active","body-parser","1.19.0","1.20.3","Yes","No","No","react-scripts@3.4.1","N/A","N/A"
"CVE-2024-4068","braces: fails to limit the number of characters it can handle","HIGH","reactjs-application","https://bitbucket8.aquaseclabs.com:8090/bitbucket/projects/AQ/repos/reactjs-application/browse/package.json?at=b0ef994fbbe287222b27043be2b0aebd495e665e#1","package.json","N/A","2025-01-26T12:45:59.886Z","Active","braces","2.3.2","3.0.3","Yes","No","No","react-scripts@3.4.1","N/A","N/A"
"CVE-2024-4068","braces: fails to limit the number of characters it can handle","HIGH","reactjs-application","https://bitbucket8.aquaseclabs.com:8090/bitbucket/projects/AQ/repos/reactjs-application/browse/package.json?at=b0ef994fbbe287222b27043be2b0aebd495e665e#1","package.json","N/A","2025-01-26T12:45:59.886Z","Active","braces","3.0.2","3.0.3","Yes","No","No","react-scripts@3.4.1","N/A","N/A"
"CVE-2023-46234","browserify-sign: upper bound check issue in dsaVerify leads to a signature forgery attack","HIGH","reactjs-application","https://bitbucket8.aquaseclabs.com:8090/bitbucket/projects/AQ/repos/reactjs-application/browse/package.json?at=b0ef994fbbe287222b27043be2b0aebd495e665e#1","package.json","N/A","2025-01-26T12:45:59.886Z","Active","browserify-sign","4.2.0","4.2.2","Yes","No","No","react-scripts@3.4.1","N/A","N/A"
"CVE-2021-23386","dns-packet: does not always fill buffers before forming network packets which couls result in  Remote Memory Exposure","HIGH","reactjs-application","https://bitbucket8.aquaseclabs.com:8090/bitbucket/projects/AQ/repos/reactjs-application/browse/package.json?at=b0ef994fbbe287222b27043be2b0aebd495e665e#1","package.json","N/A","2025-01-26T12:45:59.886Z","Active","dns-packet","1.3.1","5.2.2, 1.3.2","Yes","No","No","react-scripts@3.4.1","N/A","N/A"
"CVE-2021-23364","browserslist: parsing of invalid queries could result in Regular Expression Denial of Service (ReDoS)","MEDIUM","reactjs-application","https://bitbucket8.aquaseclabs.com:8090/bitbucket/projects/AQ/repos/reactjs-application/browse/package.json?at=b0ef994fbbe287222b27043be2b0aebd495e665e#1","package.json","N/A","2025-01-26T12:45:59.886Z","Active","browserslist","4.10.0","4.16.5","Yes","No","No","react-scripts@3.4.1","N/A","N/A"
"CVE-2021-23364","browserslist: parsing of invalid queries could result in Regular Expression Denial of Service (ReDoS)","MEDIUM","reactjs-application","https://bitbucket8.aquaseclabs.com:8090/bitbucket/projects/AQ/repos/reactjs-application/browse/package.json?at=b0ef994fbbe287222b27043be2b0aebd495e665e#1","package.json","N/A","2025-01-26T12:45:59.886Z","Active","browserslist","4.12.0","4.16.5","Yes","No","No","react-scripts@3.4.1","N/A","N/A"
"CVE-2021-29060","nodejs-color-string: Regular expression denial of service when the application is provided and checks a crafted invalid HWB string","MEDIUM","reactjs-application","https://bitbucket8.aquaseclabs.com:8090/bitbucket/projects/AQ/repos/reactjs-application/browse/package.json?at=b0ef994fbbe287222b27043be2b0aebd495e665e#1","package.json","N/A","2025-01-26T12:45:59.886Z","Active","color-string","1.5.3","1.5.5","Yes","No","No","react-scripts@3.4.1","N/A","N/A"
"CVE-2024-47764","cookie: cookie accepts cookie name, path, and domain with out of bounds characters","LOW","reactjs-application","https://bitbucket8.aquaseclabs.com:8090/bitbucket/projects/AQ/repos/reactjs-application/browse/package.json?at=b0ef994fbbe287222b27043be2b0aebd495e665e#1","package.json","N/A","2025-01-26T12:45:59.886Z","Active","cookie","0.4.0","0.7.0","Yes","No","No","react-scripts@3.4.1","N/A","N/A"
"CVE-2024-21538","cross-spawn: regular expression denial of service","HIGH","reactjs-application","https://bitbucket8.aquaseclabs.com:8090/bitbucket/projects/AQ/repos/reactjs-application/browse/package.json?at=b0ef994fbbe287222b27043be2b0aebd495e665e#1","package.json","N/A","2025-01-26T12:45:59.886Z","Active","cross-spawn","6.0.5","7.0.5, 6.0.6","Yes","No","No","react-scripts@3.4.1","N/A","N/A"
"CVE-2024-21538","cross-spawn: regular expression denial of service","HIGH","reactjs-application","https://bitbucket8.aquaseclabs.com:8090/bitbucket/projects/AQ/repos/reactjs-application/browse/package.json?at=b0ef994fbbe287222b27043be2b0aebd495e665e#1","package.json","N/A","2025-01-26T12:45:59.886Z","Active","cross-spawn","7.0.1","7.0.5, 6.0.6","Yes","No","No","react-scripts@3.4.1","N/A","N/A"
"CVE-2017-16137","nodejs-debug: Regular expression Denial of Service","LOW","reactjs-application","https://bitbucket8.aquaseclabs.com:8090/bitbucket/projects/AQ/repos/reactjs-application/browse/package.json?at=b0ef994fbbe287222b27043be2b0aebd495e665e#1","package.json","N/A","2025-01-26T12:45:59.886Z","Active","debug","3.2.6","2.6.9, 3.1.0, 3.2.7, 4.3.1","Yes","No","No","react-scripts@3.4.1","N/A","N/A"
"CVE-2017-16137","nodejs-debug: Regular expression Denial of Service","LOW","reactjs-application","https://bitbucket8.aquaseclabs.com:8090/bitbucket/projects/AQ/repos/reactjs-application/browse/package.json?at=b0ef994fbbe287222b27043be2b0aebd495e665e#1","package.json","N/A","2025-01-26T12:45:59.886Z","Active","debug","4.1.1","2.6.9, 3.1.0, 3.2.7, 4.3.1","Yes","No","No","react-scripts@3.4.1","N/A","N/A"
"CVE-2022-38900","decode-uri-component: improper input validation resulting in DoS","HIGH","reactjs-application","https://bitbucket8.aquaseclabs.com:8090/bitbucket/projects/AQ/repos/reactjs-application/browse/package.json?at=b0ef994fbbe287222b27043be2b0aebd495e665e#1","package.json","N/A","2025-01-26T12:45:59.886Z","Active","decode-uri-component","0.2.0","0.2.1","Yes","No","No","@testing-library/jest-dom@4.2.4,react-scripts@3.4.1","N/A","N/A"
"CVE-2024-42459","elliptic: nodejs/elliptic: EDDSA signature malleability due to missing signature length check","LOW","reactjs-application","https://bitbucket8.aquaseclabs.com:8090/bitbucket/projects/AQ/repos/reactjs-application/browse/package.json?at=b0ef994fbbe287222b27043be2b0aebd495e665e#1","package.json","N/A","2025-01-26T12:45:59.886Z","Active","elliptic","6.5.4","6.5.7","Yes","No","No","react-scripts@3.4.1","N/A","N/A"
"CVE-2024-42460","elliptic: nodejs/elliptic: ECDSA signature malleability due to missing checks","LOW","reactjs-application","https://bitbucket8.aquaseclabs.com:8090/bitbucket/projects/AQ/repos/reactjs-application/browse/package.json?at=b0ef994fbbe287222b27043be2b0aebd495e665e#1","package.json","N/A","2025-01-26T12:45:59.886Z","Active","elliptic","6.5.4","6.5.7","Yes","No","No","react-scripts@3.4.1","N/A","N/A"
"CVE-2024-42461","elliptic: nodejs/elliptic: ECDSA implementation malleability due to BER-enconded signatures being allowed","LOW","reactjs-application","https://bitbucket8.aquaseclabs.com:8090/bitbucket/projects/AQ/repos/reactjs-application/browse/package.json?at=b0ef994fbbe287222b27043be2b0aebd495e665e#1","package.json","N/A","2025-01-26T12:45:59.886Z","Active","elliptic","6.5.4","6.5.7","Yes","No","No","react-scripts@3.4.1","N/A","N/A"
"CVE-2024-48948","elliptic: ECDSA signature verification error may reject legitimate transactions","LOW","reactjs-application","https://bitbucket8.aquaseclabs.com:8090/bitbucket/projects/AQ/repos/reactjs-application/browse/package.json?at=b0ef994fbbe287222b27043be2b0aebd495e665e#1","package.json","N/A","2025-01-26T12:45:59.886Z","Active","elliptic","6.5.4","6.6.0","Yes","No","No","react-scripts@3.4.1","N/A","N/A"
"CVE-2024-48949","elliptic: Missing Validation in Elliptic's EDDSA Signature Verification","LOW","reactjs-application","https://bitbucket8.aquaseclabs.com:8090/bitbucket/projects/AQ/repos/reactjs-application/browse/package.json?at=b0ef994fbbe287222b27043be2b0aebd495e665e#1","package.json","N/A","2025-01-26T12:45:59.886Z","Active","elliptic","6.5.4","6.5.6","Yes","No","No","react-scripts@3.4.1","N/A","N/A"
"CVE-2024-27088","es5-ext contains ECMAScript 5 extensions. Passing functions with very  ...","LOW","reactjs-application","https://bitbucket8.aquaseclabs.com:8090/bitbucket/projects/AQ/repos/reactjs-application/browse/package.json?at=b0ef994fbbe287222b27043be2b0aebd495e665e#1","package.json","N/A","2025-01-26T12:45:59.886Z","Active","es5-ext","0.10.53","0.10.63","Yes","No","No","react-scripts@3.4.1","N/A","N/A"
"CVE-2022-1650","eventsource: Exposure of Sensitive Information","CRITICAL","reactjs-application","https://bitbucket8.aquaseclabs.com:8090/bitbucket/projects/AQ/repos/reactjs-application/browse/package.json?at=b0ef994fbbe287222b27043be2b0aebd495e665e#1","package.json","N/A","2025-01-26T12:45:59.886Z","Active","eventsource","1.0.7","1.1.1, 2.0.2","Yes","No","No","react-scripts@3.4.1","N/A","N/A"
"CVE-2024-29041","express: cause malformed URLs to be evaluated","MEDIUM","reactjs-application","https://bitbucket8.aquaseclabs.com:8090/bitbucket/projects/AQ/repos/reactjs-application/browse/package.json?at=b0ef994fbbe287222b27043be2b0aebd495e665e#1","package.json","N/A","2025-01-26T12:45:59.886Z","Active","express","4.17.1","4.19.2, 5.0.0-beta.3","Yes","No","No","react-scripts@3.4.1","N/A","N/A"
"CVE-2024-43796","express: Improper Input Handling in Express Redirects","LOW","reactjs-application","https://bitbucket8.aquaseclabs.com:8090/bitbucket/projects/AQ/repos/reactjs-application/browse/package.json?at=b0ef994fbbe287222b27043be2b0aebd495e665e#1","package.json","N/A","2025-01-26T12:45:59.886Z","Active","express","4.17.1","4.20.0, 5.0.0","Yes","No","No","react-scripts@3.4.1","N/A","N/A"
"CVE-2022-0155","follow-redirects: Exposure of Private Personal Information to an Unauthorized Actor","HIGH","reactjs-application","https://bitbucket8.aquaseclabs.com:8090/bitbucket/projects/AQ/repos/reactjs-application/browse/package.json?at=b0ef994fbbe287222b27043be2b0aebd495e665e#1","package.json","N/A","2025-01-26T12:45:59.886Z","Active","follow-redirects","1.11.0","1.14.7","Yes","No","No","react-scripts@3.4.1","N/A","N/A"
"CVE-2022-0536","follow-redirects: Exposure of Sensitive Information via Authorization Header leak","MEDIUM","reactjs-application","https://bitbucket8.aquaseclabs.com:8090/bitbucket/projects/AQ/repos/reactjs-application/browse/package.json?at=b0ef994fbbe287222b27043be2b0aebd495e665e#1","package.json","N/A","2025-01-26T12:45:59.886Z","Active","follow-redirects","1.11.0","1.14.8","Yes","No","No","react-scripts@3.4.1","N/A","N/A"
"CVE-2023-26159","follow-redirects: Improper Input Validation due to the improper handling of URLs by the url.parse()","MEDIUM","reactjs-application","https://bitbucket8.aquaseclabs.com:8090/bitbucket/projects/AQ/repos/reactjs-application/browse/package.json?at=b0ef994fbbe287222b27043be2b0aebd495e665e#1","package.json","N/A","2025-01-26T12:45:59.886Z","Active","follow-redirects","1.11.0","1.15.4","Yes","No","No","react-scripts@3.4.1","N/A","N/A"
"CVE-2024-28849","follow-redirects: Possible credential leak","MEDIUM","reactjs-application","https://bitbucket8.aquaseclabs.com:8090/bitbucket/projects/AQ/repos/reactjs-application/browse/package.json?at=b0ef994fbbe287222b27043be2b0aebd495e665e#1","package.json","N/A","2025-01-26T12:45:59.886Z","Active","follow-redirects","1.11.0","1.15.6","Yes","No","No","react-scripts@3.4.1","N/A","N/A"
"CVE-2020-28469","nodejs-glob-parent: Regular expression denial of service","HIGH","reactjs-application","https://bitbucket8.aquaseclabs.com:8090/bitbucket/projects/AQ/repos/reactjs-application/browse/package.json?at=b0ef994fbbe287222b27043be2b0aebd495e665e#1","package.json","N/A","2025-01-26T12:45:59.886Z","Active","glob-parent","5.1.1","5.1.2","Yes","No","No","react-scripts@3.4.1","N/A","N/A"
"CVE-2021-23362","nodejs-hosted-git-info: Regular Expression denial of service via shortcutMatch in fromUrl()","MEDIUM","reactjs-application","https://bitbucket8.aquaseclabs.com:8090/bitbucket/projects/AQ/repos/reactjs-application/browse/package.json?at=b0ef994fbbe287222b27043be2b0aebd495e665e#1","package.json","N/A","2025-01-26T12:45:59.886Z","Active","hosted-git-info","2.8.8","2.8.9, 3.0.8","Yes","No","No","react-scripts@3.4.1","N/A","N/A"
"CVE-2024-21536","http-proxy-middleware: Denial of Service","HIGH","reactjs-application","https://bitbucket8.aquaseclabs.com:8090/bitbucket/projects/AQ/repos/reactjs-application/browse/package.json?at=b0ef994fbbe287222b27043be2b0aebd495e665e#1","package.json","N/A","2025-01-26T12:45:59.886Z","Active","http-proxy-middleware","0.19.1","2.0.7, 3.0.3","Yes","No","No","react-scripts@3.4.1","N/A","N/A"
"CVE-2024-29415","node-ip: Incomplete fix for CVE-2023-42282","HIGH","reactjs-application","https://bitbucket8.aquaseclabs.com:8090/bitbucket/projects/AQ/repos/reactjs-application/browse/package.json?at=b0ef994fbbe287222b27043be2b0aebd495e665e#1","package.json","N/A","2025-01-26T12:45:59.886Z","Active","ip","1.1.5","-","No","No","No","react-scripts@3.4.1","N/A","N/A"
"CVE-2021-28092","nodejs-is-svg: ReDoS via malicious string","HIGH","reactjs-application","https://bitbucket8.aquaseclabs.com:8090/bitbucket/projects/AQ/repos/reactjs-application/browse/package.json?at=b0ef994fbbe287222b27043be2b0aebd495e665e#1","package.json","N/A","2025-01-26T12:45:59.886Z","Active","is-svg","3.0.0","4.2.2","Yes","No","No","react-scripts@3.4.1","N/A","N/A"
"CVE-2021-29059","nodejs-is-svg: Regular expression denial of service if the application is provided and checks a crafted invalid SVG string","HIGH","reactjs-application","https://bitbucket8.aquaseclabs.com:8090/bitbucket/projects/AQ/repos/reactjs-application/browse/package.json?at=b0ef994fbbe287222b27043be2b0aebd495e665e#1","package.json","N/A","2025-01-26T12:45:59.886Z","Active","is-svg","3.0.0","4.3.0","Yes","No","No","react-scripts@3.4.1","N/A","N/A"
"CVE-2021-3918","nodejs-json-schema: Prototype pollution vulnerability","CRITICAL","reactjs-application","https://bitbucket8.aquaseclabs.com:8090/bitbucket/projects/AQ/repos/reactjs-application/browse/package.json?at=b0ef994fbbe287222b27043be2b0aebd495e665e#1","package.json","N/A","2025-01-26T12:45:59.886Z","Active","json-schema","0.2.3","0.4.0","Yes","No","No","react-scripts@3.4.1","N/A","N/A"
"CVE-2022-46175","json5: Prototype Pollution in JSON5 via Parse Method","HIGH","reactjs-application","https://bitbucket8.aquaseclabs.com:8090/bitbucket/projects/AQ/repos/reactjs-application/browse/package.json?at=b0ef994fbbe287222b27043be2b0aebd495e665e#1","package.json","N/A","2025-01-26T12:45:59.886Z","Active","json5","1.0.1","2.2.2, 1.0.2","Yes","No","No","react-scripts@3.4.1","N/A","N/A"
"CVE-2022-46175","json5: Prototype Pollution in JSON5 via Parse Method","HIGH","reactjs-application","https://bitbucket8.aquaseclabs.com:8090/bitbucket/projects/AQ/repos/reactjs-application/browse/package.json?at=b0ef994fbbe287222b27043be2b0aebd495e665e#1","package.json","N/A","2025-01-26T12:45:59.886Z","Active","json5","2.1.3","2.2.2, 1.0.2","Yes","No","No","react-scripts@3.4.1","N/A","N/A"
"CVE-2022-37601","loader-utils: prototype pollution in function parseQuery in parseQuery.js","CRITICAL","reactjs-application","https://bitbucket8.aquaseclabs.com:8090/bitbucket/projects/AQ/repos/reactjs-application/browse/package.json?at=b0ef994fbbe287222b27043be2b0aebd495e665e#1","package.json","N/A","2025-01-26T12:45:59.886Z","Active","loader-utils","1.2.3","2.0.3, 1.4.1","Yes","No","No","react-scripts@3.4.1","N/A","N/A"
"CVE-2022-37599","loader-utils: regular expression denial of service in interpolateName.js","HIGH","reactjs-application","https://bitbucket8.aquaseclabs.com:8090/bitbucket/projects/AQ/repos/reactjs-application/browse/package.json?at=b0ef994fbbe287222b27043be2b0aebd495e665e#1","package.json","N/A","2025-01-26T12:45:59.886Z","Active","loader-utils","1.2.3","1.4.2, 2.0.4, 3.2.1","Yes","No","No","react-scripts@3.4.1","N/A","N/A"
"CVE-2022-37603","loader-utils: Regular expression denial of service","HIGH","reactjs-application","https://bitbucket8.aquaseclabs.com:8090/bitbucket/projects/AQ/repos/reactjs-application/browse/package.json?at=b0ef994fbbe287222b27043be2b0aebd495e665e#1","package.json","N/A","2025-01-26T12:45:59.886Z","Active","loader-utils","1.2.3","1.4.2, 2.0.4, 3.2.1","Yes","No","No","react-scripts@3.4.1","N/A","N/A"
"CVE-2022-37601","loader-utils: prototype pollution in function parseQuery in parseQuery.js","CRITICAL","reactjs-application","https://bitbucket8.aquaseclabs.com:8090/bitbucket/projects/AQ/repos/reactjs-application/browse/package.json?at=b0ef994fbbe287222b27043be2b0aebd495e665e#1","package.json","N/A","2025-01-26T12:45:59.886Z","Active","loader-utils","1.4.0","2.0.3, 1.4.1","Yes","No","No","react-scripts@3.4.1","N/A","N/A"
"CVE-2021-23337","nodejs-lodash: command injection via template","HIGH","reactjs-application","https://bitbucket8.aquaseclabs.com:8090/bitbucket/projects/AQ/repos/reactjs-application/browse/package.json?at=b0ef994fbbe287222b27043be2b0aebd495e665e#1","package.json","N/A","2025-01-26T12:45:59.886Z","Active","lodash.template","4.5.0","-","No","No","No","react-scripts@3.4.1","N/A","N/A"
"CVE-2021-26707","nodejs-merge-deep: Prototype pollution of Object.prototype via a constructor payload","CRITICAL","reactjs-application","https://bitbucket8.aquaseclabs.com:8090/bitbucket/projects/AQ/repos/reactjs-application/browse/package.json?at=b0ef994fbbe287222b27043be2b0aebd495e665e#1","package.json","N/A","2025-01-26T12:45:59.886Z","Active","merge-deep","3.0.2","3.0.3","Yes","No","No","react-scripts@3.4.1","N/A","N/A"
"CVE-2024-4067","micromatch: vulnerable to Regular Expression Denial of Service","MEDIUM","reactjs-application","https://bitbucket8.aquaseclabs.com:8090/bitbucket/projects/AQ/repos/reactjs-application/browse/package.json?at=b0ef994fbbe287222b27043be2b0aebd495e665e#1","package.json","N/A","2025-01-26T12:45:59.886Z","Active","micromatch","3.1.10","4.0.8","Yes","No","No","react-scripts@3.4.1","N/A","N/A"
"CVE-2022-3517","nodejs-minimatch: ReDoS via the braceExpand function","HIGH","reactjs-application","https://bitbucket8.aquaseclabs.com:8090/bitbucket/projects/AQ/repos/reactjs-application/browse/package.json?at=b0ef994fbbe287222b27043be2b0aebd495e665e#1","package.json","N/A","2025-01-26T12:45:59.886Z","Active","minimatch","3.0.4","3.0.5","Yes","No","No","react-scripts@3.4.1","N/A","N/A"
"CVE-2022-24771","node-forge: Signature verification leniency in checking `digestAlgorithm` structure can lead to signature forgery","HIGH","reactjs-application","https://bitbucket8.aquaseclabs.com:8090/bitbucket/projects/AQ/repos/reactjs-application/browse/package.json?at=b0ef994fbbe287222b27043be2b0aebd495e665e#1","package.json","N/A","2025-01-26T12:45:59.886Z","Active","node-forge","0.10.0","1.3.0","Yes","No","No","react-scripts@3.4.1","N/A","N/A"
"CVE-2022-24772","node-forge: Signature verification failing to check tailing garbage bytes can lead to signature forgery","HIGH","reactjs-application","https://bitbucket8.aquaseclabs.com:8090/bitbucket/projects/AQ/repos/reactjs-application/browse/package.json?at=b0ef994fbbe287222b27043be2b0aebd495e665e#1","package.json","N/A","2025-01-26T12:45:59.886Z","Active","node-forge","0.10.0","1.3.0","Yes","No","No","react-scripts@3.4.1","N/A","N/A"
"CVE-2022-0122","Open Redirect in node-forge","MEDIUM","reactjs-application","https://bitbucket8.aquaseclabs.com:8090/bitbucket/projects/AQ/repos/reactjs-application/browse/package.json?at=b0ef994fbbe287222b27043be2b0aebd495e665e#1","package.json","N/A","2025-01-26T12:45:59.886Z","Active","node-forge","0.10.0","1.0.0","Yes","No","No","react-scripts@3.4.1","N/A","N/A"
"CVE-2022-24773","node-forge: Signature verification leniency in checking `DigestInfo` structure","MEDIUM","reactjs-application","https://bitbucket8.aquaseclabs.com:8090/bitbucket/projects/AQ/repos/reactjs-application/browse/package.json?at=b0ef994fbbe287222b27043be2b0aebd495e665e#1","package.json","N/A","2025-01-26T12:45:59.886Z","Active","node-forge","0.10.0","1.3.0","Yes","No","No","react-scripts@3.4.1","N/A","N/A"
"GHSA-5rrq-pxf6-6jx5","Prototype Pollution in node-forge debug API.","LOW","reactjs-application","https://bitbucket8.aquaseclabs.com:8090/bitbucket/projects/AQ/repos/reactjs-application/browse/package.json?at=b0ef994fbbe287222b27043be2b0aebd495e665e#1","package.json","N/A","2025-01-26T12:45:59.886Z","Active","node-forge","0.10.0","1.0.0","Yes","No","No","react-scripts@3.4.1","N/A","N/A"
"GHSA-gf8q-jrpm-jvxq","URL parsing in node-forge could lead to undesired behavior.","LOW","reactjs-application","https://bitbucket8.aquaseclabs.com:8090/bitbucket/projects/AQ/repos/reactjs-application/browse/package.json?at=b0ef994fbbe287222b27043be2b0aebd495e665e#1","package.json","N/A","2025-01-26T12:45:59.886Z","Active","node-forge","0.10.0","1.0.0","Yes","No","No","react-scripts@3.4.1","N/A","N/A"
"CVE-2020-7789","nodejs-node-notifier: command injection due to the options params not being sanitised when being passed an array","MEDIUM","reactjs-application","https://bitbucket8.aquaseclabs.com:8090/bitbucket/projects/AQ/repos/reactjs-application/browse/package.json?at=b0ef994fbbe287222b27043be2b0aebd495e665e#1","package.json","N/A","2025-01-26T12:45:59.886Z","Active","node-notifier","5.4.3","8.0.1","Yes","No","No","react-scripts@3.4.1","N/A","N/A"
"CVE-2021-3803","nodejs-nth-check: inefficient regular expression complexity","HIGH","reactjs-application","https://bitbucket8.aquaseclabs.com:8090/bitbucket/projects/AQ/repos/reactjs-application/browse/package.json?at=b0ef994fbbe287222b27043be2b0aebd495e665e#1","package.json","N/A","2025-01-26T12:45:59.886Z","Active","nth-check","1.0.2","2.0.1","Yes","No","No","react-scripts@3.4.1","N/A","N/A"
"CVE-2020-15256","object-path: Prototype pollution could result in DoS or RCE","HIGH","reactjs-application","https://bitbucket8.aquaseclabs.com:8090/bitbucket/projects/AQ/repos/reactjs-application/browse/package.json?at=b0ef994fbbe287222b27043be2b0aebd495e665e#1","package.json","N/A","2025-01-26T12:45:59.886Z","Active","object-path","0.11.4","0.11.5","Yes","No","No","react-scripts@3.4.1","N/A","N/A"
"CVE-2021-3805","nodejs-object-path: prototype pollution vulnerability","HIGH","reactjs-application","https://bitbucket8.aquaseclabs.com:8090/bitbucket/projects/AQ/repos/reactjs-application/browse/package.json?at=b0ef994fbbe287222b27043be2b0aebd495e665e#1","package.json","N/A","2025-01-26T12:45:59.886Z","Active","object-path","0.11.4","0.11.8","Yes","No","No","react-scripts@3.4.1","N/A","N/A"
"CVE-2021-23434","object-path: Type confusion vulnerability can lead to a bypass of CVE-2020-15256","MEDIUM","reactjs-application","https://bitbucket8.aquaseclabs.com:8090/bitbucket/projects/AQ/repos/reactjs-application/browse/package.json?at=b0ef994fbbe287222b27043be2b0aebd495e665e#1","package.json","N/A","2025-01-26T12:45:59.886Z","Active","object-path","0.11.4","0.11.6","Yes","No","No","react-scripts@3.4.1","N/A","N/A"
"CVE-2021-23343","nodejs-path-parse: ReDoS via splitDeviceRe, splitTailRe and splitPathRe","MEDIUM","reactjs-application","https://bitbucket8.aquaseclabs.com:8090/bitbucket/projects/AQ/repos/reactjs-application/browse/package.json?at=b0ef994fbbe287222b27043be2b0aebd495e665e#1","package.json","N/A","2025-01-26T12:45:59.886Z","Active","path-parse","1.0.6","1.0.7","Yes","No","No","react-scripts@3.4.1","N/A","N/A"
"CVE-2022-25883","nodejs-semver: Regular expression denial of service","HIGH","reactjs-application","https://bitbucket8.aquaseclabs.com:8090/bitbucket/projects/AQ/repos/reactjs-application/browse/package.json?at=b0ef994fbbe287222b27043be2b0aebd495e665e#1","package.json","N/A","2025-01-26T12:45:59.886Z","Active","semver","6.3.0","7.5.2, 6.3.1, 5.7.2","Yes","No","No","react-scripts@3.4.1","N/A","N/A"
"CVE-2024-45296","path-to-regexp: Backtracking regular expressions cause ReDoS","HIGH","reactjs-application","https://bitbucket8.aquaseclabs.com:8090/bitbucket/projects/AQ/repos/reactjs-application/browse/package.json?at=b0ef994fbbe287222b27043be2b0aebd495e665e#1","package.json","N/A","2025-01-26T12:45:59.886Z","Active","path-to-regexp","0.1.7","1.9.0, 0.1.10, 8.0.0, 3.3.0, 6.3.0","Yes","No","No","react-scripts@3.4.1","N/A","N/A"
"CVE-2024-52798","path-to-regexp: path-to-regexp Unpatched `path-to-regexp` ReDoS in 0.1.x","HIGH","reactjs-application","https://bitbucket8.aquaseclabs.com:8090/bitbucket/projects/AQ/repos/reactjs-application/browse/package.json?at=b0ef994fbbe287222b27043be2b0aebd495e665e#1","package.json","N/A","2025-01-26T12:45:59.886Z","Active","path-to-regexp","0.1.7","0.1.12","Yes","No","No","react-scripts@3.4.1","N/A","N/A"
"CVE-2024-45296","path-to-regexp: Backtracking regular expressions cause ReDoS","HIGH","reactjs-application","https://bitbucket8.aquaseclabs.com:8090/bitbucket/projects/AQ/repos/reactjs-application/browse/package.json?at=b0ef994fbbe287222b27043be2b0aebd495e665e#1","package.json","N/A","2025-01-26T12:45:59.886Z","Active","path-to-regexp","1.8.0","1.9.0, 0.1.10, 8.0.0, 3.3.0, 6.3.0","Yes","No","No","react-router-dom@5.2.0","N/A","N/A"
"CVE-2021-23368","nodejs-postcss: Regular expression denial of service during source map parsing","MEDIUM","reactjs-application","https://bitbucket8.aquaseclabs.com:8090/bitbucket/projects/AQ/repos/reactjs-application/browse/package.json?at=b0ef994fbbe287222b27043be2b0aebd495e665e#1","package.json","N/A","2025-01-26T12:45:59.886Z","Active","postcss","7.0.21","7.0.36, 8.2.10","Yes","No","No","react-scripts@3.4.1","N/A","N/A"
"CVE-2023-44270","PostCSS: Improper input validation in PostCSS","MEDIUM","reactjs-application","https://bitbucket8.aquaseclabs.com:8090/bitbucket/projects/AQ/repos/reactjs-application/browse/package.json?at=b0ef994fbbe287222b27043be2b0aebd495e665e#1","package.json","N/A","2025-01-26T12:45:59.886Z","Active","postcss","7.0.31","8.4.31","Yes","No","No","react-scripts@3.4.1","N/A","N/A"
"CVE-2021-23382","nodejs-postcss: ReDoS via getAnnotationURL() and loadAnnotation() in lib/previous-map.js","MEDIUM","reactjs-application","https://bitbucket8.aquaseclabs.com:8090/bitbucket/projects/AQ/repos/reactjs-application/browse/package.json?at=b0ef994fbbe287222b27043be2b0aebd495e665e#1","package.json","N/A","2025-01-26T12:45:59.886Z","Active","postcss","7.0.21","8.2.13, 7.0.36","Yes","No","No","react-scripts@3.4.1","N/A","N/A"
"CVE-2023-44270","PostCSS: Improper input validation in PostCSS","MEDIUM","reactjs-application","https://bitbucket8.aquaseclabs.com:8090/bitbucket/projects/AQ/repos/reactjs-application/browse/package.json?at=b0ef994fbbe287222b27043be2b0aebd495e665e#1","package.json","N/A","2025-01-26T12:45:59.886Z","Active","postcss","7.0.21","8.4.31","Yes","No","No","react-scripts@3.4.1","N/A","N/A"
"CVE-2021-23368","nodejs-postcss: Regular expression denial of service during source map parsing","MEDIUM","reactjs-application","https://bitbucket8.aquaseclabs.com:8090/bitbucket/projects/AQ/repos/reactjs-application/browse/package.json?at=b0ef994fbbe287222b27043be2b0aebd495e665e#1","package.json","N/A","2025-01-26T12:45:59.886Z","Active","postcss","7.0.31","7.0.36, 8.2.10","Yes","No","No","react-scripts@3.4.1","N/A","N/A"
"CVE-2021-23382","nodejs-postcss: ReDoS via getAnnotationURL() and loadAnnotation() in lib/previous-map.js","MEDIUM","reactjs-application","https://bitbucket8.aquaseclabs.com:8090/bitbucket/projects/AQ/repos/reactjs-application/browse/package.json?at=b0ef994fbbe287222b27043be2b0aebd495e665e#1","package.json","N/A","2025-01-26T12:45:59.886Z","Active","postcss","7.0.31","8.2.13, 7.0.36","Yes","No","No","react-scripts@3.4.1","N/A","N/A"
"CVE-2022-25883","nodejs-semver: Regular expression denial of service","HIGH","reactjs-application","https://bitbucket8.aquaseclabs.com:8090/bitbucket/projects/AQ/repos/reactjs-application/browse/package.json?at=b0ef994fbbe287222b27043be2b0aebd495e665e#1","package.json","N/A","2025-01-26T12:45:59.886Z","Active","semver","5.7.1","7.5.2, 6.3.1, 5.7.2","Yes","No","No","react-scripts@3.4.1","N/A","N/A"
"CVE-2022-24999","express: ""qs"" prototype poisoning causes the hang of the node process","HIGH","reactjs-application","https://bitbucket8.aquaseclabs.com:8090/bitbucket/projects/AQ/repos/reactjs-application/browse/package.json?at=b0ef994fbbe287222b27043be2b0aebd495e665e#1","package.json","N/A","2025-01-26T12:45:59.886Z","Active","qs","6.5.2","6.10.3, 6.9.7, 6.8.3, 6.7.3, 6.6.1, 6.5.3, 6.4.1, 6.3.3, 6.2.4","Yes","No","No","react-scripts@3.4.1","N/A","N/A"
"CVE-2022-24999","express: ""qs"" prototype poisoning causes the hang of the node process","HIGH","reactjs-application","https://bitbucket8.aquaseclabs.com:8090/bitbucket/projects/AQ/repos/reactjs-application/browse/package.json?at=b0ef994fbbe287222b27043be2b0aebd495e665e#1","package.json","N/A","2025-01-26T12:45:59.886Z","Active","qs","6.7.0","6.10.3, 6.9.7, 6.8.3, 6.7.3, 6.6.1, 6.5.3, 6.4.1, 6.3.3, 6.2.4","Yes","No","No","react-scripts@3.4.1","N/A","N/A"
"CVE-2021-24033","nodejs-react-dev-utils: function getProcessForPort concatenates input argument into a command string","MEDIUM","reactjs-application","https://bitbucket8.aquaseclabs.com:8090/bitbucket/projects/AQ/repos/reactjs-application/browse/package.json?at=b0ef994fbbe287222b27043be2b0aebd495e665e#1","package.json","N/A","2025-01-26T12:45:59.886Z","Active","react-dev-utils","10.2.1","11.0.4","Yes","No","No","react-scripts@3.4.1","N/A","N/A"
"CVE-2023-28155","The Request package through 2.88.1 for Node.js allows a bypass of SSRF ...","MEDIUM","reactjs-application","https://bitbucket8.aquaseclabs.com:8090/bitbucket/projects/AQ/repos/reactjs-application/browse/package.json?at=b0ef994fbbe287222b27043be2b0aebd495e665e#1","package.json","N/A","2025-01-26T12:45:59.886Z","Active","request","2.88.2","-","No","No","No","react-scripts@3.4.1","N/A","N/A"
"CVE-2024-43799","send: Code Execution Vulnerability in Send Library","LOW","reactjs-application","https://bitbucket8.aquaseclabs.com:8090/bitbucket/projects/AQ/repos/reactjs-application/browse/package.json?at=b0ef994fbbe287222b27043be2b0aebd495e665e#1","package.json","N/A","2025-01-26T12:45:59.886Z","Active","send","0.17.1","0.19.0","Yes","No","No","react-scripts@3.4.1","N/A","N/A"
"CVE-2020-7660","npm-serialize-javascript: allows remote attackers to inject arbitrary code via the function deleteFunctions within index.js","HIGH","reactjs-application","https://bitbucket8.aquaseclabs.com:8090/bitbucket/projects/AQ/repos/reactjs-application/browse/package.json?at=b0ef994fbbe287222b27043be2b0aebd495e665e#1","package.json","N/A","2025-01-26T12:45:59.886Z","Active","serialize-javascript","2.1.2","3.1.0","Yes","No","No","react-scripts@3.4.1","N/A","N/A"
"CVE-2024-43800","serve-static: Improper Sanitization in serve-static","LOW","reactjs-application","https://bitbucket8.aquaseclabs.com:8090/bitbucket/projects/AQ/repos/reactjs-application/browse/package.json?at=b0ef994fbbe287222b27043be2b0aebd495e665e#1","package.json","N/A","2025-01-26T12:45:59.886Z","Active","serve-static","1.14.1","1.16.0, 2.1.0","Yes","No","No","react-scripts@3.4.1","N/A","N/A"
"CVE-2021-42740","The shell-quote package before 1.7.3 for Node.js allows command inject ...","CRITICAL","reactjs-application","https://bitbucket8.aquaseclabs.com:8090/bitbucket/projects/AQ/repos/reactjs-application/browse/package.json?at=b0ef994fbbe287222b27043be2b0aebd495e665e#1","package.json","N/A","2025-01-26T12:45:59.886Z","Active","shell-quote","1.7.2","1.7.3","Yes","No","No","react-scripts@3.4.1","N/A","N/A"
"CVE-2020-7693","npmjs-sockjs: incorrect handling of upgrade header with the value websocket leads to DoS","MEDIUM","reactjs-application","https://bitbucket8.aquaseclabs.com:8090/bitbucket/projects/AQ/repos/reactjs-application/browse/package.json?at=b0ef994fbbe287222b27043be2b0aebd495e665e#1","package.json","N/A","2025-01-26T12:45:59.886Z","Active","sockjs","0.3.19","0.3.20","Yes","No","No","react-scripts@3.4.1","N/A","N/A"
"CVE-2021-27290","nodejs-ssri: Regular expression DoS (ReDoS) when parsing malicious SRI in strict mode","HIGH","reactjs-application","https://bitbucket8.aquaseclabs.com:8090/bitbucket/projects/AQ/repos/reactjs-application/browse/package.json?at=b0ef994fbbe287222b27043be2b0aebd495e665e#1","package.json","N/A","2025-01-26T12:45:59.886Z","Active","ssri","6.0.1","6.0.2, 7.1.1, 8.0.1","Yes","No","No","react-scripts@3.4.1","N/A","N/A"
"CVE-2021-27290","nodejs-ssri: Regular expression DoS (ReDoS) when parsing malicious SRI in strict mode","HIGH","reactjs-application","https://bitbucket8.aquaseclabs.com:8090/bitbucket/projects/AQ/repos/reactjs-application/browse/package.json?at=b0ef994fbbe287222b27043be2b0aebd495e665e#1","package.json","N/A","2025-01-26T12:45:59.886Z","Active","ssri","7.1.0","6.0.2, 7.1.1, 8.0.1","Yes","No","No","react-scripts@3.4.1","N/A","N/A"
"CVE-2022-25858","terser: insecure use of regular expressions leads to ReDoS","HIGH","reactjs-application","https://bitbucket8.aquaseclabs.com:8090/bitbucket/projects/AQ/repos/reactjs-application/browse/package.json?at=b0ef994fbbe287222b27043be2b0aebd495e665e#1","package.json","N/A","2025-01-26T12:45:59.886Z","Active","terser","4.7.0","4.8.1, 5.14.2","Yes","No","No","react-scripts@3.4.1","N/A","N/A"
"CVE-2021-3777","tmpl vulnerable to Inefficient Regular Expression Complexity which may lead to resource exhaustion","HIGH","reactjs-application","https://bitbucket8.aquaseclabs.com:8090/bitbucket/projects/AQ/repos/reactjs-application/browse/package.json?at=b0ef994fbbe287222b27043be2b0aebd495e665e#1","package.json","N/A","2025-01-26T12:45:59.886Z","Active","tmpl","1.0.4","1.0.5","Yes","No","No","react-scripts@3.4.1","N/A","N/A"
"CVE-2023-26136","tough-cookie: prototype pollution in cookie memstore","MEDIUM","reactjs-application","https://bitbucket8.aquaseclabs.com:8090/bitbucket/projects/AQ/repos/reactjs-application/browse/package.json?at=b0ef994fbbe287222b27043be2b0aebd495e665e#1","package.json","N/A","2025-01-26T12:45:59.886Z","Active","tough-cookie","2.5.0","4.1.3","Yes","No","No","react-scripts@3.4.1","N/A","N/A"
"CVE-2022-0686","npm-url-parse: Authorization bypass through user-controlled key","CRITICAL","reactjs-application","https://bitbucket8.aquaseclabs.com:8090/bitbucket/projects/AQ/repos/reactjs-application/browse/package.json?at=b0ef994fbbe287222b27043be2b0aebd495e665e#1","package.json","N/A","2025-01-26T12:45:59.886Z","Active","url-parse","1.4.7","1.5.8","Yes","No","No","react-scripts@3.4.1","N/A","N/A"
"CVE-2021-27515","nodejs-url-parse: mishandling certain uses of backslash may lead to confidentiality compromise","MEDIUM","reactjs-application","https://bitbucket8.aquaseclabs.com:8090/bitbucket/projects/AQ/repos/reactjs-application/browse/package.json?at=b0ef994fbbe287222b27043be2b0aebd495e665e#1","package.json","N/A","2025-01-26T12:45:59.886Z","Active","url-parse","1.4.7","1.5.0","Yes","No","No","react-scripts@3.4.1","N/A","N/A"
"CVE-2021-3664","nodejs-url-parse: URL Redirection to Untrusted Site","MEDIUM","reactjs-application","https://bitbucket8.aquaseclabs.com:8090/bitbucket/projects/AQ/repos/reactjs-application/browse/package.json?at=b0ef994fbbe287222b27043be2b0aebd495e665e#1","package.json","N/A","2025-01-26T12:45:59.886Z","Active","url-parse","1.4.7","1.5.2","Yes","No","No","react-scripts@3.4.1","N/A","N/A"
"CVE-2022-0512","nodejs-url-parse: authorization bypass through user-controlled key","MEDIUM","reactjs-application","https://bitbucket8.aquaseclabs.com:8090/bitbucket/projects/AQ/repos/reactjs-application/browse/package.json?at=b0ef994fbbe287222b27043be2b0aebd495e665e#1","package.json","N/A","2025-01-26T12:45:59.886Z","Active","url-parse","1.4.7","1.5.6","Yes","No","No","react-scripts@3.4.1","N/A","N/A"
"CVE-2022-0639","npm-url-parse: Authorization Bypass Through User-Controlled Key","MEDIUM","reactjs-application","https://bitbucket8.aquaseclabs.com:8090/bitbucket/projects/AQ/repos/reactjs-application/browse/package.json?at=b0ef994fbbe287222b27043be2b0aebd495e665e#1","package.json","N/A","2025-01-26T12:45:59.886Z","Active","url-parse","1.4.7","1.5.7","Yes","No","No","react-scripts@3.4.1","N/A","N/A"
"CVE-2022-0691","npm-url-parse: authorization bypass through user-controlled key","MEDIUM","reactjs-application","https://bitbucket8.aquaseclabs.com:8090/bitbucket/projects/AQ/repos/reactjs-application/browse/package.json?at=b0ef994fbbe287222b27043be2b0aebd495e665e#1","package.json","N/A","2025-01-26T12:45:59.886Z","Active","url-parse","1.4.7","1.5.9","Yes","No","No","react-scripts@3.4.1","N/A","N/A"
"CVE-2024-29180","webpack-dev-middleware: lack of URL validation may lead to file leak","HIGH","reactjs-application","https://bitbucket8.aquaseclabs.com:8090/bitbucket/projects/AQ/repos/reactjs-application/browse/package.json?at=b0ef994fbbe287222b27043be2b0aebd495e665e#1","package.json","N/A","2025-01-26T12:45:59.886Z","Active","webpack-dev-middleware","3.7.2","7.1.0, 6.1.2, 5.3.4","Yes","No","No","react-scripts@3.4.1","N/A","N/A"
"CVE-2020-7662","npmjs-websocket-extensions: ReDoS vulnerability in Sec-WebSocket-Extensions parser","HIGH","reactjs-application","https://bitbucket8.aquaseclabs.com:8090/bitbucket/projects/AQ/repos/reactjs-application/browse/package.json?at=b0ef994fbbe287222b27043be2b0aebd495e665e#1","package.json","N/A","2025-01-26T12:45:59.886Z","Active","websocket-extensions","0.1.3","0.1.4","Yes","No","No","react-scripts@3.4.1","N/A","N/A"
"CVE-2023-26115","word-wrap: ReDoS","MEDIUM","reactjs-application","https://bitbucket8.aquaseclabs.com:8090/bitbucket/projects/AQ/repos/reactjs-application/browse/package.json?at=b0ef994fbbe287222b27043be2b0aebd495e665e#1","package.json","N/A","2025-01-26T12:45:59.886Z","Active","word-wrap","1.2.3","1.2.4","Yes","No","No","react-scripts@3.4.1","N/A","N/A"
"CVE-2024-37890","nodejs-ws: denial of service when handling a request with many HTTP headers","HIGH","reactjs-application","https://bitbucket8.aquaseclabs.com:8090/bitbucket/projects/AQ/repos/reactjs-application/browse/package.json?at=b0ef994fbbe287222b27043be2b0aebd495e665e#1","package.json","N/A","2025-01-26T12:45:59.886Z","Active","ws","5.2.2","5.2.4, 6.2.3, 7.5.10, 8.17.1","Yes","No","No","react-scripts@3.4.1","N/A","N/A"
"CVE-2021-32640","nodejs-ws: Specially crafted value of the `Sec-Websocket-Protocol` header can be used to significantly slow down a ws server","MEDIUM","reactjs-application","https://bitbucket8.aquaseclabs.com:8090/bitbucket/projects/AQ/repos/reactjs-application/browse/package.json?at=b0ef994fbbe287222b27043be2b0aebd495e665e#1","package.json","N/A","2025-01-26T12:45:59.886Z","Active","ws","5.2.2","7.4.6, 6.2.2, 5.2.3","Yes","No","No","react-scripts@3.4.1","N/A","N/A"
"CVE-2024-37890","nodejs-ws: denial of service when handling a request with many HTTP headers","HIGH","reactjs-application","https://bitbucket8.aquaseclabs.com:8090/bitbucket/projects/AQ/repos/reactjs-application/browse/package.json?at=b0ef994fbbe287222b27043be2b0aebd495e665e#1","package.json","N/A","2025-01-26T12:45:59.886Z","Active","ws","6.2.1","5.2.4, 6.2.3, 7.5.10, 8.17.1","Yes","No","No","react-scripts@3.4.1","N/A","N/A"
"CVE-2021-32640","nodejs-ws: Specially crafted value of the `Sec-Websocket-Protocol` header can be used to significantly slow down a ws server","MEDIUM","reactjs-application","https://bitbucket8.aquaseclabs.com:8090/bitbucket/projects/AQ/repos/reactjs-application/browse/package.json?at=b0ef994fbbe287222b27043be2b0aebd495e665e#1","package.json","N/A","2025-01-26T12:45:59.886Z","Active","ws","6.2.1","7.4.6, 6.2.2, 5.2.3","Yes","No","No","react-scripts@3.4.1","N/A","N/A"
"CVE-2020-7774","nodejs-y18n: prototype pollution vulnerability","HIGH","reactjs-application","https://bitbucket8.aquaseclabs.com:8090/bitbucket/projects/AQ/repos/reactjs-application/browse/package.json?at=b0ef994fbbe287222b27043be2b0aebd495e665e#1","package.json","N/A","2025-01-26T12:45:59.886Z","Active","y18n","4.0.0","3.2.2, 4.0.1, 5.0.5","Yes","No","No","react-scripts@3.4.1","N/A","N/A"
"CVE-2020-7608","nodejs-yargs-parser: prototype pollution vulnerability","MEDIUM","reactjs-application","https://bitbucket8.aquaseclabs.com:8090/bitbucket/projects/AQ/repos/reactjs-application/browse/package.json?at=b0ef994fbbe287222b27043be2b0aebd495e665e#1","package.json","N/A","2025-01-26T12:45:59.886Z","Active","yargs-parser","11.1.1","13.1.2, 15.0.1, 18.1.1, 5.0.1","Yes","No","No","react-scripts@3.4.1","N/A","N/A"
"CVE-2014-3617","Moodle allows discovery of an author's username","MEDIUM","billy-e2e","","artifacts/php/composer.lock","N/A","2025-01-26T12:40:15.850Z","Active","moodle/moodle","v2.6.2","2.5.8, 2.6.5, 2.7.2","Yes","No","Yes","-","N/A","N/A"
"CVE-2015-2273","Moodle cross-site scripting (XSS) vulnerability","LOW","billy-e2e","","artifacts/php/composer.lock","N/A","2025-01-26T12:40:15.850Z","Active","moodle/moodle","v2.6.2","2.6.9, 2.7.6, 2.8.4","Yes","No","Yes","-","N/A","N/A"
"CVE-2022-44566","rubygem-activerecord: Denial of Service","HIGH","billy-e2e","","artifacts/ruby/gemspec/Gemfile.lock","N/A","2025-01-26T12:40:15.850Z","Active","activerecord","6.0.0","~>5.2.8, >=5.2.8.15, ~>6.1.7, >=6.1.7.1, >=7.0.4.1","Yes","No","No","acl9@3.1.0","N/A","N/A"
"CVE-2023-22794","rubygem-activerecord: SQL Injection","HIGH","billy-e2e","","artifacts/ruby/gemspec/Gemfile.lock","N/A","2025-01-26T12:40:15.850Z","Active","activerecord","6.0.0","~>6.0.6, >=6.0.6.1, ~>6.1.7, >=6.1.7.1, >=7.0.4.1","Yes","No","No","acl9@3.1.0","N/A","N/A"
"CVE-2020-8165","rubygem-activesupport: potentially unintended unmarshalling of user-provided objects in MemCacheStore and RedisCacheStore","CRITICAL","billy-e2e","","artifacts/ruby/gemspec/Gemfile.lock","N/A","2025-01-26T12:40:15.850Z","Active","activesupport","6.0.0","~>5.2.4, >=5.2.4.3, >=6.0.3.1","Yes","No","No","acl9@3.1.0","N/A","N/A"
"CVE-2023-22796","rubygem-activesupport: Regular Expression Denial of Service","HIGH","billy-e2e","","artifacts/ruby/gemspec/Gemfile.lock","N/A","2025-01-26T12:40:15.850Z","Active","activesupport","6.0.0","~>5.2.8, >=5.2.8.15, ~>6.1.7, >=6.1.7.1, >=7.0.4.1","Yes","No","No","acl9@3.1.0","N/A","N/A"
"CVE-2019-18197","libxslt: use after free in xsltCopyText in transform.c could lead to information disclosure","HIGH","billy-e2e","","artifacts/ruby/gemspec/Gemfile.lock","N/A","2025-01-26T12:40:15.850Z","Active","nokogiri","1.10.4",">=1.10.5","Yes","No","No","acl9@3.1.0","N/A","N/A"
"GHSA-cgx6-hpwq-fhv5","Integer Overflow or Wraparound in libxml2 affects Nokogiri","HIGH","billy-e2e","","artifacts/ruby/gemspec/Gemfile.lock","N/A","2025-01-26T12:40:15.850Z","Active","nokogiri","1.10.4",">=1.13.5","Yes","No","No","acl9@3.1.0","N/A","N/A"
"GHSA-fq42-c5rg-92c2","Vulnerable dependencies in Nokogiri","HIGH","billy-e2e","","artifacts/ruby/gemspec/Gemfile.lock","N/A","2025-01-26T12:40:15.850Z","Active","nokogiri","1.10.4","1.13.2","Yes","No","No","acl9@3.1.0","N/A","N/A"
"GHSA-2qc6-mcvw-92cw","Update bundled libxml2 to v2.10.3 to resolve multiple CVEs","MEDIUM","billy-e2e","","artifacts/ruby/gemspec/Gemfile.lock","N/A","2025-01-26T12:40:15.850Z","Active","nokogiri","1.10.4",">=1.13.9","Yes","No","No","acl9@3.1.0","N/A","N/A"
"CVE-2022-27191","golang: crash in a golang.org/x/crypto/ssh server","HIGH","billy-e2e","","artifacts/go/go.mod","N/A","2025-01-26T12:40:15.850Z","Active","golang.org/x/crypto","0.0.0-20200429183012-4b2356b1ed79","0.0.0-20220314234659-1baeb1ce4c0b","Yes","No","Yes","-","N/A","N/A"
"CVE-2023-48795","ssh: Prefix truncation attack on Binary Packet Protocol (BPP)","MEDIUM","billy-e2e","","artifacts/go/go.mod","N/A","2025-01-26T12:40:15.850Z","Active","golang.org/x/crypto","0.0.0-20200429183012-4b2356b1ed79","0.17.0","Yes","No","Yes","-","N/A","N/A"
"CVE-2022-24999","express: ""qs"" prototype poisoning causes the hang of the node process","HIGH","billy-e2e","https://bitbucket8.aquaseclabs.com:8090/bitbucket/projects/AR/repos/billy-e2e/browse/artifacts/docker/image/package.json?at=0d236d9b93e321189fcf1963dd2a303582021de7#22","artifacts/docker/image/package.json","22","2025-01-26T12:40:15.850Z","Active","qs","6.5.1","6.10.3, 6.9.7, 6.8.3, 6.7.3, 6.6.1, 6.5.3, 6.4.1, 6.3.3, 6.2.4","Yes","No","No","body-parser@1.18.2","N/A","N/A"
"CVE-2024-45590","body-parser: Denial of Service Vulnerability in body-parser","HIGH","billy-e2e","https://bitbucket8.aquaseclabs.com:8090/bitbucket/projects/AR/repos/billy-e2e/browse/artifacts/docker/image/package.json?at=0d236d9b93e321189fcf1963dd2a303582021de7#22","artifacts/docker/image/package.json","22","2025-01-26T12:40:15.850Z","Active","body-parser","1.18.2","1.20.3","Yes","No","Yes","-","N/A","N/A"
"CVE-2024-45590","body-parser: Denial of Service Vulnerability in body-parser","HIGH","billy-e2e","https://bitbucket8.aquaseclabs.com:8090/bitbucket/projects/AR/repos/billy-e2e/browse/artifacts/docker/image/package.json?at=0d236d9b93e321189fcf1963dd2a303582021de7#21","artifacts/docker/image/package.json","21","2025-01-26T12:40:15.850Z","Active","body-parser","1.20.0","1.20.3","Yes","No","No","express@4.18.1","N/A","N/A"
"CVE-2020-7610","bson: Deserialization of Untrusted Data could result in Code injection or Excessive CPU load","CRITICAL","billy-e2e","https://bitbucket8.aquaseclabs.com:8090/bitbucket/projects/AR/repos/billy-e2e/browse/artifacts/docker/image/package.json?at=0d236d9b93e321189fcf1963dd2a303582021de7#25","artifacts/docker/image/package.json","25","2025-01-26T12:40:15.850Z","Active","bson","1.0.9","1.1.4","Yes","No","No","multer-gridfs-storage@1.1.0","N/A","N/A"
"CVE-2019-2391","Incorrect parsing of certain JSON input may result in js-bson not corr ...","MEDIUM","billy-e2e","https://bitbucket8.aquaseclabs.com:8090/bitbucket/projects/AR/repos/billy-e2e/browse/artifacts/docker/image/package.json?at=0d236d9b93e321189fcf1963dd2a303582021de7#25","artifacts/docker/image/package.json","25","2025-01-26T12:40:15.850Z","Active","bson","1.0.9","1.1.4","Yes","No","No","multer-gridfs-storage@1.1.0","N/A","N/A"
"CVE-2024-47764","cookie: cookie accepts cookie name, path, and domain with out of bounds characters","LOW","billy-e2e","https://bitbucket8.aquaseclabs.com:8090/bitbucket/projects/AR/repos/billy-e2e/browse/artifacts/docker/image/package.json?at=0d236d9b93e321189fcf1963dd2a303582021de7#21","artifacts/docker/image/package.json","21","2025-01-26T12:40:15.850Z","Active","cookie","0.5.0","0.7.0","Yes","No","No","express@4.18.1","N/A","N/A"
"CVE-2022-24434","dicer: nodejs service crash by sending a crafted payload","HIGH","billy-e2e","https://bitbucket8.aquaseclabs.com:8090/bitbucket/projects/AR/repos/billy-e2e/browse/artifacts/docker/image/package.json?at=0d236d9b93e321189fcf1963dd2a303582021de7#24","artifacts/docker/image/package.json","24","2025-01-26T12:40:15.850Z","Active","dicer","0.2.5","-","No","No","No","multer@1.4.1","N/A","N/A"
"CVE-2024-29041","express: cause malformed URLs to be evaluated","MEDIUM","billy-e2e","https://bitbucket8.aquaseclabs.com:8090/bitbucket/projects/AR/repos/billy-e2e/browse/artifacts/docker/image/package.json?at=0d236d9b93e321189fcf1963dd2a303582021de7#21","artifacts/docker/image/package.json","21","2025-01-26T12:40:15.850Z","Active","express","4.18.1","4.19.2, 5.0.0-beta.3","Yes","No","Yes","-","N/A","N/A"
"CVE-2024-43796","express: Improper Input Handling in Express Redirects","LOW","billy-e2e","https://bitbucket8.aquaseclabs.com:8090/bitbucket/projects/AR/repos/billy-e2e/browse/artifacts/docker/image/package.json?at=0d236d9b93e321189fcf1963dd2a303582021de7#21","artifacts/docker/image/package.json","21","2025-01-26T12:40:15.850Z","Active","express","4.18.1","4.20.0, 5.0.0","Yes","No","Yes","-","N/A","N/A"
"GHSA-mh5c-679w-hh4r","Denial of Service in mongodb","HIGH","billy-e2e","https://bitbucket8.aquaseclabs.com:8090/bitbucket/projects/AR/repos/billy-e2e/browse/artifacts/docker/image/package.json?at=0d236d9b93e321189fcf1963dd2a303582021de7#25","artifacts/docker/image/package.json","25","2025-01-26T12:40:15.850Z","Active","mongodb","2.2.36","3.1.13","Yes","No","No","multer-gridfs-storage@1.1.0","N/A","N/A"
"CVE-2024-45296","path-to-regexp: Backtracking regular expressions cause ReDoS","HIGH","billy-e2e","https://bitbucket8.aquaseclabs.com:8090/bitbucket/projects/AR/repos/billy-e2e/browse/artifacts/docker/image/package.json?at=0d236d9b93e321189fcf1963dd2a303582021de7#21","artifacts/docker/image/package.json","21","2025-01-26T12:40:15.850Z","Active","path-to-regexp","0.1.7","1.9.0, 0.1.10, 8.0.0, 3.3.0, 6.3.0","Yes","No","No","express@4.18.1","N/A","N/A"
"CVE-2024-52798","path-to-regexp: path-to-regexp Unpatched `path-to-regexp` ReDoS in 0.1.x","HIGH","billy-e2e","https://bitbucket8.aquaseclabs.com:8090/bitbucket/projects/AR/repos/billy-e2e/browse/artifacts/docker/image/package.json?at=0d236d9b93e321189fcf1963dd2a303582021de7#21","artifacts/docker/image/package.json","21","2025-01-26T12:40:15.850Z","Active","path-to-regexp","0.1.7","0.1.12","Yes","No","No","express@4.18.1","N/A","N/A"
"CVE-2021-29469","Node-redis is a Node.js Redis client. Before version 3.1.1, when a cli ...","HIGH","billy-e2e","https://bitbucket8.aquaseclabs.com:8090/bitbucket/projects/AR/repos/billy-e2e/browse/artifacts/docker/image/package.json?at=0d236d9b93e321189fcf1963dd2a303582021de7#20","artifacts/docker/image/package.json","20","2025-01-26T12:40:15.850Z","Active","redis","3.0.2","3.1.1","Yes","No","Yes","-","N/A","N/A"
"CVE-2024-43799","send: Code Execution Vulnerability in Send Library","LOW","billy-e2e","https://bitbucket8.aquaseclabs.com:8090/bitbucket/projects/AR/repos/billy-e2e/browse/artifacts/docker/image/package.json?at=0d236d9b93e321189fcf1963dd2a303582021de7#21","artifacts/docker/image/package.json","21","2025-01-26T12:40:15.850Z","Active","send","0.18.0","0.19.0","Yes","No","No","express@4.18.1","N/A","N/A"
"CVE-2024-43800","serve-static: Improper Sanitization in serve-static","LOW","billy-e2e","https://bitbucket8.aquaseclabs.com:8090/bitbucket/projects/AR/repos/billy-e2e/browse/artifacts/docker/image/package.json?at=0d236d9b93e321189fcf1963dd2a303582021de7#21","artifacts/docker/image/package.json","21","2025-01-26T12:40:15.850Z","Active","serve-static","1.15.0","1.16.0, 2.1.0","Yes","No","No","express@4.18.1","N/A","N/A"
"CVE-2024-45590","body-parser: Denial of Service Vulnerability in body-parser","HIGH","billy-e2e","https://bitbucket8.aquaseclabs.com:8090/bitbucket/projects/AR/repos/billy-e2e/browse/artifacts/node/non-lock/package.json?at=0d236d9b93e321189fcf1963dd2a303582021de7#22","artifacts/node/non-lock/package.json","22","2025-01-26T12:40:15.850Z","Active","body-parser","1.18.2","1.20.3","Yes","No","Yes","-","N/A","N/A"
"CVE-2024-45590","body-parser: Denial of Service Vulnerability in body-parser","HIGH","billy-e2e","https://bitbucket8.aquaseclabs.com:8090/bitbucket/projects/AR/repos/billy-e2e/browse/artifacts/node/non-lock/package.json?at=0d236d9b93e321189fcf1963dd2a303582021de7#21","artifacts/node/non-lock/package.json","21","2025-01-26T12:40:15.850Z","Active","body-parser","1.20.0","1.20.3","Yes","No","No","express@4.18.1","N/A","N/A"
"CVE-2020-7610","bson: Deserialization of Untrusted Data could result in Code injection or Excessive CPU load","CRITICAL","billy-e2e","https://bitbucket8.aquaseclabs.com:8090/bitbucket/projects/AR/repos/billy-e2e/browse/artifacts/node/non-lock/package.json?at=0d236d9b93e321189fcf1963dd2a303582021de7#25","artifacts/node/non-lock/package.json","25","2025-01-26T12:40:15.850Z","Active","bson","1.0.9","1.1.4","Yes","No","No","multer-gridfs-storage@1.1.0","N/A","N/A"
"CVE-2019-2391","Incorrect parsing of certain JSON input may result in js-bson not corr ...","MEDIUM","billy-e2e","https://bitbucket8.aquaseclabs.com:8090/bitbucket/projects/AR/repos/billy-e2e/browse/artifacts/node/non-lock/package.json?at=0d236d9b93e321189fcf1963dd2a303582021de7#25","artifacts/node/non-lock/package.json","25","2025-01-26T12:40:15.850Z","Active","bson","1.0.9","1.1.4","Yes","No","No","multer-gridfs-storage@1.1.0","N/A","N/A"
"CVE-2024-47764","cookie: cookie accepts cookie name, path, and domain with out of bounds characters","LOW","billy-e2e","https://bitbucket8.aquaseclabs.com:8090/bitbucket/projects/AR/repos/billy-e2e/browse/artifacts/node/non-lock/package.json?at=0d236d9b93e321189fcf1963dd2a303582021de7#21","artifacts/node/non-lock/package.json","21","2025-01-26T12:40:15.850Z","Active","cookie","0.5.0","0.7.0","Yes","No","No","express@4.18.1","N/A","N/A"
"CVE-2022-24434","dicer: nodejs service crash by sending a crafted payload","HIGH","billy-e2e","https://bitbucket8.aquaseclabs.com:8090/bitbucket/projects/AR/repos/billy-e2e/browse/artifacts/node/non-lock/package.json?at=0d236d9b93e321189fcf1963dd2a303582021de7#24","artifacts/node/non-lock/package.json","24","2025-01-26T12:40:15.850Z","Active","dicer","0.2.5","-","No","No","No","multer@1.4.1","N/A","N/A"
"CVE-2024-29041","express: cause malformed URLs to be evaluated","MEDIUM","billy-e2e","https://bitbucket8.aquaseclabs.com:8090/bitbucket/projects/AR/repos/billy-e2e/browse/artifacts/node/non-lock/package.json?at=0d236d9b93e321189fcf1963dd2a303582021de7#21","artifacts/node/non-lock/package.json","21","2025-01-26T12:40:15.850Z","Active","express","4.18.1","4.19.2, 5.0.0-beta.3","Yes","No","Yes","-","N/A","N/A"
"CVE-2024-43796","express: Improper Input Handling in Express Redirects","LOW","billy-e2e","https://bitbucket8.aquaseclabs.com:8090/bitbucket/projects/AR/repos/billy-e2e/browse/artifacts/node/non-lock/package.json?at=0d236d9b93e321189fcf1963dd2a303582021de7#21","artifacts/node/non-lock/package.json","21","2025-01-26T12:40:15.850Z","Active","express","4.18.1","4.20.0, 5.0.0","Yes","No","Yes","-","N/A","N/A"
"GHSA-mh5c-679w-hh4r","Denial of Service in mongodb","HIGH","billy-e2e","https://bitbucket8.aquaseclabs.com:8090/bitbucket/projects/AR/repos/billy-e2e/browse/artifacts/node/non-lock/package.json?at=0d236d9b93e321189fcf1963dd2a303582021de7#25","artifacts/node/non-lock/package.json","25","2025-01-26T12:40:15.850Z","Active","mongodb","2.2.36","3.1.13","Yes","No","No","multer-gridfs-storage@1.1.0","N/A","N/A"
"CVE-2024-45296","path-to-regexp: Backtracking regular expressions cause ReDoS","HIGH","billy-e2e","https://bitbucket8.aquaseclabs.com:8090/bitbucket/projects/AR/repos/billy-e2e/browse/artifacts/node/non-lock/package.json?at=0d236d9b93e321189fcf1963dd2a303582021de7#21","artifacts/node/non-lock/package.json","21","2025-01-26T12:40:15.850Z","Active","path-to-regexp","0.1.7","1.9.0, 0.1.10, 8.0.0, 3.3.0, 6.3.0","Yes","No","No","express@4.18.1","N/A","N/A"
"CVE-2024-52798","path-to-regexp: path-to-regexp Unpatched `path-to-regexp` ReDoS in 0.1.x","HIGH","billy-e2e","https://bitbucket8.aquaseclabs.com:8090/bitbucket/projects/AR/repos/billy-e2e/browse/artifacts/node/non-lock/package.json?at=0d236d9b93e321189fcf1963dd2a303582021de7#21","artifacts/node/non-lock/package.json","21","2025-01-26T12:40:15.850Z","Active","path-to-regexp","0.1.7","0.1.12","Yes","No","No","express@4.18.1","N/A","N/A"
"CVE-2022-24999","express: ""qs"" prototype poisoning causes the hang of the node process","HIGH","billy-e2e","https://bitbucket8.aquaseclabs.com:8090/bitbucket/projects/AR/repos/billy-e2e/browse/artifacts/node/non-lock/package.json?at=0d236d9b93e321189fcf1963dd2a303582021de7#22","artifacts/node/non-lock/package.json","22","2025-01-26T12:40:15.850Z","Active","qs","6.5.1","6.10.3, 6.9.7, 6.8.3, 6.7.3, 6.6.1, 6.5.3, 6.4.1, 6.3.3, 6.2.4","Yes","No","No","body-parser@1.18.2","N/A","N/A"
"CVE-2021-29469","Node-redis is a Node.js Redis client. Before version 3.1.1, when a cli ...","HIGH","billy-e2e","https://bitbucket8.aquaseclabs.com:8090/bitbucket/projects/AR/repos/billy-e2e/browse/artifacts/node/non-lock/package.json?at=0d236d9b93e321189fcf1963dd2a303582021de7#20","artifacts/node/non-lock/package.json","20","2025-01-26T12:40:15.850Z","Active","redis","3.0.2","3.1.1","Yes","No","Yes","-","N/A","N/A"
"CVE-2024-43799","send: Code Execution Vulnerability in Send Library","LOW","billy-e2e","https://bitbucket8.aquaseclabs.com:8090/bitbucket/projects/AR/repos/billy-e2e/browse/artifacts/node/non-lock/package.json?at=0d236d9b93e321189fcf1963dd2a303582021de7#21","artifacts/node/non-lock/package.json","21","2025-01-26T12:40:15.850Z","Active","send","0.18.0","0.19.0","Yes","No","No","express@4.18.1","N/A","N/A"
"CVE-2024-43800","serve-static: Improper Sanitization in serve-static","LOW","billy-e2e","https://bitbucket8.aquaseclabs.com:8090/bitbucket/projects/AR/repos/billy-e2e/browse/artifacts/node/non-lock/package.json?at=0d236d9b93e321189fcf1963dd2a303582021de7#21","artifacts/node/non-lock/package.json","21","2025-01-26T12:40:15.850Z","Active","serve-static","1.15.0","1.16.0, 2.1.0","Yes","No","No","express@4.18.1","N/A","N/A"
"CVE-2023-5841","OpenEXR: Heap Overflow in Scanline Deep Data Parsing","CRITICAL","billy-e2e","","artifacts/conan/python-recipe/conan.lock","N/A","2025-01-26T12:40:15.850Z","Active","openexr","2.5.7","-","No","No","Yes","-","N/A","N/A"
"CVE-2021-20298","OpenEXR: Out-of-memory in B44Compressor","HIGH","billy-e2e","","artifacts/conan/python-recipe/conan.lock","N/A","2025-01-26T12:40:15.850Z","Active","openexr","2.5.7","3.1.4","Yes","No","Yes","-","N/A","N/A"
"CVE-2021-20304","OpenEXR: Undefined-shift in Imf_2_5::hufDecode","HIGH","billy-e2e","","artifacts/conan/python-recipe/conan.lock","N/A","2025-01-26T12:40:15.850Z","Active","openexr","2.5.7","3.1.4","Yes","No","Yes","-","N/A","N/A"
"CVE-2021-23169","OpenEXR: Heap-buffer-overflow in Imf_2_5::copyIntoFrameBuffer","HIGH","billy-e2e","","artifacts/conan/python-recipe/conan.lock","N/A","2025-01-26T12:40:15.850Z","Active","openexr","2.5.7","3.1.4","Yes","No","Yes","-","N/A","N/A"
"CVE-2021-23215","OpenEXR: Integer-overflow in Imf_2_5::DwaCompressor::initializeBuffers","MEDIUM","billy-e2e","","artifacts/conan/python-recipe/conan.lock","N/A","2025-01-26T12:40:15.850Z","Active","openexr","2.5.7","3.1.4","Yes","No","Yes","-","N/A","N/A"
"CVE-2021-26260","OpenEXR: Integer-overflow in Imf_2_5::DwaCompressor::initializeBuffers","MEDIUM","billy-e2e","","artifacts/conan/python-recipe/conan.lock","N/A","2025-01-26T12:40:15.850Z","Active","openexr","2.5.7","3.1.4","Yes","No","Yes","-","N/A","N/A"
"CVE-2021-26945","OpenEXR: Integer-overflow in bool Imf_2_5::readDeepTile<Imf_2_5::DeepTiledInputPart>","MEDIUM","billy-e2e","","artifacts/conan/python-recipe/conan.lock","N/A","2025-01-26T12:40:15.850Z","Active","openexr","2.5.7","3.1.4","Yes","No","Yes","-","N/A","N/A"
"CVE-2021-3598","OpenEXR: Heap buffer overflow in Imf_3_1::CharPtrIO::readChars","MEDIUM","billy-e2e","","artifacts/conan/python-recipe/conan.lock","N/A","2025-01-26T12:40:15.850Z","Active","openexr","2.5.7","3.1.4","Yes","No","Yes","-","N/A","N/A"
"CVE-2021-3605","OpenEXR: Heap buffer overflow in the rleUncompress function","MEDIUM","billy-e2e","","artifacts/conan/python-recipe/conan.lock","N/A","2025-01-26T12:40:15.850Z","Active","openexr","2.5.7","3.1.4","Yes","No","Yes","-","N/A","N/A"
"CVE-2021-3933","openexr: Integer-overflow in Imf_3_1::bytesPerDeepLineTable","MEDIUM","billy-e2e","","artifacts/conan/python-recipe/conan.lock","N/A","2025-01-26T12:40:15.850Z","Active","openexr","2.5.7","3.1.4","Yes","No","Yes","-","N/A","N/A"
"CVE-2022-1941","protobuf: message parsing vulnerability in ProtocolBuffers","HIGH","billy-e2e","","artifacts/conan/text-recipe/conan.lock","N/A","2025-01-26T12:40:15.850Z","Active","protobuf","3.21.4","3.19.6, 3.21.9","Yes","No","Yes","-","N/A","N/A"
"CVE-2024-21907","Improper Handling of Exceptional Conditions in Newtonsoft.Json","HIGH","billy-e2e","","artifacts/dotnet/lock/packages.config","N/A","2025-01-26T12:40:15.850Z","Active","Newtonsoft.Json","8.0.3","13.0.1","Yes","No","Yes","-","N/A","N/A"
"CVE-2020-26160","jwt-go: access restriction bypass vulnerability","HIGH","billy-e2e","","artifacts/go/go.mod","N/A","2025-01-26T12:40:15.850Z","Active","github.com/dgrijalva/jwt-go","3.2.0+incompatible","-","No","No","Yes","-","N/A","N/A"
"CVE-2022-40083","Labstack Echo v4.8.0 was discovered to contain an open redirect vulner ...","CRITICAL","billy-e2e","","artifacts/go/go.mod","N/A","2025-01-26T12:40:15.850Z","Active","github.com/labstack/echo/v4","4.1.16","4.9.0","Yes","No","Yes","-","N/A","N/A"
"CVE-2020-36565","Echo vulnerable to directory traversal","MEDIUM","billy-e2e","","artifacts/go/go.mod","N/A","2025-01-26T12:40:15.850Z","Active","github.com/labstack/echo/v4","4.1.16","4.2.0","Yes","No","Yes","-","N/A","N/A"
"CVE-2024-45337","golang.org/x/crypto/ssh: Misuse of ServerConfig.PublicKeyCallback may cause authorization bypass in golang.org/x/crypto","CRITICAL","billy-e2e","","artifacts/go/go.mod","N/A","2025-01-26T12:40:15.850Z","Active","golang.org/x/crypto","0.0.0-20200429183012-4b2356b1ed79","0.31.0","Yes","No","Yes","-","N/A","N/A"
"CVE-2020-29652","golang: crypto/ssh: crafted authentication request can lead to nil pointer dereference","HIGH","billy-e2e","","artifacts/go/go.mod","N/A","2025-01-26T12:40:15.850Z","Active","golang.org/x/crypto","0.0.0-20200429183012-4b2356b1ed79","0.0.0-20201216223049-8b5274cf687f","Yes","No","Yes","-","N/A","N/A"
"CVE-2021-43565","golang.org/x/crypto: empty plaintext packet causes panic","HIGH","billy-e2e","","artifacts/go/go.mod","N/A","2025-01-26T12:40:15.850Z","Active","golang.org/x/crypto","0.0.0-20200429183012-4b2356b1ed79","0.0.0-20211202192323-5770296d904e","Yes","No","Yes","-","N/A","N/A"
"CVE-2021-33194","golang: x/net/html: infinite loop in ParseFragment","HIGH","billy-e2e","","artifacts/go/go.mod","N/A","2025-01-26T12:40:15.850Z","Active","golang.org/x/net","0.0.0-20200501053045-e0ff5e5a1de5","0.0.0-20210520170846-37e1c6afe023","Yes","No","No","-","N/A","N/A"
"CVE-2022-27664","golang: net/http: handle server errors after sending GOAWAY","HIGH","billy-e2e","","artifacts/go/go.mod","N/A","2025-01-26T12:40:15.850Z","Active","golang.org/x/net","0.0.0-20200501053045-e0ff5e5a1de5","0.0.0-20220906165146-f3363e06e74c","Yes","No","No","-","N/A","N/A"
"CVE-2022-41723","golang.org/x/net/http2: avoid quadratic complexity in HPACK decoding","HIGH","billy-e2e","","artifacts/go/go.mod","N/A","2025-01-26T12:40:15.850Z","Active","golang.org/x/net","0.0.0-20200501053045-e0ff5e5a1de5","0.7.0","Yes","No","No","-","N/A","N/A"
"CVE-2023-39325","golang: net/http, x/net/http2: rapid stream resets can cause excessive work (CVE-2023-44487)","HIGH","billy-e2e","","artifacts/go/go.mod","N/A","2025-01-26T12:40:15.850Z","Active","golang.org/x/net","0.0.0-20200501053045-e0ff5e5a1de5","0.17.0","Yes","No","No","-","N/A","N/A"
"CVE-2024-45338","golang.org/x/net/html: Non-linear parsing of case-insensitive content in golang.org/x/net/html","HIGH","billy-e2e","","artifacts/go/go.mod","N/A","2025-01-26T12:40:15.850Z","Active","golang.org/x/net","0.0.0-20200501053045-e0ff5e5a1de5","0.33.0","Yes","No","No","-","N/A","N/A"
"CVE-2021-31525","golang: net/http: panic in ReadRequest and ReadResponse when reading a very large header","MEDIUM","billy-e2e","","artifacts/go/go.mod","N/A","2025-01-26T12:40:15.850Z","Active","golang.org/x/net","0.0.0-20200501053045-e0ff5e5a1de5","0.0.0-20210428140749-89ef3d95e781","Yes","No","No","-","N/A","N/A"
"CVE-2022-41717","golang: net/http: excessive memory growth in a Go server accepting HTTP/2 requests","MEDIUM","billy-e2e","","artifacts/go/go.mod","N/A","2025-01-26T12:40:15.850Z","Active","golang.org/x/net","0.0.0-20200501053045-e0ff5e5a1de5","0.4.0","Yes","No","No","-","N/A","N/A"
"CVE-2023-3978","golang.org/x/net/html: Cross site scripting","MEDIUM","billy-e2e","","artifacts/go/go.mod","N/A","2025-01-26T12:40:15.850Z","Active","golang.org/x/net","0.0.0-20200501053045-e0ff5e5a1de5","0.13.0","Yes","No","No","-","N/A","N/A"
"CVE-2023-44487","HTTP/2: Multiple HTTP/2 enabled web servers are vulnerable to a DDoS attack (Rapid Reset Attack)","MEDIUM","billy-e2e","","artifacts/go/go.mod","N/A","2025-01-26T12:40:15.850Z","Active","golang.org/x/net","0.0.0-20200501053045-e0ff5e5a1de5","0.17.0","Yes","No","No","-","N/A","N/A"
"CVE-2023-45288","golang: net/http, x/net/http2: unlimited number of CONTINUATION frames causes DoS","MEDIUM","billy-e2e","","artifacts/go/go.mod","N/A","2025-01-26T12:40:15.850Z","Active","golang.org/x/net","0.0.0-20200501053045-e0ff5e5a1de5","0.23.0","Yes","No","No","-","N/A","N/A"
"CVE-2022-29526","golang: syscall: faccessat checks wrong group","MEDIUM","billy-e2e","","artifacts/go/go.mod","N/A","2025-01-26T12:40:15.850Z","Active","golang.org/x/sys","0.0.0-20210630005230-0f9fa26af87c","0.0.0-20220412211240-33da011f77ad","Yes","No","No","-","N/A","N/A"
"CVE-2021-38561","golang: out-of-bounds read in golang.org/x/text/language leads to DoS","HIGH","billy-e2e","","artifacts/go/go.mod","N/A","2025-01-26T12:40:15.850Z","Active","golang.org/x/text","0.3.2","0.3.7","Yes","No","No","-","N/A","N/A"
"CVE-2022-32149","golang: golang.org/x/text/language: ParseAcceptLanguage takes a long time to parse complex tags","HIGH","billy-e2e","","artifacts/go/go.mod","N/A","2025-01-26T12:40:15.850Z","Active","golang.org/x/text","0.3.2","0.3.8","Yes","No","No","-","N/A","N/A"
"CVE-2020-14040","golang.org/x/text: possibility to trigger an infinite loop in encoding/unicode could lead to crash","MEDIUM","billy-e2e","","artifacts/go/go.mod","N/A","2025-01-26T12:40:15.850Z","Active","golang.org/x/text","0.3.2","0.3.3","Yes","No","No","-","N/A","N/A"
"CVE-2022-4065","testng: a path traversal in zip files","HIGH","billy-e2e","https://bitbucket8.aquaseclabs.com:8090/bitbucket/projects/AR/repos/billy-e2e/browse/artifacts/gradle/lock/build.gradle?at=0d236d9b93e321189fcf1963dd2a303582021de7#1","artifacts/gradle/lock/build.gradle","N/A","2025-01-26T12:40:15.850Z","Active","org.testng:testng","7.5","7.5.1, 7.7.0","Yes","No","No","-","N/A","N/A"
"CVE-2024-45590","body-parser: Denial of Service Vulnerability in body-parser","HIGH","billy-e2e","https://bitbucket8.aquaseclabs.com:8090/bitbucket/projects/AR/repos/billy-e2e/browse/artifacts/node/lock/package.json?at=0d236d9b93e321189fcf1963dd2a303582021de7#22","artifacts/node/lock/package.json","22","2025-01-26T12:40:15.850Z","Active","body-parser","1.18.2","1.20.3","Yes","No","Yes","-","N/A","N/A"
"CVE-2024-45590","body-parser: Denial of Service Vulnerability in body-parser","HIGH","billy-e2e","https://bitbucket8.aquaseclabs.com:8090/bitbucket/projects/AR/repos/billy-e2e/browse/artifacts/node/lock/package.json?at=0d236d9b93e321189fcf1963dd2a303582021de7#21","artifacts/node/lock/package.json","21","2025-01-26T12:40:15.850Z","Active","body-parser","1.20.0","1.20.3","Yes","No","No","express@4.18.1","N/A","N/A"
"CVE-2020-7610","bson: Deserialization of Untrusted Data could result in Code injection or Excessive CPU load","CRITICAL","billy-e2e","https://bitbucket8.aquaseclabs.com:8090/bitbucket/projects/AR/repos/billy-e2e/browse/artifacts/node/lock/package.json?at=0d236d9b93e321189fcf1963dd2a303582021de7#25","artifacts/node/lock/package.json","25","2025-01-26T12:40:15.850Z","Active","bson","1.0.9","1.1.4","Yes","No","No","multer-gridfs-storage@1.1.0","N/A","N/A"
"CVE-2019-2391","Incorrect parsing of certain JSON input may result in js-bson not corr ...","MEDIUM","billy-e2e","https://bitbucket8.aquaseclabs.com:8090/bitbucket/projects/AR/repos/billy-e2e/browse/artifacts/node/lock/package.json?at=0d236d9b93e321189fcf1963dd2a303582021de7#25","artifacts/node/lock/package.json","25","2025-01-26T12:40:15.850Z","Active","bson","1.0.9","1.1.4","Yes","No","No","multer-gridfs-storage@1.1.0","N/A","N/A"
"CVE-2024-47764","cookie: cookie accepts cookie name, path, and domain with out of bounds characters","LOW","billy-e2e","https://bitbucket8.aquaseclabs.com:8090/bitbucket/projects/AR/repos/billy-e2e/browse/artifacts/node/lock/package.json?at=0d236d9b93e321189fcf1963dd2a303582021de7#21","artifacts/node/lock/package.json","21","2025-01-26T12:40:15.850Z","Active","cookie","0.5.0","0.7.0","Yes","No","No","express@4.18.1","N/A","N/A"
"CVE-2022-24434","dicer: nodejs service crash by sending a crafted payload","HIGH","billy-e2e","https://bitbucket8.aquaseclabs.com:8090/bitbucket/projects/AR/repos/billy-e2e/browse/artifacts/node/lock/package.json?at=0d236d9b93e321189fcf1963dd2a303582021de7#24","artifacts/node/lock/package.json","24","2025-01-26T12:40:15.850Z","Active","dicer","0.2.5","-","No","No","No","multer@1.4.1","N/A","N/A"
"CVE-2024-29041","express: cause malformed URLs to be evaluated","MEDIUM","billy-e2e","https://bitbucket8.aquaseclabs.com:8090/bitbucket/projects/AR/repos/billy-e2e/browse/artifacts/node/lock/package.json?at=0d236d9b93e321189fcf1963dd2a303582021de7#21","artifacts/node/lock/package.json","21","2025-01-26T12:40:15.850Z","Active","express","4.18.1","4.19.2, 5.0.0-beta.3","Yes","No","Yes","-","N/A","N/A"
"CVE-2024-43796","express: Improper Input Handling in Express Redirects","LOW","billy-e2e","https://bitbucket8.aquaseclabs.com:8090/bitbucket/projects/AR/repos/billy-e2e/browse/artifacts/node/lock/package.json?at=0d236d9b93e321189fcf1963dd2a303582021de7#21","artifacts/node/lock/package.json","21","2025-01-26T12:40:15.850Z","Active","express","4.18.1","4.20.0, 5.0.0","Yes","No","Yes","-","N/A","N/A"
"GHSA-mh5c-679w-hh4r","Denial of Service in mongodb","HIGH","billy-e2e","https://bitbucket8.aquaseclabs.com:8090/bitbucket/projects/AR/repos/billy-e2e/browse/artifacts/node/lock/package.json?at=0d236d9b93e321189fcf1963dd2a303582021de7#25","artifacts/node/lock/package.json","25","2025-01-26T12:40:15.850Z","Active","mongodb","2.2.36","3.1.13","Yes","No","No","multer-gridfs-storage@1.1.0","N/A","N/A"
"CVE-2024-45296","path-to-regexp: Backtracking regular expressions cause ReDoS","HIGH","billy-e2e","https://bitbucket8.aquaseclabs.com:8090/bitbucket/projects/AR/repos/billy-e2e/browse/artifacts/node/lock/package.json?at=0d236d9b93e321189fcf1963dd2a303582021de7#21","artifacts/node/lock/package.json","21","2025-01-26T12:40:15.850Z","Active","path-to-regexp","0.1.7","1.9.0, 0.1.10, 8.0.0, 3.3.0, 6.3.0","Yes","No","No","express@4.18.1","N/A","N/A"
"CVE-2024-52798","path-to-regexp: path-to-regexp Unpatched `path-to-regexp` ReDoS in 0.1.x","HIGH","billy-e2e","https://bitbucket8.aquaseclabs.com:8090/bitbucket/projects/AR/repos/billy-e2e/browse/artifacts/node/lock/package.json?at=0d236d9b93e321189fcf1963dd2a303582021de7#21","artifacts/node/lock/package.json","21","2025-01-26T12:40:15.850Z","Active","path-to-regexp","0.1.7","0.1.12","Yes","No","No","express@4.18.1","N/A","N/A"
"CVE-2022-24999","express: ""qs"" prototype poisoning causes the hang of the node process","HIGH","billy-e2e","https://bitbucket8.aquaseclabs.com:8090/bitbucket/projects/AR/repos/billy-e2e/browse/artifacts/node/lock/package.json?at=0d236d9b93e321189fcf1963dd2a303582021de7#22","artifacts/node/lock/package.json","22","2025-01-26T12:40:15.850Z","Active","qs","6.5.1","6.10.3, 6.9.7, 6.8.3, 6.7.3, 6.6.1, 6.5.3, 6.4.1, 6.3.3, 6.2.4","Yes","No","No","body-parser@1.18.2","N/A","N/A"
"CVE-2021-29469","Node-redis is a Node.js Redis client. Before version 3.1.1, when a cli ...","HIGH","billy-e2e","https://bitbucket8.aquaseclabs.com:8090/bitbucket/projects/AR/repos/billy-e2e/browse/artifacts/node/lock/package.json?at=0d236d9b93e321189fcf1963dd2a303582021de7#20","artifacts/node/lock/package.json","20","2025-01-26T12:40:15.850Z","Active","redis","3.0.2","3.1.1","Yes","No","Yes","-","N/A","N/A"
"CVE-2022-25883","nodejs-semver: Regular expression denial of service","HIGH","billy-e2e","https://bitbucket8.aquaseclabs.com:8090/bitbucket/projects/AR/repos/billy-e2e/browse/artifacts/node/lock/package.json?at=0d236d9b93e321189fcf1963dd2a303582021de7#25","artifacts/node/lock/package.json","25","2025-01-26T12:40:15.850Z","Active","semver","5.7.1","7.5.2, 6.3.1, 5.7.2","Yes","No","No","multer-gridfs-storage@1.1.0","N/A","N/A"
"CVE-2024-43799","send: Code Execution Vulnerability in Send Library","LOW","billy-e2e","https://bitbucket8.aquaseclabs.com:8090/bitbucket/projects/AR/repos/billy-e2e/browse/artifacts/node/lock/package.json?at=0d236d9b93e321189fcf1963dd2a303582021de7#21","artifacts/node/lock/package.json","21","2025-01-26T12:40:15.850Z","Active","send","0.18.0","0.19.0","Yes","No","No","express@4.18.1","N/A","N/A"
"CVE-2024-43800","serve-static: Improper Sanitization in serve-static","LOW","billy-e2e","https://bitbucket8.aquaseclabs.com:8090/bitbucket/projects/AR/repos/billy-e2e/browse/artifacts/node/lock/package.json?at=0d236d9b93e321189fcf1963dd2a303582021de7#21","artifacts/node/lock/package.json","21","2025-01-26T12:40:15.850Z","Active","serve-static","1.15.0","1.16.0, 2.1.0","Yes","No","No","express@4.18.1","N/A","N/A"
"CVE-2021-36392","Moodle SQL Injection vulnerability","CRITICAL","billy-e2e","","artifacts/php/composer.lock","N/A","2025-01-26T12:40:15.850Z","Active","moodle/moodle","v2.6.2","3.11.1, 3.10.5, 3.9.8","Yes","No","Yes","-","N/A","N/A"
"CVE-2021-36393","Moodle SQL Injection vulnerability","CRITICAL","billy-e2e","","artifacts/php/composer.lock","N/A","2025-01-26T12:40:15.850Z","Active","moodle/moodle","v2.6.2","3.11.1, 3.10.5, 3.9.8","Yes","No","Yes","-","N/A","N/A"
"CVE-2022-40314","Moodle remote code execution","CRITICAL","billy-e2e","","artifacts/php/composer.lock","N/A","2025-01-26T12:40:15.850Z","Active","moodle/moodle","v2.6.2","3.9.17, 3.11.10, 4.0.4","Yes","No","Yes","-","N/A","N/A"
"CVE-2023-28333","Moodle's Mustache pix helper contained a potential Mustache injection risk if combined with user input","CRITICAL","billy-e2e","","artifacts/php/composer.lock","N/A","2025-01-26T12:40:15.850Z","Active","moodle/moodle","v2.6.2","4.1.2, 4.0.7, 3.11.13, 3.9.20","Yes","No","Yes","-","N/A","N/A"
"CVE-2014-3541","Moodle vulnerable to PHP object injection attacks","HIGH","billy-e2e","","artifacts/php/composer.lock","N/A","2025-01-26T12:40:15.850Z","Active","moodle/moodle","v2.6.2","2.4.11, 2.5.7, 2.6.4, 2.7.1","Yes","No","Yes","-","N/A","N/A"
"CVE-2014-7845","Moodle Temporary Passwords are Brute Force-able","HIGH","billy-e2e","","artifacts/php/composer.lock","N/A","2025-01-26T12:40:15.850Z","Active","moodle/moodle","v2.6.2","2.7.3, 2.6.6, 2.5.9","Yes","No","Yes","-","N/A","N/A"
"CVE-2015-5267","Moodle uses predictable password-recovery tokens","HIGH","billy-e2e","","artifacts/php/composer.lock","N/A","2025-01-26T12:40:15.850Z","Active","moodle/moodle","v2.6.2","2.7.10, 2.8.8, 2.9.2","Yes","No","Yes","-","N/A","N/A"
"CVE-2015-5338","Moodle multiple cross-site request forgery (CSRF) vulnerabilities","HIGH","billy-e2e","","artifacts/php/composer.lock","N/A","2025-01-26T12:40:15.850Z","Active","moodle/moodle","v2.6.2","2.7.11, 2.8.9, 2.9.3","Yes","No","Yes","-","N/A","N/A"
"CVE-2016-2157","Moodle cross-site request forgery (CSRF) vulnerability","HIGH","billy-e2e","","artifacts/php/composer.lock","N/A","2025-01-26T12:40:15.850Z","Active","moodle/moodle","v2.6.2","2.7.13, 2.8.11, 2.9.5, 3.0.3","Yes","No","Yes","-","N/A","N/A"
"CVE-2016-3734","Moodle Cross-site request forgery (CSRF) vulnerability","HIGH","billy-e2e","","artifacts/php/composer.lock","N/A","2025-01-26T12:40:15.850Z","Active","moodle/moodle","v2.6.2","2.7.14, 2.8.12, 2.9.6, 3.0.4","Yes","No","Yes","-","N/A","N/A"
"CVE-2016-9187","Moodle Unrestricted file upload vulnerability","HIGH","billy-e2e","","artifacts/php/composer.lock","N/A","2025-01-26T12:40:15.850Z","Active","moodle/moodle","v2.6.2","-","No","No","Yes","-","N/A","N/A"
"CVE-2018-14630","Moodle XML import of ddwtos could lead to intentional remote code execution","HIGH","billy-e2e","","artifacts/php/composer.lock","N/A","2025-01-26T12:40:15.850Z","Active","moodle/moodle","v2.6.2","3.5.2, 3.4.5, 3.3.8, 3.1.14","Yes","No","Yes","-","N/A","N/A"
"CVE-2019-3849","Moodle Users could elevate their role when accessing the LTI tool on a provider site","HIGH","billy-e2e","","artifacts/php/composer.lock","N/A","2025-01-26T12:40:15.850Z","Active","moodle/moodle","v2.6.2","3.4.8, 3.5.5, 3.6.3","Yes","No","Yes","-","N/A","N/A"
"CVE-2021-36394","Moodle Session Fixation vulnerability","HIGH","billy-e2e","","artifacts/php/composer.lock","N/A","2025-01-26T12:40:15.850Z","Active","moodle/moodle","v2.6.2","3.11.1, 3.10.5, 3.9.8","Yes","No","Yes","-","N/A","N/A"
"CVE-2021-36395","Moodle vulnerable to Uncontrolled Resource Consumption","HIGH","billy-e2e","","artifacts/php/composer.lock","N/A","2025-01-26T12:40:15.850Z","Active","moodle/moodle","v2.6.2","3.11.1, 3.10.5, 3.9.8","Yes","No","Yes","-","N/A","N/A"
"CVE-2021-36396","Moodle vulnerable to Server-Side Request Forgery","HIGH","billy-e2e","","artifacts/php/composer.lock","N/A","2025-01-26T12:40:15.850Z","Active","moodle/moodle","v2.6.2","3.11.1, 3.10.5, 3.9.8","Yes","No","Yes","-","N/A","N/A"
"CVE-2022-0983","SQL Injection in Moodle","HIGH","billy-e2e","","artifacts/php/composer.lock","N/A","2025-01-26T12:40:15.850Z","Active","moodle/moodle","v2.6.2","3.11.6, 3.10.10, 3.9.13","Yes","No","Yes","-","N/A","N/A"
"CVE-2023-23923","Moodle Improper Access Control vulnerability","HIGH","billy-e2e","","artifacts/php/composer.lock","N/A","2025-01-26T12:40:15.850Z","Active","moodle/moodle","v2.6.2","3.9.19, 3.11.12, 4.0.6, 4.1.1","Yes","No","Yes","-","N/A","N/A"
"CVE-2023-28329","Moodle SQL Injection vulnerability","HIGH","billy-e2e","","artifacts/php/composer.lock","N/A","2025-01-26T12:40:15.850Z","Active","moodle/moodle","v2.6.2","4.1.2, 4.0.7, 3.11.13, 3.9.20","Yes","No","Yes","-","N/A","N/A"
"CVE-2023-30944","Moodle SQL Injection vulnerability","HIGH","billy-e2e","","artifacts/php/composer.lock","N/A","2025-01-26T12:40:15.850Z","Active","moodle/moodle","v2.6.2","4.2.0-rc2","Yes","No","Yes","-","N/A","N/A"
"CVE-2023-35133","Moodle vulnerable to Server Side Request Forgery","HIGH","billy-e2e","","artifacts/php/composer.lock","N/A","2025-01-26T12:40:15.850Z","Active","moodle/moodle","v2.6.2","4.2.1, 4.1.4, 4.0.9, 3.11.15, 3.9.22","Yes","No","Yes","-","N/A","N/A"
"CVE-2023-5540","Moodle Code Injection vulnerability","HIGH","billy-e2e","","artifacts/php/composer.lock","N/A","2025-01-26T12:40:15.850Z","Active","moodle/moodle","v2.6.2","4.3.0-rc2","Yes","No","Yes","-","N/A","N/A"
"CVE-2024-25978","Uncontrolled Resource Consumption in moodle","HIGH","billy-e2e","","artifacts/php/composer.lock","N/A","2025-01-26T12:40:15.850Z","Active","moodle/moodle","v2.6.2","4.3.3, 4.2.6, 4.1.9","Yes","No","Yes","-","N/A","N/A"
"CVE-2024-25982","Cross-Site Request Forgery in moodle","HIGH","billy-e2e","","artifacts/php/composer.lock","N/A","2025-01-26T12:40:15.850Z","Active","moodle/moodle","v2.6.2","4.3.3, 4.2.6, 4.1.9","Yes","No","Yes","-","N/A","N/A"
"CVE-2024-34001","Moodle CSRF risk in admin preset tool management of presets","HIGH","billy-e2e","","artifacts/php/composer.lock","N/A","2025-01-26T12:40:15.850Z","Active","moodle/moodle","v2.6.2","4.3.4, 4.2.7, 4.1.10","Yes","No","Yes","-","N/A","N/A"
"CVE-2024-34002","Moodle Authenticated LFI risk in some misconfigured shared hosting environments","HIGH","billy-e2e","","artifacts/php/composer.lock","N/A","2025-01-26T12:40:15.850Z","Active","moodle/moodle","v2.6.2","4.3.4, 4.2.7, 4.1.10","Yes","No","Yes","-","N/A","N/A"
"CVE-2024-34005","Moodle Authenticated LFI risk in some misconfigured shared hosting environments","HIGH","billy-e2e","","artifacts/php/composer.lock","N/A","2025-01-26T12:40:15.850Z","Active","moodle/moodle","v2.6.2","4.3.4, 4.2.7, 4.1.10","Yes","No","Yes","-","N/A","N/A"
"CVE-2024-34008","Moodle CSRF risk in analytics management of models","HIGH","billy-e2e","","artifacts/php/composer.lock","N/A","2025-01-26T12:40:15.850Z","Active","moodle/moodle","v2.6.2","4.3.4, 4.2.7, 4.1.10","Yes","No","Yes","-","N/A","N/A"
"CVE-2024-43425","Moodle Remote Code Execution vulnerability","HIGH","billy-e2e","","artifacts/php/composer.lock","N/A","2025-01-26T12:40:15.850Z","Active","moodle/moodle","v2.6.2","4.1.12, 4.2.9, 4.3.6, 4.4.2","Yes","No","Yes","-","N/A","N/A"
"CVE-2024-43434","Moodle has CSRF risk in Feedback non-respondents report","HIGH","billy-e2e","","artifacts/php/composer.lock","N/A","2025-01-26T12:40:15.850Z","Active","moodle/moodle","v2.6.2","4.1.12, 4.2.9, 4.3.6, 4.4.2","Yes","No","Yes","-","N/A","N/A"
"CVE-2014-0213","Moodle multiple cross-site request forgery (CSRF) vulnerabilities","MEDIUM","billy-e2e","","artifacts/php/composer.lock","N/A","2025-01-26T12:40:15.850Z","Active","moodle/moodle","v2.6.2","2.4.10, 2.5.6, 2.6.3","Yes","No","Yes","-","N/A","N/A"
"CVE-2014-0214","Moodle creates a MoodleMobile web-service token with an infinite lifetime","MEDIUM","billy-e2e","","artifacts/php/composer.lock","N/A","2025-01-26T12:40:15.850Z","Active","moodle/moodle","v2.6.2","2.4.10, 2.5.6, 2.6.3","Yes","No","Yes","-","N/A","N/A"
"CVE-2014-0215","Moodle Reveals Student Information Meant To Be Anonymous","MEDIUM","billy-e2e","","artifacts/php/composer.lock","N/A","2025-01-26T12:40:15.850Z","Active","moodle/moodle","v2.6.2","2.7.0, 2.5.6, 2.4.10","Yes","No","Yes","-","N/A","N/A"
"CVE-2014-0216","Moodle does not properly restrict file access","MEDIUM","billy-e2e","","artifacts/php/composer.lock","N/A","2025-01-26T12:40:15.850Z","Active","moodle/moodle","v2.6.2","2.4.10, 2.5.6, 2.6.3","Yes","No","Yes","-","N/A","N/A"
"CVE-2014-0217","Moodle does not check for the moodle/course:viewhiddencourses capability","MEDIUM","billy-e2e","","artifacts/php/composer.lock","N/A","2025-01-26T12:40:15.850Z","Active","moodle/moodle","v2.6.2","2.6.3","Yes","No","Yes","-","N/A","N/A"
"CVE-2014-0218","Moodle cross-site scripting (XSS) vulnerability","MEDIUM","billy-e2e","","artifacts/php/composer.lock","N/A","2025-01-26T12:40:15.850Z","Active","moodle/moodle","v2.6.2","2.4.10, 2.5.6, 2.6.3","Yes","No","Yes","-","N/A","N/A"
"CVE-2014-3542","Moodle allows remote attackers to read arbitrary files","MEDIUM","billy-e2e","","artifacts/php/composer.lock","N/A","2025-01-26T12:40:15.850Z","Active","moodle/moodle","v2.6.2","2.4.11, 2.5.7, 2.6.4, 2.7.1","Yes","No","Yes","-","N/A","N/A"
"CVE-2014-3543","Moodle Arbitrary File Read via XML External Entity vulnerability","MEDIUM","billy-e2e","","artifacts/php/composer.lock","N/A","2025-01-26T12:40:15.850Z","Active","moodle/moodle","v2.6.2","2.7.1, 2.6.4, 2.5.7, 2.4.11","Yes","No","Yes","-","N/A","N/A"
"CVE-2014-3545","Moodle remote code execution via quiz questions","MEDIUM","billy-e2e","","artifacts/php/composer.lock","N/A","2025-01-26T12:40:15.850Z","Active","moodle/moodle","v2.6.2","2.7.1, 2.6.4, 2.5.7, 2.4.11","Yes","No","Yes","-","N/A","N/A"
"CVE-2014-3546","Moodle allows attackers to obtain username and course information","MEDIUM","billy-e2e","","artifacts/php/composer.lock","N/A","2025-01-26T12:40:15.850Z","Active","moodle/moodle","v2.6.2","2.4.11, 2.5.7, 2.6.4, 2.7.1","Yes","No","Yes","-","N/A","N/A"
"CVE-2014-3547","Moodle multiple cross-site scripting (XSS) vulnerabilities","MEDIUM","billy-e2e","","artifacts/php/composer.lock","N/A","2025-01-26T12:40:15.850Z","Active","moodle/moodle","v2.6.2","2.5.7, 2.6.4, 2.7.1","Yes","No","Yes","-","N/A","N/A"
"CVE-2014-3548","Moodle multiple cross-site scripting (XSS) vulnerabilities","MEDIUM","billy-e2e","","artifacts/php/composer.lock","N/A","2025-01-26T12:40:15.850Z","Active","moodle/moodle","v2.6.2","2.4.11, 2.5.7, 2.6.4, 2.7.1","Yes","No","Yes","-","N/A","N/A"
"CVE-2014-3553","Moodle does not enforce the moodle/site:accessallgroups capability requirement","MEDIUM","billy-e2e","","artifacts/php/composer.lock","N/A","2025-01-26T12:40:15.850Z","Active","moodle/moodle","v2.6.2","2.5.7, 2.6.4, 2.7.1","Yes","No","Yes","-","N/A","N/A"
"CVE-2014-7832","Moodle allows attackers to bypass the mod/lti:view capability requirement","MEDIUM","billy-e2e","","artifacts/php/composer.lock","N/A","2025-01-26T12:40:15.850Z","Active","moodle/moodle","v2.6.2","2.5.9, 2.6.6, 2.7.3","Yes","No","Yes","-","N/A","N/A"
"CVE-2014-7833","Moodle allows attackers to obtain sensitive information","MEDIUM","billy-e2e","","artifacts/php/composer.lock","N/A","2025-01-26T12:40:15.850Z","Active","moodle/moodle","v2.6.2","2.5.9, 2.6.6, 2.7.3","Yes","No","Yes","-","N/A","N/A"
"CVE-2014-7834","Moodle does not verify group permissions","MEDIUM","billy-e2e","","artifacts/php/composer.lock","N/A","2025-01-26T12:40:15.850Z","Active","moodle/moodle","v2.6.2","2.6.6, 2.7.3","Yes","No","Yes","-","N/A","N/A"
"CVE-2014-7836","Moodle multiple cross-site request forgery (CSRF) vulnerabilities","MEDIUM","billy-e2e","","artifacts/php/composer.lock","N/A","2025-01-26T12:40:15.850Z","Active","moodle/moodle","v2.6.2","2.5.9, 2.6.6, 2.7.3","Yes","No","Yes","-","N/A","N/A"
"CVE-2014-7837","Moodle allows attackers to remove wiki pages","MEDIUM","billy-e2e","","artifacts/php/composer.lock","N/A","2025-01-26T12:40:15.850Z","Active","moodle/moodle","v2.6.2","2.5.9, 2.6.6, 2.7.3","Yes","No","Yes","-","N/A","N/A"
"CVE-2014-7838","Moodle has multiple cross-site request forgery (CSRF) vulnerabilities in the Forum module","MEDIUM","billy-e2e","","artifacts/php/composer.lock","N/A","2025-01-26T12:40:15.850Z","Active","moodle/moodle","v2.6.2","2.5.9, 2.6.6, 2.7.3","Yes","No","Yes","-","N/A","N/A"
"CVE-2014-7846","Moodle does not consider the moodle/tag:edit capability before adding a tag","MEDIUM","billy-e2e","","artifacts/php/composer.lock","N/A","2025-01-26T12:40:15.850Z","Active","moodle/moodle","v2.6.2","2.5.9, 2.6.6, 2.7.3","Yes","No","Yes","-","N/A","N/A"
"CVE-2014-7847","Moodle allows attackers to cause a denial of service","MEDIUM","billy-e2e","","artifacts/php/composer.lock","N/A","2025-01-26T12:40:15.850Z","Active","moodle/moodle","v2.6.2","2.5.9, 2.6.6, 2.7.3","Yes","No","Yes","-","N/A","N/A"
"CVE-2014-7848","Moodle allows attacks to obtain sensitive information","MEDIUM","billy-e2e","","artifacts/php/composer.lock","N/A","2025-01-26T12:40:15.850Z","Active","moodle/moodle","v2.6.2","2.6.6, 2.7.3","Yes","No","Yes","-","N/A","N/A"
"CVE-2014-9059","Moodle does not provide charset information in HTTP headers","MEDIUM","billy-e2e","","artifacts/php/composer.lock","N/A","2025-01-26T12:40:15.850Z","Active","moodle/moodle","v2.6.2","2.5.9, 2.6.6, 2.7.3","Yes","No","Yes","-","N/A","N/A"
"CVE-2014-9060","Moodle allows attackers to trigger the generation of arbitrary messages","MEDIUM","billy-e2e","","artifacts/php/composer.lock","N/A","2025-01-26T12:40:15.850Z","Active","moodle/moodle","v2.6.2","2.5.9, 2.6.6, 2.7.3","Yes","No","Yes","-","N/A","N/A"
"CVE-2015-0211","Moodle allows attackers to obtain sensitive information","MEDIUM","billy-e2e","","artifacts/php/composer.lock","N/A","2025-01-26T12:40:15.850Z","Active","moodle/moodle","v2.6.2","2.6.7, 2.7.4, 2.8.2","Yes","No","Yes","-","N/A","N/A"
"CVE-2015-0213","Moodle multiple cross-site request forgery (CSRF) vulnerabilities","MEDIUM","billy-e2e","","artifacts/php/composer.lock","N/A","2025-01-26T12:40:15.850Z","Active","moodle/moodle","v2.6.2","2.6.7, 2.7.4, 2.8.2","Yes","No","Yes","-","N/A","N/A"
"CVE-2015-0214","Moodle allows attackers to bypass a messaging-disabled setting","MEDIUM","billy-e2e","","artifacts/php/composer.lock","N/A","2025-01-26T12:40:15.850Z","Active","moodle/moodle","v2.6.2","2.6.7, 2.7.4, 2.8.2","Yes","No","Yes","-","N/A","N/A"
"CVE-2015-0215","Moodle allows attackers to obtain sensitive calendar-event information","MEDIUM","billy-e2e","","artifacts/php/composer.lock","N/A","2025-01-26T12:40:15.850Z","Active","moodle/moodle","v2.6.2","2.6.7, 2.7.4, 2.8.2","Yes","No","Yes","-","N/A","N/A"
"CVE-2015-0217","Moodle allows attackers to cause a denial of service","MEDIUM","billy-e2e","","artifacts/php/composer.lock","N/A","2025-01-26T12:40:15.850Z","Active","moodle/moodle","v2.6.2","2.6.7, 2.7.4, 2.8.2","Yes","No","Yes","-","N/A","N/A"
"CVE-2015-0218","Moodle cross-site request forgery (CSRF) vulnerability","MEDIUM","billy-e2e","","artifacts/php/composer.lock","N/A","2025-01-26T12:40:15.850Z","Active","moodle/moodle","v2.6.2","2.6.7, 2.7.4, 2.8.2","Yes","No","Yes","-","N/A","N/A"
"CVE-2015-1493","Moodle directory traversal vulnerability","MEDIUM","billy-e2e","","artifacts/php/composer.lock","N/A","2025-01-26T12:40:15.850Z","Active","moodle/moodle","v2.6.2","2.6.8, 2.7.5, 2.8.3","Yes","No","Yes","-","N/A","N/A"
"CVE-2015-2266","Moodle allows attackers to obtain sensitive personal-contact and unread-message-count information","MEDIUM","billy-e2e","","artifacts/php/composer.lock","N/A","2025-01-26T12:40:15.850Z","Active","moodle/moodle","v2.6.2","2.6.9, 2.7.6, 2.8.4","Yes","No","Yes","-","N/A","N/A"
"CVE-2015-2267","Moodle allows attackers to extract archives to arbitrary directories","MEDIUM","billy-e2e","","artifacts/php/composer.lock","N/A","2025-01-26T12:40:15.850Z","Active","moodle/moodle","v2.6.2","2.6.9, 2.7.6, 2.8.4","Yes","No","Yes","-","N/A","N/A"
"CVE-2015-5268","Moodle mishandles group-based authorization checks","MEDIUM","billy-e2e","","artifacts/php/composer.lock","N/A","2025-01-26T12:40:15.850Z","Active","moodle/moodle","v2.6.2","2.7.10, 2.8.8, 2.9.2","Yes","No","Yes","-","N/A","N/A"
"CVE-2015-2268","Moodle allows attackers to cause a denial of service","MEDIUM","billy-e2e","","artifacts/php/composer.lock","N/A","2025-01-26T12:40:15.850Z","Active","moodle/moodle","v2.6.2","2.6.9, 2.7.6, 2.8.4","Yes","No","Yes","-","N/A","N/A"
"CVE-2015-2270","Moodle allows attackers to obtain sensitive course information","MEDIUM","billy-e2e","","artifacts/php/composer.lock","N/A","2025-01-26T12:40:15.850Z","Active","moodle/moodle","v2.6.2","2.6.9, 2.7.6, 2.8.4","Yes","No","Yes","-","N/A","N/A"
"CVE-2015-2271","Moodle does not consider the moodle/tag:flag capability","MEDIUM","billy-e2e","","artifacts/php/composer.lock","N/A","2025-01-26T12:40:15.850Z","Active","moodle/moodle","v2.6.2","2.6.9, 2.7.6, 2.8.4","Yes","No","Yes","-","N/A","N/A"
"CVE-2015-2272","Moodle allows attackers to bypass a forced-password-change requirement","MEDIUM","billy-e2e","","artifacts/php/composer.lock","N/A","2025-01-26T12:40:15.850Z","Active","moodle/moodle","v2.6.2","2.6.9, 2.7.6, 2.8.4","Yes","No","Yes","-","N/A","N/A"
"CVE-2014-3551","Moodle multiple cross-site scripting (XSS) vulnerabilities","LOW","billy-e2e","","artifacts/php/composer.lock","N/A","2025-01-26T12:40:15.850Z","Active","moodle/moodle","v2.6.2","2.4.11, 2.5.7, 2.6.4, 2.7.1","Yes","No","Yes","-","N/A","N/A"
"CVE-2015-3175","Moodle Arbitrary Redirect","MEDIUM","billy-e2e","","artifacts/php/composer.lock","N/A","2025-01-26T12:40:15.850Z","Active","moodle/moodle","v2.6.2","2.6.11, 2.7.8, 2.8.6","Yes","No","Yes","-","N/A","N/A"
"CVE-2015-3176","Moodle allows attackers obtain full-name information","MEDIUM","billy-e2e","","artifacts/php/composer.lock","N/A","2025-01-26T12:40:15.850Z","Active","moodle/moodle","v2.6.2","2.6.11, 2.7.8, 2.8.6","Yes","No","Yes","-","N/A","N/A"
"CVE-2015-3180","Moodle allows attackers to obtain sensitive course-structure information","MEDIUM","billy-e2e","","artifacts/php/composer.lock","N/A","2025-01-26T12:40:15.850Z","Active","moodle/moodle","v2.6.2","2.6.11, 2.7.8, 2.8.6","Yes","No","Yes","-","N/A","N/A"
"CVE-2015-3181","Moodle allows attackers to bypass file-management restrictions","MEDIUM","billy-e2e","","artifacts/php/composer.lock","N/A","2025-01-26T12:40:15.850Z","Active","moodle/moodle","v2.6.2","2.6.11, 2.7.8, 2.8.6","Yes","No","Yes","-","N/A","N/A"
"CVE-2015-5269","Moodle cross-site scripting (XSS) vulnerability","MEDIUM","billy-e2e","","artifacts/php/composer.lock","N/A","2025-01-26T12:40:15.850Z","Active","moodle/moodle","v2.6.2","2.7.10, 2.8.8, 2.9.2","Yes","No","Yes","-","N/A","N/A"
"CVE-2015-5335","Moodle cross-site request forgery (CSRF) vulnerability","MEDIUM","billy-e2e","","artifacts/php/composer.lock","N/A","2025-01-26T12:40:15.850Z","Active","moodle/moodle","v2.6.2","2.7.11, 2.8.9, 2.9.3","Yes","No","Yes","-","N/A","N/A"
"CVE-2015-5336","Moodle multiple cross-site scripting (XSS) vulnerabilities","MEDIUM","billy-e2e","","artifacts/php/composer.lock","N/A","2025-01-26T12:40:15.850Z","Active","moodle/moodle","v2.6.2","2.7.11, 2.8.9, 2.9.3","Yes","No","Yes","-","N/A","N/A"
"CVE-2015-5337","Moodle XSS Vulnerability","MEDIUM","billy-e2e","","artifacts/php/composer.lock","N/A","2025-01-26T12:40:15.850Z","Active","moodle/moodle","v2.6.2","2.7.11, 2.8.9, 2.9.3","Yes","No","Yes","-","N/A","N/A"
"CVE-2015-5339","Moodle does not properly implement group-based access restrictions","MEDIUM","billy-e2e","","artifacts/php/composer.lock","N/A","2025-01-26T12:40:15.850Z","Active","moodle/moodle","v2.6.2","2.7.11, 2.8.9, 2.9.3","Yes","No","Yes","-","N/A","N/A"
"CVE-2015-5340","Moodle sensitive information disclosure","MEDIUM","billy-e2e","","artifacts/php/composer.lock","N/A","2025-01-26T12:40:15.850Z","Active","moodle/moodle","v2.6.2","2.7.11, 2.8.9, 2.9.3","Yes","No","Yes","-","N/A","N/A"
"CVE-2015-5341","Moodle allows attackers to read SCORM contents","MEDIUM","billy-e2e","","artifacts/php/composer.lock","N/A","2025-01-26T12:40:15.850Z","Active","moodle/moodle","v2.6.2","2.7.11, 2.8.9, 2.9.3","Yes","No","Yes","-","N/A","N/A"
"CVE-2015-5342","Moodle allows attackers to bypass intended access restrictions","MEDIUM","billy-e2e","","artifacts/php/composer.lock","N/A","2025-01-26T12:40:15.850Z","Active","moodle/moodle","v2.6.2","2.7.11, 2.8.9, 2.9.3","Yes","No","Yes","-","N/A","N/A"
"CVE-2016-0724","Moodle sensitive information disclosure","MEDIUM","billy-e2e","","artifacts/php/composer.lock","N/A","2025-01-26T12:40:15.850Z","Active","moodle/moodle","v2.6.2","2.7.12, 2.8.10, 2.9.4, 3.0.2","Yes","No","Yes","-","N/A","N/A"
"CVE-2016-2151","Moodle allows attackers to discover student e-mail addresses","MEDIUM","billy-e2e","","artifacts/php/composer.lock","N/A","2025-01-26T12:40:15.850Z","Active","moodle/moodle","v2.6.2","2.7.13, 2.8.11, 2.9.5, 3.0.3","Yes","No","Yes","-","N/A","N/A"
"CVE-2016-2156","Moodle provides calendar-event data without considering whether an activity is hidden","MEDIUM","billy-e2e","","artifacts/php/composer.lock","N/A","2025-01-26T12:40:15.850Z","Active","moodle/moodle","v2.6.2","2.7.13, 2.8.11, 2.9.5, 3.0.3","Yes","No","Yes","-","N/A","N/A"
"CVE-2016-2158","Moodle allows attackers to obtain sensitive category-detail information","MEDIUM","billy-e2e","","artifacts/php/composer.lock","N/A","2025-01-26T12:40:15.850Z","Active","moodle/moodle","v2.6.2","2.7.13, 2.8.11, 2.9.5, 3.0.3","Yes","No","Yes","-","N/A","N/A"
"CVE-2021-36399","Moodle Cross-site Scripting vulnerability","MEDIUM","billy-e2e","","artifacts/php/composer.lock","N/A","2025-01-26T12:40:15.850Z","Active","moodle/moodle","v2.6.2","3.11.1, 3.10.5, 3.9.8","Yes","No","Yes","-","N/A","N/A"
"CVE-2016-2190","Moodle sensitive information disclosure","MEDIUM","billy-e2e","","artifacts/php/composer.lock","N/A","2025-01-26T12:40:15.850Z","Active","moodle/moodle","v2.6.2","2.7.13, 2.8.11, 2.9.5, 3.0.3","Yes","No","Yes","-","N/A","N/A"
"CVE-2016-9188","Moodle XSS Vulnerability","MEDIUM","billy-e2e","","artifacts/php/composer.lock","N/A","2025-01-26T12:40:15.850Z","Active","moodle/moodle","v2.6.2","-","No","No","Yes","-","N/A","N/A"
"CVE-2017-12156","Moodle XSS Vulnerability","MEDIUM","billy-e2e","","artifacts/php/composer.lock","N/A","2025-01-26T12:40:15.850Z","Active","moodle/moodle","v2.6.2","3.3.2, 3.2.5, 3.1.8","Yes","No","Yes","-","N/A","N/A"
"CVE-2017-12157","Moodle sensitive information disclosure","MEDIUM","billy-e2e","","artifacts/php/composer.lock","N/A","2025-01-26T12:40:15.850Z","Active","moodle/moodle","v2.6.2","3.3.2, 3.2.5, 3.1.8","Yes","No","Yes","-","N/A","N/A"
"CVE-2017-7531","Moodle Information Disclosure","MEDIUM","billy-e2e","","artifacts/php/composer.lock","N/A","2025-01-26T12:40:15.850Z","Active","moodle/moodle","v2.6.2","3.3.1","Yes","No","Yes","-","N/A","N/A"
"CVE-2017-7532","Moodle Improper Privilege Management","MEDIUM","billy-e2e","","artifacts/php/composer.lock","N/A","2025-01-26T12:40:15.850Z","Active","moodle/moodle","v2.6.2","3.3.1, 3.2.4, 3.1.7","Yes","No","Yes","-","N/A","N/A"
"CVE-2019-10133","Moodle Open Redirect Vulnerability","MEDIUM","billy-e2e","","artifacts/php/composer.lock","N/A","2025-01-26T12:40:15.850Z","Active","moodle/moodle","v2.6.2","3.6.4, 3.5.6, 3.4.9, 3.1.18","Yes","No","Yes","-","N/A","N/A"
"CVE-2019-10188","moodle Improper Access Control","MEDIUM","billy-e2e","","artifacts/php/composer.lock","N/A","2025-01-26T12:40:15.850Z","Active","moodle/moodle","v2.6.2","3.5.7, 3.6.5, 3.7.1","Yes","No","Yes","-","N/A","N/A"
"CVE-2019-10189","moodle Improper Access Control","MEDIUM","billy-e2e","","artifacts/php/composer.lock","N/A","2025-01-26T12:40:15.850Z","Active","moodle/moodle","v2.6.2","3.7.1, 3.6.5, 3.5.7","Yes","No","Yes","-","N/A","N/A"
"CVE-2019-3808","Moodle XSS Vulnerability","MEDIUM","billy-e2e","","artifacts/php/composer.lock","N/A","2025-01-26T12:40:15.850Z","Active","moodle/moodle","v2.6.2","3.6.2, 3.5.4, 3.4.7, 3.1.16","Yes","No","Yes","-","N/A","N/A"
"CVE-2019-3847","Moodle XSS Vulnerability","MEDIUM","billy-e2e","","artifacts/php/composer.lock","N/A","2025-01-26T12:40:15.850Z","Active","moodle/moodle","v2.6.2","3.6.3, 3.5.5, 3.4.8, 3.1.17","Yes","No","Yes","-","N/A","N/A"
"CVE-2019-3850","Moodle Stored HTML in assignment submission comments allowed links to be opened directly","MEDIUM","billy-e2e","","artifacts/php/composer.lock","N/A","2025-01-26T12:40:15.850Z","Active","moodle/moodle","v2.6.2","3.1.17, 3.4.8, 3.5.5, 3.6.3","Yes","No","Yes","-","N/A","N/A"
"CVE-2020-1692","Cross-Site Request Forgery in Moodle","MEDIUM","billy-e2e","","artifacts/php/composer.lock","N/A","2025-01-26T12:40:15.850Z","Active","moodle/moodle","v2.6.2","3.7.2","Yes","No","Yes","-","N/A","N/A"
"CVE-2021-20283","Missing permission check in Moodle","MEDIUM","billy-e2e","","artifacts/php/composer.lock","N/A","2025-01-26T12:40:15.850Z","Active","moodle/moodle","v2.6.2","3.10.2, 3.9.5, 3.8.8, 3.5.17","Yes","No","Yes","-","N/A","N/A"
"CVE-2021-27131","Moodle vulnerable to stored Cross-site Scripting","MEDIUM","billy-e2e","","artifacts/php/composer.lock","N/A","2025-01-26T12:40:15.850Z","Active","moodle/moodle","v2.6.2","-","No","No","Yes","-","N/A","N/A"
"CVE-2021-36397","Moodle has Incorrect Default Permissions","MEDIUM","billy-e2e","","artifacts/php/composer.lock","N/A","2025-01-26T12:40:15.850Z","Active","moodle/moodle","v2.6.2","3.11.1, 3.10.5, 3.9.8","Yes","No","Yes","-","N/A","N/A"
"CVE-2021-36400","Moodle has Incorrect Default Permissions","MEDIUM","billy-e2e","","artifacts/php/composer.lock","N/A","2025-01-26T12:40:15.850Z","Active","moodle/moodle","v2.6.2","3.11.1, 3.10.5, 3.9.8","Yes","No","Yes","-","N/A","N/A"
"CVE-2021-36401","Moodle vulnerable to Stored Cross-site Scripting","MEDIUM","billy-e2e","","artifacts/php/composer.lock","N/A","2025-01-26T12:40:15.850Z","Active","moodle/moodle","v2.6.2","3.11.1, 3.10.5, 3.9.8","Yes","No","Yes","-","N/A","N/A"
"CVE-2021-36402","Moodle Improper Input Validation vulnerability","MEDIUM","billy-e2e","","artifacts/php/composer.lock","N/A","2025-01-26T12:40:15.850Z","Active","moodle/moodle","v2.6.2","3.11.1, 3.10.5, 3.9.8","Yes","No","Yes","-","N/A","N/A"
"CVE-2021-36403","Moodle has a Hidden Functionality vulnerability","MEDIUM","billy-e2e","","artifacts/php/composer.lock","N/A","2025-01-26T12:40:15.850Z","Active","moodle/moodle","v2.6.2","3.11.1, 3.10.5, 3.9.8","Yes","No","Yes","-","N/A","N/A"
"CVE-2021-36568","Moodle Cross-site Scripting vulnerability","MEDIUM","billy-e2e","","artifacts/php/composer.lock","N/A","2025-01-26T12:40:15.850Z","Active","moodle/moodle","v2.6.2","3.11.10","Yes","No","Yes","-","N/A","N/A"
"CVE-2022-0334","Insufficient user authorization in Moodle","MEDIUM","billy-e2e","","artifacts/php/composer.lock","N/A","2025-01-26T12:40:15.850Z","Active","moodle/moodle","v2.6.2","3.11.5, 3.10.8, 3.9.11","Yes","No","Yes","-","N/A","N/A"
"CVE-2022-0984","Missing authorization in Moodle","MEDIUM","billy-e2e","","artifacts/php/composer.lock","N/A","2025-01-26T12:40:15.850Z","Active","moodle/moodle","v2.6.2","3.11.6, 3.10.10, 3.9.13","Yes","No","Yes","-","N/A","N/A"
"CVE-2022-40208","Moodle may allow students to bypass sequential navigation during a quiz attempt","MEDIUM","billy-e2e","","artifacts/php/composer.lock","N/A","2025-01-26T12:40:15.850Z","Active","moodle/moodle","v2.6.2","4.0.3, 3.11.9, 3.9.16","Yes","No","Yes","-","N/A","N/A"
"CVE-2023-1402","Moodle may display roles to users who don't have access to them","MEDIUM","billy-e2e","","artifacts/php/composer.lock","N/A","2025-01-26T12:40:15.850Z","Active","moodle/moodle","v2.6.2","4.1.2, 4.0.7, 3.11.13, 3.9.20","Yes","No","Yes","-","N/A","N/A"
"CVE-2023-23921","Moodle Cross-site Scripting vulnerability","MEDIUM","billy-e2e","","artifacts/php/composer.lock","N/A","2025-01-26T12:40:15.850Z","Active","moodle/moodle","v2.6.2","3.9.19, 3.11.12, 4.0.6, 4.1.1","Yes","No","Yes","-","N/A","N/A"
"CVE-2023-28330","Moodle arbitrary file read vulnerability","MEDIUM","billy-e2e","","artifacts/php/composer.lock","N/A","2025-01-26T12:40:15.850Z","Active","moodle/moodle","v2.6.2","4.1.2, 4.0.7, 3.11.13, 3.9.20","Yes","No","Yes","-","N/A","N/A"
"CVE-2023-28331","Moodle vulnerable to Cross-site Scripting","MEDIUM","billy-e2e","","artifacts/php/composer.lock","N/A","2025-01-26T12:40:15.850Z","Active","moodle/moodle","v2.6.2","4.1.2, 4.0.7, 3.11.13, 3.9.20","Yes","No","Yes","-","N/A","N/A"
"CVE-2023-28332","Moodle vulnerable to Cross-site Scripting when algebra filter enabled but not functional","MEDIUM","billy-e2e","","artifacts/php/composer.lock","N/A","2025-01-26T12:40:15.850Z","Active","moodle/moodle","v2.6.2","4.1.2, 4.0.7, 3.11.13, 3.9.20","Yes","No","Yes","-","N/A","N/A"
"CVE-2023-28334","Moodle may allow authenticated users to enumerate other user's names via learning plans page","MEDIUM","billy-e2e","","artifacts/php/composer.lock","N/A","2025-01-26T12:40:15.850Z","Active","moodle/moodle","v2.6.2","4.1.2, 4.0.7, 3.11.13, 3.9.20","Yes","No","Yes","-","N/A","N/A"
"CVE-2023-28336","Moodle may allow teachers to access the names of users they could not otherwise access","MEDIUM","billy-e2e","","artifacts/php/composer.lock","N/A","2025-01-26T12:40:15.850Z","Active","moodle/moodle","v2.6.2","4.1.2, 4.0.7, 3.11.13, 3.9.20","Yes","No","Yes","-","N/A","N/A"
"CVE-2023-30943","Moodle External Control of File Name or Path vulnerability","MEDIUM","billy-e2e","","artifacts/php/composer.lock","N/A","2025-01-26T12:40:15.850Z","Active","moodle/moodle","v2.6.2","4.2.0-rc2","Yes","No","Yes","-","N/A","N/A"
"CVE-2023-35131","Moodle vulnerable to Cross-site Scripting","MEDIUM","billy-e2e","","artifacts/php/composer.lock","N/A","2025-01-26T12:40:15.850Z","Active","moodle/moodle","v2.6.2","4.2.1, 4.1.4, 4.0.9, 3.11.15","Yes","No","Yes","-","N/A","N/A"
"CVE-2023-35132","Moodle vulnerable to SQL Injection","MEDIUM","billy-e2e","","artifacts/php/composer.lock","N/A","2025-01-26T12:40:15.850Z","Active","moodle/moodle","v2.6.2","4.2.1, 4.1.4, 4.0.9, 3.11.15, 3.9.22","Yes","No","Yes","-","N/A","N/A"
"CVE-2023-5539","Moodle Code Injection vulnerability","MEDIUM","billy-e2e","","artifacts/php/composer.lock","N/A","2025-01-26T12:40:15.850Z","Active","moodle/moodle","v2.6.2","4.3.0-rc2","Yes","No","Yes","-","N/A","N/A"
"CVE-2023-5541","Moodle Cross-site Scripting vulnerability","MEDIUM","billy-e2e","","artifacts/php/composer.lock","N/A","2025-01-26T12:40:15.850Z","Active","moodle/moodle","v2.6.2","4.3.0-rc2","Yes","No","Yes","-","N/A","N/A"
"CVE-2023-5542","Moodle Improper Access Control vulnerability","MEDIUM","billy-e2e","","artifacts/php/composer.lock","N/A","2025-01-26T12:40:15.850Z","Active","moodle/moodle","v2.6.2","4.3.0-rc2","Yes","No","Yes","-","N/A","N/A"
"CVE-2023-5544","Moodle Cross-site Scripting vulnerability","MEDIUM","billy-e2e","","artifacts/php/composer.lock","N/A","2025-01-26T12:40:15.850Z","Active","moodle/moodle","v2.6.2","4.3.0-rc2","Yes","No","Yes","-","N/A","N/A"
"CVE-2023-5545","Moodle Exposure of Sensitive Information to an Unauthorized Actor vulnerability","MEDIUM","billy-e2e","","artifacts/php/composer.lock","N/A","2025-01-26T12:40:15.850Z","Active","moodle/moodle","v2.6.2","4.3.0-rc2","Yes","No","Yes","-","N/A","N/A"
"CVE-2023-5546","Moodle Cross-site Scripting vulnerability","MEDIUM","billy-e2e","","artifacts/php/composer.lock","N/A","2025-01-26T12:40:15.850Z","Active","moodle/moodle","v2.6.2","4.3.0-rc2","Yes","No","Yes","-","N/A","N/A"
"CVE-2023-5547","Moodle Cross-site Scripting vulnerability","MEDIUM","billy-e2e","","artifacts/php/composer.lock","N/A","2025-01-26T12:40:15.850Z","Active","moodle/moodle","v2.6.2","4.3.0-rc2","Yes","No","Yes","-","N/A","N/A"
"CVE-2023-5548","Moodle Acceptance of Extraneous Untrusted Data With Trusted Data vulnerability","MEDIUM","billy-e2e","","artifacts/php/composer.lock","N/A","2025-01-26T12:40:15.850Z","Active","moodle/moodle","v2.6.2","4.3.0-rc2","Yes","No","Yes","-","N/A","N/A"
"CVE-2023-5549","Moodle Improper Access Control vulnerability","MEDIUM","billy-e2e","","artifacts/php/composer.lock","N/A","2025-01-26T12:40:15.850Z","Active","moodle/moodle","v2.6.2","4.3.0-rc2","Yes","No","Yes","-","N/A","N/A"
"CVE-2023-5550","Moodle Code Injection vulnerability","MEDIUM","billy-e2e","","artifacts/php/composer.lock","N/A","2025-01-26T12:40:15.850Z","Active","moodle/moodle","v2.6.2","4.3.0-rc2, 4.2.3, 4.1.6, 4.0.11, 3.11.17, 3.9.24","Yes","No","Yes","-","N/A","N/A"
"CVE-2024-1439","Moodle Improper Access Control vulnerability","MEDIUM","billy-e2e","","artifacts/php/composer.lock","N/A","2025-01-26T12:40:15.850Z","Active","moodle/moodle","v2.6.2","-","No","No","Yes","-","N/A","N/A"
"CVE-2024-25979","Improper Handling of Parameters in moodle","MEDIUM","billy-e2e","","artifacts/php/composer.lock","N/A","2025-01-26T12:40:15.850Z","Active","moodle/moodle","v2.6.2","4.3.3, 4.2.6, 4.1.9","Yes","No","Yes","-","N/A","N/A"
"CVE-2024-25980","Improper Access Control in moodle","MEDIUM","billy-e2e","","artifacts/php/composer.lock","N/A","2025-01-26T12:40:15.850Z","Active","moodle/moodle","v2.6.2","4.3.3, 4.2.6, 4.1.9","Yes","No","Yes","-","N/A","N/A"
"CVE-2024-25981","Improper Access Control in moodle","MEDIUM","billy-e2e","","artifacts/php/composer.lock","N/A","2025-01-26T12:40:15.850Z","Active","moodle/moodle","v2.6.2","4.3.3, 4.2.6, 4.1.9","Yes","No","Yes","-","N/A","N/A"
"CVE-2024-25983","Authorization Bypass in moodle","MEDIUM","billy-e2e","","artifacts/php/composer.lock","N/A","2025-01-26T12:40:15.850Z","Active","moodle/moodle","v2.6.2","4.3.3, 4.2.6, 4.1.9","Yes","No","Yes","-","N/A","N/A"
"CVE-2024-28593","Cross-site Scripting in Moodle Chat","MEDIUM","billy-e2e","","artifacts/php/composer.lock","N/A","2025-01-26T12:40:15.850Z","Active","moodle/moodle","v2.6.2","-","No","No","Yes","-","N/A","N/A"
"CVE-2024-29374","moodle: A Cross-Site Scripting (XSS) vulnerability in ""?lang"" parameter","MEDIUM","billy-e2e","","artifacts/php/composer.lock","N/A","2025-01-26T12:40:15.850Z","Active","moodle/moodle","v2.6.2","-","No","No","Yes","-","N/A","N/A"
"CVE-2024-33996","Moodle broken access control when setting calendar event type","MEDIUM","billy-e2e","","artifacts/php/composer.lock","N/A","2025-01-26T12:40:15.850Z","Active","moodle/moodle","v2.6.2","4.3.4, 4.2.7, 4.1.10","Yes","No","Yes","-","N/A","N/A"
"CVE-2024-33997","Moodle stored Cross-site Scripting (XSS)","MEDIUM","billy-e2e","","artifacts/php/composer.lock","N/A","2025-01-26T12:40:15.850Z","Active","moodle/moodle","v2.6.2","4.3.4, 4.2.7, 4.1.10","Yes","No","Yes","-","N/A","N/A"
"CVE-2024-33998","Moodle Cross-site Scripting (XSS)","MEDIUM","billy-e2e","","artifacts/php/composer.lock","N/A","2025-01-26T12:40:15.850Z","Active","moodle/moodle","v2.6.2","4.3.4, 4.2.7, 4.1.10","Yes","No","Yes","-","N/A","N/A"
"CVE-2024-34000","Moodle Cross-site Scripting (XSS)","MEDIUM","billy-e2e","","artifacts/php/composer.lock","N/A","2025-01-26T12:40:15.850Z","Active","moodle/moodle","v2.6.2","4.3.4, 4.2.7, 4.1.10","Yes","No","Yes","-","N/A","N/A"
"CVE-2024-34003","Moodle Authenticated LFI risk in some misconfigured shared hosting environments","MEDIUM","billy-e2e","","artifacts/php/composer.lock","N/A","2025-01-26T12:40:15.850Z","Active","moodle/moodle","v2.6.2","4.3.4, 4.2.7, 4.1.10","Yes","No","Yes","-","N/A","N/A"
"CVE-2024-34004","Moodle Authenticated LFI risk in some misconfigured shared hosting environments","MEDIUM","billy-e2e","","artifacts/php/composer.lock","N/A","2025-01-26T12:40:15.850Z","Active","moodle/moodle","v2.6.2","4.3.4, 4.2.7, 4.1.10","Yes","No","Yes","-","N/A","N/A"
"CVE-2024-34006","Moodle Unsanitized HTML in site log for config_log_created","MEDIUM","billy-e2e","","artifacts/php/composer.lock","N/A","2025-01-26T12:40:15.850Z","Active","moodle/moodle","v2.6.2","4.3.4, 4.2.7, 4.1.10","Yes","No","Yes","-","N/A","N/A"
"CVE-2024-38273","Moodle BigBlueButton web service leaks meeting joining information","MEDIUM","billy-e2e","","artifacts/php/composer.lock","N/A","2025-01-26T12:40:15.850Z","Active","moodle/moodle","v2.6.2","4.4.1, 4.3.5, 4.2.8, 4.1.11","Yes","No","Yes","-","N/A","N/A"
"CVE-2024-38274","Moodle stored XSS via calendar's event title when deleting the event","MEDIUM","billy-e2e","","artifacts/php/composer.lock","N/A","2025-01-26T12:40:15.850Z","Active","moodle/moodle","v2.6.2","4.4.1, 4.3.5, 4.2.8, 4.1.11","Yes","No","Yes","-","N/A","N/A"
"CVE-2024-38275","Moodle HTTP authorization header is preserved between ""emulated redirects""","MEDIUM","billy-e2e","","artifacts/php/composer.lock","N/A","2025-01-26T12:40:15.850Z","Active","moodle/moodle","v2.6.2","4.4.1, 4.3.5, 4.2.8, 4.1.11","Yes","No","Yes","-","N/A","N/A"
"CVE-2024-38276","Moodle CSRF risks due to misuse of confirm_sesskey","MEDIUM","billy-e2e","","artifacts/php/composer.lock","N/A","2025-01-26T12:40:15.850Z","Active","moodle/moodle","v2.6.2","4.4.1, 4.3.5, 4.2.8, 4.1.11","Yes","No","Yes","-","N/A","N/A"
"CVE-2024-38277","Moodle uses the same key for QR login and auto-login","MEDIUM","billy-e2e","","artifacts/php/composer.lock","N/A","2025-01-26T12:40:15.850Z","Active","moodle/moodle","v2.6.2","4.4.1, 4.3.5, 4.2.8, 4.1.11","Yes","No","Yes","-","N/A","N/A"
"CVE-2024-43426","Moodle has arbitrary file read risk through pdfTeX","MEDIUM","billy-e2e","","artifacts/php/composer.lock","N/A","2025-01-26T12:40:15.850Z","Active","moodle/moodle","v2.6.2","4.1.12, 4.2.9, 4.3.6, 4.4.2","Yes","No","Yes","-","N/A","N/A"
"CVE-2014-3544","Moodle cross-site scripting (XSS) vulnerability","LOW","billy-e2e","","artifacts/php/composer.lock","N/A","2025-01-26T12:40:15.850Z","Active","moodle/moodle","v2.6.2","2.4.11, 2.5.7, 2.6.4, 2.7.1","Yes","No","Yes","-","N/A","N/A"
"CVE-2024-43428","Moodle vulnerable to cache poisoning via injection into storage","MEDIUM","billy-e2e","","artifacts/php/composer.lock","N/A","2025-01-26T12:40:15.850Z","Active","moodle/moodle","v2.6.2","4.1.12, 4.2.9, 4.3.6, 4.4.2","Yes","No","Yes","-","N/A","N/A"
"CVE-2024-43431","Moodle's IDOR in badges allows deletion of arbitrary badges","MEDIUM","billy-e2e","","artifacts/php/composer.lock","N/A","2025-01-26T12:40:15.850Z","Active","moodle/moodle","v2.6.2","4.1.12, 4.2.9, 4.3.6, 4.4.2","Yes","No","Yes","-","N/A","N/A"
"CVE-2024-43436","Moodle vulnerable to site administration SQL injection via XMLDB editor","MEDIUM","billy-e2e","","artifacts/php/composer.lock","N/A","2025-01-26T12:40:15.850Z","Active","moodle/moodle","v2.6.2","4.1.12, 4.2.9, 4.3.6, 4.4.2","Yes","No","Yes","-","N/A","N/A"
"CVE-2024-43438","Moodle's IDOR in Feedback non-respondents report allows messaging arbitrary site users","MEDIUM","billy-e2e","","artifacts/php/composer.lock","N/A","2025-01-26T12:40:15.850Z","Active","moodle/moodle","v2.6.2","4.1.12, 4.2.9, 4.3.6, 4.4.2","Yes","No","Yes","-","N/A","N/A"
"CVE-2024-43440","Moodle LFI vulnerability when restoring malformed block backups","MEDIUM","billy-e2e","","artifacts/php/composer.lock","N/A","2025-01-26T12:40:15.850Z","Active","moodle/moodle","v2.6.2","4.1.12, 4.2.9, 4.3.6, 4.4.2","Yes","No","Yes","-","N/A","N/A"
"CVE-2024-45689","Moodle allows users to retrieve information they did not have permission to access","MEDIUM","billy-e2e","","artifacts/php/composer.lock","N/A","2025-01-26T12:40:15.850Z","Active","moodle/moodle","v2.6.2","4.1.13, 4.2.10, 4.3.7, 4.4.3","Yes","No","Yes","-","N/A","N/A"
"CVE-2024-45690","Moodle IDOR when deleting OAuth2 linked accounts","MEDIUM","billy-e2e","","artifacts/php/composer.lock","N/A","2025-01-26T12:40:15.850Z","Active","moodle/moodle","v2.6.2","4.1.13, 4.2.10, 4.3.7, 4.4.3","Yes","No","Yes","-","N/A","N/A"
"CVE-2024-45691","Moodle Lesson activity password bypass through PHP loose comparison","MEDIUM","billy-e2e","","artifacts/php/composer.lock","N/A","2025-01-26T12:40:15.850Z","Active","moodle/moodle","v2.6.2","4.1.13, 4.2.10, 4.3.7, 4.4.3","Yes","No","Yes","-","N/A","N/A"
"CVE-2024-48896","Moodle leaks user names","MEDIUM","billy-e2e","","artifacts/php/composer.lock","N/A","2025-01-26T12:40:15.850Z","Active","moodle/moodle","v2.6.2","4.1.14, 4.2.11, 4.3.8, 4.4.4","Yes","No","Yes","-","N/A","N/A"
"CVE-2024-48897","moodle: IDOR in edit/delete RSS feed","MEDIUM","billy-e2e","","artifacts/php/composer.lock","N/A","2025-01-26T12:40:15.850Z","Active","moodle/moodle","v2.6.2","4.1.14, 4.2.11, 4.3.8, 4.4.4","Yes","No","Yes","-","N/A","N/A"
"CVE-2024-48898","moodle: Some users can delete audiences of other reports","MEDIUM","billy-e2e","","artifacts/php/composer.lock","N/A","2025-01-26T12:40:15.850Z","Active","moodle/moodle","v2.6.2","4.1.14, 4.2.11, 4.3.8, 4.4.4","Yes","No","Yes","-","N/A","N/A"
"CVE-2024-48901","moodle: IDOR when fetching report schedules","MEDIUM","billy-e2e","","artifacts/php/composer.lock","N/A","2025-01-26T12:40:15.850Z","Active","moodle/moodle","v2.6.2","4.1.14, 4.2.11, 4.3.8, 4.4.4","Yes","No","Yes","-","N/A","N/A"
"CVE-2014-7830","Moodle cross-site scripting (XSS) vulnerability","LOW","billy-e2e","","artifacts/php/composer.lock","N/A","2025-01-26T12:40:15.850Z","Active","moodle/moodle","v2.6.2","2.5.9, 2.6.6, 2.7.3","Yes","No","Yes","-","N/A","N/A"
"CVE-2014-7835","Moodle allows attackers to upload files containing JavaScript","LOW","billy-e2e","","artifacts/php/composer.lock","N/A","2025-01-26T12:40:15.850Z","Active","moodle/moodle","v2.6.2","2.6.6, 2.7.3","Yes","No","Yes","-","N/A","N/A"
"CVE-2015-0212","Moodle cross-site scripting (XSS) vulnerability","LOW","billy-e2e","","artifacts/php/composer.lock","N/A","2025-01-26T12:40:15.850Z","Active","moodle/moodle","v2.6.2","2.6.7, 2.7.4, 2.8.2","Yes","No","Yes","-","N/A","N/A"
"CVE-2015-2269","Moodle XSS Vulnerability","LOW","billy-e2e","","artifacts/php/composer.lock","N/A","2025-01-26T12:40:15.850Z","Active","moodle/moodle","v2.6.2","2.6.9, 2.7.6, 2.8.4","Yes","No","Yes","-","N/A","N/A"
"CVE-2015-3174","Moodle does not set the RISK_XSS bit for graders","LOW","billy-e2e","","artifacts/php/composer.lock","N/A","2025-01-26T12:40:15.850Z","Active","moodle/moodle","v2.6.2","2.6.11, 2.7.8, 2.8.6","Yes","No","Yes","-","N/A","N/A"
"CVE-2015-3178","Moodle cross-site scripting (XSS) vulnerability","LOW","billy-e2e","","artifacts/php/composer.lock","N/A","2025-01-26T12:40:15.850Z","Active","moodle/moodle","v2.6.2","2.6.11, 2.7.8, 2.8.6","Yes","No","Yes","-","N/A","N/A"
"CVE-2015-3179","Moodle allows attackers to bypass intended login restrictions","LOW","billy-e2e","","artifacts/php/composer.lock","N/A","2025-01-26T12:40:15.850Z","Active","moodle/moodle","v2.6.2","2.6.11, 2.7.8, 2.8.6","Yes","No","Yes","-","N/A","N/A"
"CVE-2023-5551","Moodle Exposure of Sensitive Information to an Unauthorized Actor vulnerability","LOW","billy-e2e","","artifacts/php/composer.lock","N/A","2025-01-26T12:40:15.850Z","Active","moodle/moodle","v2.6.2","4.3.0-rc2, 4.2.3, 4.1.6, 4.0.11, 3.11.17, 3.9.24","Yes","No","Yes","-","N/A","N/A"
"CVE-2024-43427","Moodle admin presets export tool includes some secrets that should not be exported","LOW","billy-e2e","","artifacts/php/composer.lock","N/A","2025-01-26T12:40:15.850Z","Active","moodle/moodle","v2.6.2","4.4.2, 4.3.6, 4.2.9, 4.1.12","Yes","No","Yes","-","N/A","N/A"
"CVE-2024-43429","Moodle has user information visibility control issues in gradebook reports","LOW","billy-e2e","","artifacts/php/composer.lock","N/A","2025-01-26T12:40:15.850Z","Active","moodle/moodle","v2.6.2","4.4.2, 4.3.6, 4.2.9, 4.1.12","Yes","No","Yes","-","N/A","N/A"
"CVE-2024-43432","Moodle authorization headers preserved between ""emulated redirects""","LOW","billy-e2e","","artifacts/php/composer.lock","N/A","2025-01-26T12:40:15.850Z","Active","moodle/moodle","v2.6.2","4.4.2, 4.3.6, 4.2.9, 4.1.12","Yes","No","Yes","-","N/A","N/A"
"CVE-2024-43435","Moodle has insufficient capability checks","LOW","billy-e2e","","artifacts/php/composer.lock","N/A","2025-01-26T12:40:15.850Z","Active","moodle/moodle","v2.6.2","4.4.2, 4.3.6, 4.2.9, 4.1.12","Yes","No","Yes","-","N/A","N/A"
"CVE-2024-43437","Moodle Cross-site Scripting vulnerability","LOW","billy-e2e","","artifacts/php/composer.lock","N/A","2025-01-26T12:40:15.850Z","Active","moodle/moodle","v2.6.2","4.4.2, 4.3.6, 4.2.9, 4.1.12","Yes","No","Yes","-","N/A","N/A"
"CVE-2024-47889","rubygem-actionmailer: Possible ReDoS vulnerability in block_format in Action Mailer","LOW","billy-e2e","","artifacts/ruby/gemspec/Gemfile.lock","N/A","2025-01-26T12:40:15.850Z","Active","actionmailer","6.0.0","~>6.1.7.9, ~>7.0.8.5, ~>7.1.4, >=7.1.4.1, >=7.2.1.1","Yes","No","No","acl9@3.1.0","N/A","N/A"
"CVE-2020-8164","rubygem-actionpack: possible strong parameters bypass","HIGH","billy-e2e","","artifacts/ruby/gemspec/Gemfile.lock","N/A","2025-01-26T12:40:15.850Z","Active","actionpack","6.0.0","~>5.2.4, >=5.2.4.3, >=6.0.3.1","Yes","No","No","acl9@3.1.0","N/A","N/A"
"CVE-2021-22885","rubygem-actionpack: Possible Information Disclosure / Unintended Method Execution in Action Pack","HIGH","billy-e2e","","artifacts/ruby/gemspec/Gemfile.lock","N/A","2025-01-26T12:40:15.850Z","Active","actionpack","6.0.0","~>5.2.4.6, ~>5.2.6, ~>6.0.3, >=6.0.3.7, >=6.1.3.2","Yes","No","No","acl9@3.1.0","N/A","N/A"
"CVE-2021-22902","rails: Possible Denial of Service vulnerability in Action Dispatch","HIGH","billy-e2e","","artifacts/ruby/gemspec/Gemfile.lock","N/A","2025-01-26T12:40:15.850Z","Active","actionpack","6.0.0","~>6.0.3, >=6.0.3.7, >=6.1.3.2","Yes","No","No","acl9@3.1.0","N/A","N/A"
"CVE-2021-22904","rails: Possible DoS Vulnerability in Action Controller Token Authentication","HIGH","billy-e2e","","artifacts/ruby/gemspec/Gemfile.lock","N/A","2025-01-26T12:40:15.850Z","Active","actionpack","6.0.0","~>5.2.4.6, ~>5.2.6, ~>6.0.3, >=6.0.3.7, >=6.1.3.2","Yes","No","No","acl9@3.1.0","N/A","N/A"
"CVE-2021-22942","rubygem-actionpack: possible open redirect in the Host Authorization middleware","HIGH","billy-e2e","","artifacts/ruby/gemspec/Gemfile.lock","N/A","2025-01-26T12:40:15.850Z","Active","actionpack","6.0.0","~>6.0.4, >=6.0.4.1, >=6.1.4.1","Yes","No","No","acl9@3.1.0","N/A","N/A"
"CVE-2022-23633","rubygem-actionpack: information leak between requests","HIGH","billy-e2e","","artifacts/ruby/gemspec/Gemfile.lock","N/A","2025-01-26T12:40:15.850Z","Active","actionpack","6.0.0","~>5.2.6, >=5.2.6.2, ~>6.0.4, >=6.0.4.6, ~>6.1.4, >=6.1.4.6, >=7.0.2.2","Yes","No","No","acl9@3.1.0","N/A","N/A"
"CVE-2023-22792","rubygem-actionpack: Denial of Service in Action Dispatch","HIGH","billy-e2e","","artifacts/ruby/gemspec/Gemfile.lock","N/A","2025-01-26T12:40:15.850Z","Active","actionpack","6.0.0","~>5.2.8, >=5.2.8.15, ~>6.1.7, >=6.1.7.1, >=7.0.4.1","Yes","No","No","acl9@3.1.0","N/A","N/A"
"CVE-2023-22795","rubygem-actionpack: Denial of Service in Action Dispatch","HIGH","billy-e2e","","artifacts/ruby/gemspec/Gemfile.lock","N/A","2025-01-26T12:40:15.850Z","Active","actionpack","6.0.0","~>5.2.8, >=5.2.8.15, ~>6.1.7, >=6.1.7.1, >=7.0.4.1","Yes","No","No","acl9@3.1.0","N/A","N/A"
"CVE-2020-8166","rubygem-actionpack: ability to forge per-form CSRF tokens given a global CSRF token","MEDIUM","billy-e2e","","artifacts/ruby/gemspec/Gemfile.lock","N/A","2025-01-26T12:40:15.850Z","Active","actionpack","6.0.0","~>5.2.4, >=5.2.4.3, >=6.0.3.1","Yes","No","No","acl9@3.1.0","N/A","N/A"
"CVE-2020-8185","rubygem-rails: untrusted users able to run pending migrations in production","MEDIUM","billy-e2e","","artifacts/ruby/gemspec/Gemfile.lock","N/A","2025-01-26T12:40:15.850Z","Active","actionpack","6.0.0",">=6.0.3.2","Yes","No","No","acl9@3.1.0","N/A","N/A"
"CVE-2020-8264","rubygem-actionpack: possible XSS vulnerability in Action Pack in development mode","MEDIUM","billy-e2e","","artifacts/ruby/gemspec/Gemfile.lock","N/A","2025-01-26T12:40:15.850Z","Active","actionpack","6.0.0",">=6.0.3.4","Yes","No","No","acl9@3.1.0","N/A","N/A"
"CVE-2021-22881","rubygem-actionpack: open redirect vulnerability may lead to confidentiality and integrity compromise","MEDIUM","billy-e2e","","artifacts/ruby/gemspec/Gemfile.lock","N/A","2025-01-26T12:40:15.850Z","Active","actionpack","6.0.0","~>6.0.3, >=6.0.3.5, >=6.1.2.1","Yes","No","No","acl9@3.1.0","N/A","N/A"
"CVE-2021-44528","rubygem-actionpack: specially crafted ""X-Forwarded-Host"" headers may lead to open redirect","MEDIUM","billy-e2e","","artifacts/ruby/gemspec/Gemfile.lock","N/A","2025-01-26T12:40:15.850Z","Active","actionpack","6.0.0","~>6.0.4, >=6.0.4.2, ~>6.1.4, >=6.1.4.2, >=7.0.0.rc2","Yes","No","No","acl9@3.1.0","N/A","N/A"
"CVE-2022-22577","rubygem-actionpack: Possible cross-site scripting vulnerability in Action Pack","MEDIUM","billy-e2e","","artifacts/ruby/gemspec/Gemfile.lock","N/A","2025-01-26T12:40:15.850Z","Active","actionpack","6.0.0","~>5.2.7, >=5.2.7.1, ~>6.0.4, >=6.0.4.8, ~>6.1.5, >=6.1.5.1, >=7.0.2.4","Yes","No","No","acl9@3.1.0","N/A","N/A"
"CVE-2023-28362","actionpack: Possible XSS via User Supplied Values to redirect_to","MEDIUM","billy-e2e","","artifacts/ruby/gemspec/Gemfile.lock","N/A","2025-01-26T12:40:15.850Z","Active","actionpack","6.0.0","~>6.1.7.4, >=7.0.5.1","Yes","No","No","acl9@3.1.0","N/A","N/A"
"CVE-2024-54133","actionpack: Possible Content Security Policy bypass in Action Dispatch","MEDIUM","billy-e2e","","artifacts/ruby/gemspec/Gemfile.lock","N/A","2025-01-26T12:40:15.850Z","Active","actionpack","6.0.0","~>7.0.8.7, ~>7.1.5.1, ~>7.2.2.1, >=8.0.0.1","Yes","No","No","acl9@3.1.0","N/A","N/A"
"CVE-2024-41128","rubygem-actionpack: Possible ReDoS vulnerability in query parameter filtering in Action Dispatch","LOW","billy-e2e","","artifacts/ruby/gemspec/Gemfile.lock","N/A","2025-01-26T12:40:15.850Z","Active","actionpack","6.0.0","~>6.1.7.9, ~>7.0.8.5, ~>7.1.4, >=7.1.4.1, >=7.2.1.1","Yes","No","No","acl9@3.1.0","N/A","N/A"
"CVE-2024-47887","rubygem-actionpack: Possible ReDoS vulnerability in HTTP Token authentication in Action Controller","LOW","billy-e2e","","artifacts/ruby/gemspec/Gemfile.lock","N/A","2025-01-26T12:40:15.850Z","Active","actionpack","6.0.0","~>6.1.7.9, ~>7.0.8.5, ~>7.1.4, >=7.1.4.1, >=7.2.1.1","Yes","No","No","acl9@3.1.0","N/A","N/A"
"CVE-2024-47888","rubygem-actiontext: Possible ReDoS vulnerability in plain_text_for_blockquote_node in Action Text","LOW","billy-e2e","","artifacts/ruby/gemspec/Gemfile.lock","N/A","2025-01-26T12:40:15.850Z","Active","actiontext","6.0.0","~>6.1.7.9, ~>7.0.8.5, ~>7.1.4, >=7.1.4.1, >=7.2.1.1","Yes","No","No","acl9@3.1.0","N/A","N/A"
"CVE-2023-23913","rails: DOM Based Cross-site Scripting in rails-ujs for contenteditable HTML Elements","HIGH","billy-e2e","","artifacts/ruby/gemspec/Gemfile.lock","N/A","2025-01-26T12:40:15.850Z","Active","actionview","6.0.0","~>6.1.7.3, >=7.0.4.3","Yes","No","No","acl9@3.1.0","N/A","N/A"
"CVE-2020-15169","rubygem-activeview: Cross-site scripting in translation helpers","MEDIUM","billy-e2e","","artifacts/ruby/gemspec/Gemfile.lock","N/A","2025-01-26T12:40:15.850Z","Active","actionview","6.0.0","~>5.2.4, >=5.2.4.4, >=6.0.3.3","Yes","No","No","acl9@3.1.0","N/A","N/A"
"CVE-2020-5267","rubygem-actionview: views that use the `j` or `escape_javascript` methods are susceptible to XSS attacks","MEDIUM","billy-e2e","","artifacts/ruby/gemspec/Gemfile.lock","N/A","2025-01-26T12:40:15.850Z","Active","actionview","6.0.0","~>5.2.4, >=5.2.4.2, >=6.0.2.2","Yes","No","No","acl9@3.1.0","N/A","N/A"
"CVE-2020-8167","rubygem-actionview: CSRF vulnerability in rails-ujs","MEDIUM","billy-e2e","","artifacts/ruby/gemspec/Gemfile.lock","N/A","2025-01-26T12:40:15.850Z","Active","actionview","6.0.0","~>5.2.4, >=5.2.4.3, >=6.0.3.1","Yes","No","No","acl9@3.1.0","N/A","N/A"
"CVE-2022-27777","tfm-rubygem-actionview: Possible cross-site scripting vulnerability in Action View tag helpers","MEDIUM","billy-e2e","","artifacts/ruby/gemspec/Gemfile.lock","N/A","2025-01-26T12:40:15.850Z","Active","actionview","6.0.0","~>5.2.7, >=5.2.7.1, ~>6.0.4, >=6.0.4.8, ~>6.1.5, >=6.1.5.1, >=7.0.2.4","Yes","No","No","acl9@3.1.0","N/A","N/A"
"CVE-2022-32224","activerecord: Possible RCE escalation bug with Serialized Columns in Active Record","CRITICAL","billy-e2e","","artifacts/ruby/gemspec/Gemfile.lock","N/A","2025-01-26T12:40:15.850Z","Active","activerecord","6.0.0","~>5.2.8, >=5.2.8.1, ~>6.0.5, >=6.0.5.1, ~>6.1.6, >=6.1.6.1, >=7.0.3.1","Yes","No","No","acl9@3.1.0","N/A","N/A"
"CVE-2021-22880","rubygem-activerecord: crafted input may cause a regular expression DoS","MEDIUM","billy-e2e","","artifacts/ruby/gemspec/Gemfile.lock","N/A","2025-01-26T12:40:15.850Z","Active","activerecord","6.0.0","~>5.2.4, >=5.2.4.5, ~>6.0.3, >=6.0.3.5, >=6.1.2.1","Yes","No","No","acl9@3.1.0","N/A","N/A"
"CVE-2022-21831","rubygem-activestorage: Code injection vulnerability in ActiveStorage","CRITICAL","billy-e2e","","artifacts/ruby/gemspec/Gemfile.lock","N/A","2025-01-26T12:40:15.850Z","Active","activestorage","6.0.0","~>5.2.6, >=5.2.6.3, ~>6.0.4, >=6.0.4.7, ~>6.1.4, >=6.1.4.7, >=7.0.2.3","Yes","No","No","acl9@3.1.0","N/A","N/A"
"CVE-2020-8162","rubygem-activestorage: circumvention of file size limits in ActiveStorage","HIGH","billy-e2e","","artifacts/ruby/gemspec/Gemfile.lock","N/A","2025-01-26T12:40:15.850Z","Active","activestorage","6.0.0","~>5.2.4, >=5.2.4.3, >=6.0.3.1","Yes","No","No","acl9@3.1.0","N/A","N/A"
"CVE-2024-26144","rubygem-activestorage: Possible Sensitive Session Information Leak in Active Storage","MEDIUM","billy-e2e","","artifacts/ruby/gemspec/Gemfile.lock","N/A","2025-01-26T12:40:15.850Z","Active","activestorage","6.0.0","~>6.1.7, >=6.1.7.7, >=7.0.8.1","Yes","No","No","acl9@3.1.0","N/A","N/A"
"CVE-2023-28120","rubygem-activesupport: Possible XSS in SafeBuffer#bytesplice","MEDIUM","billy-e2e","","artifacts/ruby/gemspec/Gemfile.lock","N/A","2025-01-26T12:40:15.850Z","Active","activesupport","6.0.0","~>6.1.7, >=6.1.7.3, >=7.0.4.3","Yes","No","No","acl9@3.1.0","N/A","N/A"
"CVE-2023-38037","rubygem-activesupport: File Disclosure of Locally Encrypted Files","MEDIUM","billy-e2e","","artifacts/ruby/gemspec/Gemfile.lock","N/A","2025-01-26T12:40:15.850Z","Active","activesupport","6.0.0","~>6.1.7, >=6.1.7.5, >=7.0.7.1","Yes","No","No","acl9@3.1.0","N/A","N/A"
"CVE-2023-22799","rubygem-globalid: ReDoS vulnerability","HIGH","billy-e2e","","artifacts/ruby/gemspec/Gemfile.lock","N/A","2025-01-26T12:40:15.850Z","Active","globalid","0.4.2",">=1.0.1","Yes","No","No","acl9@3.1.0","N/A","N/A"
"CVE-2022-23514","rubygem-loofah: inefficient regular expression leading to denial of service","HIGH","billy-e2e","","artifacts/ruby/gemspec/Gemfile.lock","N/A","2025-01-26T12:40:15.850Z","Active","loofah","2.2.3",">=2.19.1","Yes","No","No","acl9@3.1.0","N/A","N/A"
"CVE-2022-23516","rubygem-loofah: Uncontrolled Recursion leading to denial of service","HIGH","billy-e2e","","artifacts/ruby/gemspec/Gemfile.lock","N/A","2025-01-26T12:40:15.850Z","Active","loofah","2.2.3",">=2.19.1","Yes","No","No","acl9@3.1.0","N/A","N/A"
"CVE-2019-15587","rubygem-loofah: XXS when a crafted SVG element is republished","MEDIUM","billy-e2e","","artifacts/ruby/gemspec/Gemfile.lock","N/A","2025-01-26T12:40:15.850Z","Active","loofah","2.2.3",">=2.3.1","Yes","No","No","acl9@3.1.0","N/A","N/A"
"CVE-2022-23515","rubygem-loofah: Improper neutralization of data URIs leading to Cross Site Scripting","MEDIUM","billy-e2e","","artifacts/ruby/gemspec/Gemfile.lock","N/A","2025-01-26T12:40:15.850Z","Active","loofah","2.2.3",">=2.19.1","Yes","No","No","acl9@3.1.0","N/A","N/A"
"CVE-2018-25032","zlib: A flaw found in zlib when compressing (not decompressing) certain inputs","HIGH","billy-e2e","","artifacts/ruby/gemspec/Gemfile.lock","N/A","2025-01-26T12:40:15.850Z","Active","nokogiri","1.10.4",">=1.13.4","Yes","No","No","acl9@3.1.0","N/A","N/A"
"CVE-2019-13118","libxslt: read of uninitialized stack data due to too narrow xsl:number instruction and an invalid character","HIGH","billy-e2e","","artifacts/ruby/gemspec/Gemfile.lock","N/A","2025-01-26T12:40:15.850Z","Active","nokogiri","1.10.4",">=1.10.5","Yes","No","No","acl9@3.1.0","N/A","N/A"
"CVE-2019-5815","chromium-browser: Heap buffer overflow in Blink","HIGH","billy-e2e","","artifacts/ruby/gemspec/Gemfile.lock","N/A","2025-01-26T12:40:15.850Z","Active","nokogiri","1.10.4",">=1.10.5","Yes","No","No","acl9@3.1.0","N/A","N/A"
"CVE-2020-7595","libxml2: infinite loop in xmlStringLenDecodeEntities in some end-of-file situations","HIGH","billy-e2e","","artifacts/ruby/gemspec/Gemfile.lock","N/A","2025-01-26T12:40:15.850Z","Active","nokogiri","1.10.4",">=1.10.8","Yes","No","No","acl9@3.1.0","N/A","N/A"
"CVE-2021-30560","Use after free in Blink XSLT in Google Chrome prior to 91.0.4472.164 a ...","HIGH","billy-e2e","","artifacts/ruby/gemspec/Gemfile.lock","N/A","2025-01-26T12:40:15.850Z","Active","nokogiri","1.10.4",">=1.13.2","Yes","No","No","acl9@3.1.0","N/A","N/A"
"CVE-2021-3517","libxml2: Heap-based buffer overflow in xmlEncodeEntitiesInternal() in entities.c","HIGH","billy-e2e","","artifacts/ruby/gemspec/Gemfile.lock","N/A","2025-01-26T12:40:15.850Z","Active","nokogiri","1.10.4",">=1.11.4","Yes","No","No","acl9@3.1.0","N/A","N/A"
"CVE-2021-3518","libxml2: Use-after-free in xmlXIncludeDoProcess() in xinclude.c","HIGH","billy-e2e","","artifacts/ruby/gemspec/Gemfile.lock","N/A","2025-01-26T12:40:15.850Z","Active","nokogiri","1.10.4",">=1.11.4","Yes","No","No","acl9@3.1.0","N/A","N/A"
"CVE-2021-41098","rubygem-nokogiri: XEE on JRuby","HIGH","billy-e2e","","artifacts/ruby/gemspec/Gemfile.lock","N/A","2025-01-26T12:40:15.850Z","Active","nokogiri","1.10.4",">=1.12.5","Yes","No","No","acl9@3.1.0","N/A","N/A"
"CVE-2022-24836","nokogiri: ReDoS in HTML encoding detection","HIGH","billy-e2e","","artifacts/ruby/gemspec/Gemfile.lock","N/A","2025-01-26T12:40:15.850Z","Active","nokogiri","1.10.4",">=1.13.4","Yes","No","No","acl9@3.1.0","N/A","N/A"
"CVE-2022-24839","nokogiri: Uncontrolled Resource Consumption in org.cyberneko.html (nokogiri fork)","HIGH","billy-e2e","","artifacts/ruby/gemspec/Gemfile.lock","N/A","2025-01-26T12:40:15.850Z","Active","nokogiri","1.10.4",">=1.13.4","Yes","No","No","acl9@3.1.0","N/A","N/A"
"CVE-2022-29181","rubygem-nokogiri: Improper Handling of Unexpected Data Type in Nokogiri","HIGH","billy-e2e","","artifacts/ruby/gemspec/Gemfile.lock","N/A","2025-01-26T12:40:15.850Z","Active","nokogiri","1.10.4",">=1.13.6","Yes","No","No","acl9@3.1.0","N/A","N/A"
"GHSA-7rrm-v45f-jp64","Update packaged dependency libxml2 from 2.9.10 to 2.9.12","HIGH","billy-e2e","","artifacts/ruby/gemspec/Gemfile.lock","N/A","2025-01-26T12:40:15.850Z","Active","nokogiri","1.10.4",">=1.11.4","Yes","No","No","acl9@3.1.0","N/A","N/A"
"GHSA-gx8x-g87m-h5q6","Denial of Service (DoS) in Nokogiri on JRuby","HIGH","billy-e2e","","artifacts/ruby/gemspec/Gemfile.lock","N/A","2025-01-26T12:40:15.850Z","Active","nokogiri","1.10.4","1.13.4","Yes","No","No","acl9@3.1.0","N/A","N/A"
"GHSA-v6gp-9mmm-c6p5","Out-of-bounds Write in zlib affects Nokogiri","HIGH","billy-e2e","","artifacts/ruby/gemspec/Gemfile.lock","N/A","2025-01-26T12:40:15.850Z","Active","nokogiri","1.10.4","1.13.4","Yes","No","No","acl9@3.1.0","N/A","N/A"
"CVE-2019-13117","libxslt: an xsl number with certain format strings could lead to a uninitialized read in xsltNumberFormatInsertNumbers","MEDIUM","billy-e2e","","artifacts/ruby/gemspec/Gemfile.lock","N/A","2025-01-26T12:40:15.850Z","Active","nokogiri","1.10.4",">=1.10.5","Yes","No","No","acl9@3.1.0","N/A","N/A"
"CVE-2021-3537","libxml2: NULL pointer dereference when post-validating mixed content parsed in recovery mode","MEDIUM","billy-e2e","","artifacts/ruby/gemspec/Gemfile.lock","N/A","2025-01-26T12:40:15.850Z","Active","nokogiri","1.10.4",">=1.11.4","Yes","No","No","acl9@3.1.0","N/A","N/A"
"CVE-2022-23437","xerces-j2: infinite loop when handling specially crafted XML document payloads","MEDIUM","billy-e2e","","artifacts/ruby/gemspec/Gemfile.lock","N/A","2025-01-26T12:40:15.850Z","Active","nokogiri","1.10.4",">=1.13.4","Yes","No","No","acl9@3.1.0","N/A","N/A"
"GHSA-pxvg-2qj5-37jq","Update packaged libxml2 to v2.10.4 to resolve multiple CVEs","MEDIUM","billy-e2e","","artifacts/ruby/gemspec/Gemfile.lock","N/A","2025-01-26T12:40:15.850Z","Active","nokogiri","1.10.4",">=1.14.3","Yes","No","No","acl9@3.1.0","N/A","N/A"
"GHSA-vcc3-rw6f-jv97","Use-after-free in libxml2 via Nokogiri::XML::Reader","MEDIUM","billy-e2e","","artifacts/ruby/gemspec/Gemfile.lock","N/A","2025-01-26T12:40:15.850Z","Active","nokogiri","1.10.4","1.15.6, 1.16.2","Yes","No","No","acl9@3.1.0","N/A","N/A"
"GHSA-xc9x-jj77-9p9j","Use-after-free in libxml2 via Nokogiri::XML::Reader","MEDIUM","billy-e2e","","artifacts/ruby/gemspec/Gemfile.lock","N/A","2025-01-26T12:40:15.850Z","Active","nokogiri","1.10.4","~>1.15.6, >=1.16.2","Yes","No","No","acl9@3.1.0","N/A","N/A"
"GHSA-xxx9-3xcr-gjj3","XML Injection in Xerces Java affects Nokogiri","MEDIUM","billy-e2e","","artifacts/ruby/gemspec/Gemfile.lock","N/A","2025-01-26T12:40:15.850Z","Active","nokogiri","1.10.4","1.13.4","Yes","No","No","acl9@3.1.0","N/A","N/A"
"CVE-2020-26247","rubygem-nokogiri: XML external entity injection via Nokogiri::XML::Schema","LOW","billy-e2e","","artifacts/ruby/gemspec/Gemfile.lock","N/A","2025-01-26T12:40:15.850Z","Active","nokogiri","1.10.4",">=1.11.0.rc4","Yes","No","No","acl9@3.1.0","N/A","N/A"
"GHSA-r95h-9x8f-r3f7","Nokogiri updates packaged libxml2 to v2.12.7 to resolve CVE-2024-34459","LOW","billy-e2e","","artifacts/ruby/gemspec/Gemfile.lock","N/A","2025-01-26T12:40:15.850Z","Active","nokogiri","1.10.4",">=1.16.5","Yes","No","No","acl9@3.1.0","N/A","N/A"
"CVE-2022-30123","rubygem-rack: crafted requests can cause shell escape sequences","CRITICAL","billy-e2e","","artifacts/ruby/gemspec/Gemfile.lock","N/A","2025-01-26T12:40:15.850Z","Active","rack","2.0.7","~>2.0.9, >=2.0.9.1, ~>2.1.4, >=2.1.4.1, >=2.2.3.1","Yes","No","No","acl9@3.1.0","N/A","N/A"
"CVE-2020-8161","rubygem-rack: directory traversal in Rack::Directory","HIGH","billy-e2e","","artifacts/ruby/gemspec/Gemfile.lock","N/A","2025-01-26T12:40:15.850Z","Active","rack","2.0.7","~>2.1.3, >=2.2.0","Yes","No","No","acl9@3.1.0","N/A","N/A"
"CVE-2020-8184","rubygem-rack: percent-encoded cookies can be used to overwrite existing prefixed cookie names","HIGH","billy-e2e","","artifacts/ruby/gemspec/Gemfile.lock","N/A","2025-01-26T12:40:15.850Z","Active","rack","2.0.7","~>2.1.4, >=2.2.3","Yes","No","No","acl9@3.1.0","N/A","N/A"
"CVE-2022-30122","rubygem-rack: crafted multipart POST request may cause a DoS","HIGH","billy-e2e","","artifacts/ruby/gemspec/Gemfile.lock","N/A","2025-01-26T12:40:15.850Z","Active","rack","2.0.7","~>2.0.9, >=2.0.9.1, ~>2.1.4, >=2.1.4.1, >=2.2.3.1","Yes","No","No","acl9@3.1.0","N/A","N/A"
"CVE-2022-44570","rubygem-rack: denial of service in Content-Disposition parsing","HIGH","billy-e2e","","artifacts/ruby/gemspec/Gemfile.lock","N/A","2025-01-26T12:40:15.850Z","Active","rack","2.0.7","~>2.0.9, >=2.0.9.2, ~>2.1.4, >=2.1.4.2, ~>2.2.6, >=2.2.6.2, >=3.0.4.1","Yes","No","No","acl9@3.1.0","N/A","N/A"
"CVE-2022-44571","rubygem-rack: denial of service in Content-Disposition parsing","HIGH","billy-e2e","","artifacts/ruby/gemspec/Gemfile.lock","N/A","2025-01-26T12:40:15.850Z","Active","rack","2.0.7","~>2.0.9, >=2.0.9.2, ~>2.1.4, >=2.1.4.2, ~>2.2.6, >=2.2.6.1, >=3.0.4.1","Yes","No","No","acl9@3.1.0","N/A","N/A"
"CVE-2022-44572","rubygem-rack: denial of service in Content-Disposition parsing","HIGH","billy-e2e","","artifacts/ruby/gemspec/Gemfile.lock","N/A","2025-01-26T12:40:15.850Z","Active","rack","2.0.7","~>2.0.9, >=2.0.9.2, ~>2.1.4, >=2.1.4.2, ~>2.2.6, >=2.2.6.1, >=3.0.4.1","Yes","No","No","acl9@3.1.0","N/A","N/A"
"CVE-2023-27530","rubygem-rack: Denial of service in Multipart MIME parsing","HIGH","billy-e2e","","artifacts/ruby/gemspec/Gemfile.lock","N/A","2025-01-26T12:40:15.850Z","Active","rack","2.0.7","~>2.0.9, >=2.0.9.3, ~>2.1.4, >=2.1.4.3, ~>2.2.6, >=2.2.6.3, >=3.0.4.2","Yes","No","No","acl9@3.1.0","N/A","N/A"
"CVE-2019-16782","rubygem-rack: hijack sessions by using timing attacks targeting the session id","MEDIUM","billy-e2e","","artifacts/ruby/gemspec/Gemfile.lock","N/A","2025-01-26T12:40:15.850Z","Active","rack","2.0.7","~>1.6.12, >=2.0.8","Yes","No","No","acl9@3.1.0","N/A","N/A"
"CVE-2023-27539","rubygem-rack: denial of service in header parsing","MEDIUM","billy-e2e","","artifacts/ruby/gemspec/Gemfile.lock","N/A","2025-01-26T12:40:15.850Z","Active","rack","2.0.7","~>2.0, >=2.2.6.4, >=3.0.6.1","Yes","No","No","acl9@3.1.0","N/A","N/A"
"CVE-2024-25126","rubygem-rack: Denial of Service Vulnerability in Rack Content-Type Parsing","MEDIUM","billy-e2e","","artifacts/ruby/gemspec/Gemfile.lock","N/A","2025-01-26T12:40:15.850Z","Active","rack","2.0.7","~>2.2.8, >=2.2.8.1, >=3.0.9.1","Yes","No","No","acl9@3.1.0","N/A","N/A"
"CVE-2024-26141","rubygem-rack: Possible DoS Vulnerability with Range Header in Rack","MEDIUM","billy-e2e","","artifacts/ruby/gemspec/Gemfile.lock","N/A","2025-01-26T12:40:15.850Z","Active","rack","2.0.7","~>2.2.8, >=2.2.8.1, >=3.0.9.1","Yes","No","No","acl9@3.1.0","N/A","N/A"
"CVE-2024-26146","rubygem-rack: Possible Denial of Service Vulnerability in Rack Header Parsing","MEDIUM","billy-e2e","","artifacts/ruby/gemspec/Gemfile.lock","N/A","2025-01-26T12:40:15.850Z","Active","rack","2.0.7","~>2.0.9, >=2.0.9.4, ~>2.1.4, >=2.1.4.4, ~>2.2.8, >=2.2.8.1, >=3.0.9.1","Yes","No","No","acl9@3.1.0","N/A","N/A"
"CVE-2022-23517","rubygem-rails-html-sanitizer: Inefficient Regular Expression leading to denial of service","HIGH","billy-e2e","","artifacts/ruby/gemspec/Gemfile.lock","N/A","2025-01-26T12:40:15.850Z","Active","rails-html-sanitizer","1.2.0",">=1.4.4","Yes","No","No","acl9@3.1.0","N/A","N/A"
"CVE-2022-23518","rubygem-rails-html-sanitizer: Improper neutralization of data URIs leading to Cross site scripting","MEDIUM","billy-e2e","","artifacts/ruby/gemspec/Gemfile.lock","N/A","2025-01-26T12:40:15.850Z","Active","rails-html-sanitizer","1.2.0",">=1.4.4","Yes","No","No","acl9@3.1.0","N/A","N/A"
"CVE-2022-23519","rubygem-rails-html-sanitizer: Cross site scripting vulnerability with certain configurations","MEDIUM","billy-e2e","","artifacts/ruby/gemspec/Gemfile.lock","N/A","2025-01-26T12:40:15.850Z","Active","rails-html-sanitizer","1.2.0",">=1.4.4","Yes","No","No","acl9@3.1.0","N/A","N/A"
"CVE-2022-23520","rubygem-rails-html-sanitizer: Cross site scripting vulnerability with certain configurations","MEDIUM","billy-e2e","","artifacts/ruby/gemspec/Gemfile.lock","N/A","2025-01-26T12:40:15.850Z","Active","rails-html-sanitizer","1.2.0",">=1.4.4","Yes","No","No","acl9@3.1.0","N/A","N/A"
"CVE-2022-32209","rubygem-rails-html-sanitizer: possible xss with certain configurations","MEDIUM","billy-e2e","","artifacts/ruby/gemspec/Gemfile.lock","N/A","2025-01-26T12:40:15.850Z","Active","rails-html-sanitizer","1.2.0",">=1.4.3","Yes","No","No","acl9@3.1.0","N/A","N/A"
"CVE-2022-31163","rubygem-tzinfo: arbitrary code execution","HIGH","billy-e2e","","artifacts/ruby/gemspec/Gemfile.lock","N/A","2025-01-26T12:40:15.850Z","Active","tzinfo","1.2.5","~>0.3.61, >=1.2.10","Yes","No","No","acl9@3.1.0","N/A","N/A"
"CVE-2020-7663","rubygem-websocket-extensions: ReDoS vulnerability in Sec-WebSocket-Extensions parser","HIGH","billy-e2e","","artifacts/ruby/gemspec/Gemfile.lock","N/A","2025-01-26T12:40:15.850Z","Active","websocket-extensions","0.1.4",">=0.1.5","Yes","No","No","acl9@3.1.0","N/A","N/A"
"CVE-2024-27285","yard: Cross-site scripting in the frams.erb template file","MEDIUM","billy-e2e","","artifacts/ruby/gemspec/Gemfile.lock","N/A","2025-01-26T12:40:15.850Z","Active","yard","0.9.20",">=0.9.36","Yes","No","Yes","-","N/A","N/A"
"CVE-2024-39338","axios: axios: Server-Side Request Forgery","HIGH","mor-sast-check-final","https://bitbucket8.aquaseclabs.com:8090/bitbucket/projects/AR/repos/mor-sast-check-final/browse/package.json?at=56d4eb225bc5dbc35f09935325e5ad9ad48d53fb#23","package.json","23","2025-01-26T12:42:39.872Z","Active","axios","1.5.1","1.7.4","Yes","No","Yes","-","N/A","N/A"
"CVE-2023-45857","axios: exposure of confidential data stored in cookies","MEDIUM","mor-sast-check-final","https://bitbucket8.aquaseclabs.com:8090/bitbucket/projects/AR/repos/mor-sast-check-final/browse/package.json?at=56d4eb225bc5dbc35f09935325e5ad9ad48d53fb#23","package.json","23","2025-01-26T12:42:39.872Z","Active","axios","1.5.1","1.6.0, 0.28.0","Yes","No","Yes","-","N/A","N/A"
"NSWG-ECO-428","Out-of-bounds Read","HIGH","mor-sast-check-final","https://bitbucket8.aquaseclabs.com:8090/bitbucket/projects/AR/repos/mor-sast-check-final/browse/package.json?at=56d4eb225bc5dbc35f09935325e5ad9ad48d53fb#24","package.json","24","2025-01-26T12:42:39.872Z","Active","base64url","0.0.6",">=3.0.0","Yes","No","No","jsonwebtoken@0.4.0","N/A","N/A"
"GHSA-rvg8-pwq2-xj7q","Out-of-bounds Read in base64url","MEDIUM","mor-sast-check-final","https://bitbucket8.aquaseclabs.com:8090/bitbucket/projects/AR/repos/mor-sast-check-final/browse/package.json?at=56d4eb225bc5dbc35f09935325e5ad9ad48d53fb#24","package.json","24","2025-01-26T12:42:39.872Z","Active","base64url","0.0.6","3.0.0","Yes","No","No","jsonwebtoken@0.4.0","N/A","N/A"
"CVE-2015-9235","nodejs-jsonwebtoken: verification step bypass with an altered token","CRITICAL","mor-sast-check-final","https://bitbucket8.aquaseclabs.com:8090/bitbucket/projects/AR/repos/mor-sast-check-final/browse/package.json?at=56d4eb225bc5dbc35f09935325e5ad9ad48d53fb#24","package.json","24","2025-01-26T12:42:39.872Z","Active","jsonwebtoken","0.4.0","4.2.2","Yes","No","Yes","-","N/A","N/A"
"CVE-2022-23539","jsonwebtoken: Unrestricted key type could lead to legacy keys usagen","HIGH","mor-sast-check-final","https://bitbucket8.aquaseclabs.com:8090/bitbucket/projects/AR/repos/mor-sast-check-final/browse/package.json?at=56d4eb225bc5dbc35f09935325e5ad9ad48d53fb#24","package.json","24","2025-01-26T12:42:39.872Z","Active","jsonwebtoken","0.4.0","9.0.0","Yes","No","Yes","-","N/A","N/A"
"NSWG-ECO-17","Verification Bypass","HIGH","mor-sast-check-final","https://bitbucket8.aquaseclabs.com:8090/bitbucket/projects/AR/repos/mor-sast-check-final/browse/package.json?at=56d4eb225bc5dbc35f09935325e5ad9ad48d53fb#24","package.json","24","2025-01-26T12:42:39.872Z","Active","jsonwebtoken","0.4.0",">=4.2.2","Yes","No","Yes","-","N/A","N/A"
"CVE-2022-23540","jsonwebtoken: Insecure default algorithm in jwt.verify() could lead to signature validation bypass","MEDIUM","mor-sast-check-final","https://bitbucket8.aquaseclabs.com:8090/bitbucket/projects/AR/repos/mor-sast-check-final/browse/package.json?at=56d4eb225bc5dbc35f09935325e5ad9ad48d53fb#24","package.json","24","2025-01-26T12:42:39.872Z","Active","jsonwebtoken","0.4.0","9.0.0","Yes","No","Yes","-","N/A","N/A"
"CVE-2022-23541","jsonwebtoken: Insecure implementation of key retrieval function could lead to Forgeable Public/Private Tokens from RSA to HMAC","MEDIUM","mor-sast-check-final","https://bitbucket8.aquaseclabs.com:8090/bitbucket/projects/AR/repos/mor-sast-check-final/browse/package.json?at=56d4eb225bc5dbc35f09935325e5ad9ad48d53fb#24","package.json","24","2025-01-26T12:42:39.872Z","Active","jsonwebtoken","0.4.0","9.0.0","Yes","No","Yes","-","N/A","N/A"
"CVE-2016-1000223","Forgeable Public/Private Tokens","HIGH","mor-sast-check-final","https://bitbucket8.aquaseclabs.com:8090/bitbucket/projects/AR/repos/mor-sast-check-final/browse/package.json?at=56d4eb225bc5dbc35f09935325e5ad9ad48d53fb#24","package.json","24","2025-01-26T12:42:39.872Z","Active","jws","0.2.6",">=3.0.0","Yes","No","No","jsonwebtoken@0.4.0","N/A","N/A"
"CVE-2021-3749","nodejs-axios: Regular expression denial of service in trim function","HIGH","trivy-plugin-e2e","https://bitbucket8.aquaseclabs.com:8090/bitbucket/projects/AR/repos/trivy-plugin-e2e/browse/files_for_integration/push_files/package.json?at=95b8c1a7573f44a7965aa7973759f723a1c0016b#16","files_for_integration/push_files/package.json","16","2025-01-26T12:45:10.858Z","Active","axios","0.19.2","0.21.2","Yes","No","Yes","-","N/A","N/A"
"CVE-2020-28168","nodejs-axios: allows an attacker to bypass a proxy by providing a URL that responds with a redirect to a restricted host or IP address","MEDIUM","trivy-plugin-e2e","https://bitbucket8.aquaseclabs.com:8090/bitbucket/projects/AR/repos/trivy-plugin-e2e/browse/files_for_integration/push_files/package.json?at=95b8c1a7573f44a7965aa7973759f723a1c0016b#16","files_for_integration/push_files/package.json","16","2025-01-26T12:45:10.858Z","Active","axios","0.19.2","0.21.1","Yes","No","Yes","-","N/A","N/A"
"CVE-2023-45857","axios: exposure of confidential data stored in cookies","MEDIUM","trivy-plugin-e2e","https://bitbucket8.aquaseclabs.com:8090/bitbucket/projects/AR/repos/trivy-plugin-e2e/browse/files_for_integration/push_files/package.json?at=95b8c1a7573f44a7965aa7973759f723a1c0016b#16","files_for_integration/push_files/package.json","16","2025-01-26T12:45:10.858Z","Active","axios","0.19.2","1.6.0, 0.28.0","Yes","No","Yes","-","N/A","N/A"
"CVE-2024-45590","body-parser: Denial of Service Vulnerability in body-parser","HIGH","trivy-plugin-e2e","https://bitbucket8.aquaseclabs.com:8090/bitbucket/projects/AR/repos/trivy-plugin-e2e/browse/files_for_integration/push_files/package.json?at=95b8c1a7573f44a7965aa7973759f723a1c0016b#13","files_for_integration/push_files/package.json","13","2025-01-26T12:45:10.858Z","Active","body-parser","1.20.0","1.20.3","Yes","No","No","express@4.18.1","N/A","N/A"
"CVE-2024-47764","cookie: cookie accepts cookie name, path, and domain with out of bounds characters","LOW","trivy-plugin-e2e","https://bitbucket8.aquaseclabs.com:8090/bitbucket/projects/AR/repos/trivy-plugin-e2e/browse/files_for_integration/push_files/package.json?at=95b8c1a7573f44a7965aa7973759f723a1c0016b#13","files_for_integration/push_files/package.json","13","2025-01-26T12:45:10.858Z","Active","cookie","0.5.0","0.7.0","Yes","No","No","express@4.18.1","N/A","N/A"
"CVE-2024-29041","express: cause malformed URLs to be evaluated","MEDIUM","trivy-plugin-e2e","https://bitbucket8.aquaseclabs.com:8090/bitbucket/projects/AR/repos/trivy-plugin-e2e/browse/files_for_integration/push_files/package.json?at=95b8c1a7573f44a7965aa7973759f723a1c0016b#13","files_for_integration/push_files/package.json","13","2025-01-26T12:45:10.858Z","Active","express","4.18.1","4.19.2, 5.0.0-beta.3","Yes","No","Yes","-","N/A","N/A"
"CVE-2024-43796","express: Improper Input Handling in Express Redirects","LOW","trivy-plugin-e2e","https://bitbucket8.aquaseclabs.com:8090/bitbucket/projects/AR/repos/trivy-plugin-e2e/browse/files_for_integration/push_files/package.json?at=95b8c1a7573f44a7965aa7973759f723a1c0016b#13","files_for_integration/push_files/package.json","13","2025-01-26T12:45:10.858Z","Active","express","4.18.1","4.20.0, 5.0.0","Yes","No","Yes","-","N/A","N/A"
"CVE-2022-0155","follow-redirects: Exposure of Private Personal Information to an Unauthorized Actor","HIGH","trivy-plugin-e2e","https://bitbucket8.aquaseclabs.com:8090/bitbucket/projects/AR/repos/trivy-plugin-e2e/browse/files_for_integration/push_files/package.json?at=95b8c1a7573f44a7965aa7973759f723a1c0016b#16","files_for_integration/push_files/package.json","16","2025-01-26T12:45:10.858Z","Active","follow-redirects","1.5.10","1.14.7","Yes","No","No","axios@0.19.2","N/A","N/A"
"CVE-2022-0536","follow-redirects: Exposure of Sensitive Information via Authorization Header leak","MEDIUM","trivy-plugin-e2e","https://bitbucket8.aquaseclabs.com:8090/bitbucket/projects/AR/repos/trivy-plugin-e2e/browse/files_for_integration/push_files/package.json?at=95b8c1a7573f44a7965aa7973759f723a1c0016b#16","files_for_integration/push_files/package.json","16","2025-01-26T12:45:10.858Z","Active","follow-redirects","1.5.10","1.14.8","Yes","No","No","axios@0.19.2","N/A","N/A"
"CVE-2023-26159","follow-redirects: Improper Input Validation due to the improper handling of URLs by the url.parse()","MEDIUM","trivy-plugin-e2e","https://bitbucket8.aquaseclabs.com:8090/bitbucket/projects/AR/repos/trivy-plugin-e2e/browse/files_for_integration/push_files/package.json?at=95b8c1a7573f44a7965aa7973759f723a1c0016b#16","files_for_integration/push_files/package.json","16","2025-01-26T12:45:10.858Z","Active","follow-redirects","1.5.10","1.15.4","Yes","No","No","axios@0.19.2","N/A","N/A"
"CVE-2024-28849","follow-redirects: Possible credential leak","MEDIUM","trivy-plugin-e2e","https://bitbucket8.aquaseclabs.com:8090/bitbucket/projects/AR/repos/trivy-plugin-e2e/browse/files_for_integration/push_files/package.json?at=95b8c1a7573f44a7965aa7973759f723a1c0016b#16","files_for_integration/push_files/package.json","16","2025-01-26T12:45:10.858Z","Active","follow-redirects","1.5.10","1.15.6","Yes","No","No","axios@0.19.2","N/A","N/A"
"CVE-2024-45296","path-to-regexp: Backtracking regular expressions cause ReDoS","HIGH","trivy-plugin-e2e","https://bitbucket8.aquaseclabs.com:8090/bitbucket/projects/AR/repos/trivy-plugin-e2e/browse/files_for_integration/push_files/package.json?at=95b8c1a7573f44a7965aa7973759f723a1c0016b#13","files_for_integration/push_files/package.json","13","2025-01-26T12:45:10.858Z","Active","path-to-regexp","0.1.7","1.9.0, 0.1.10, 8.0.0, 3.3.0, 6.3.0","Yes","No","No","express@4.18.1","N/A","N/A"
"CVE-2024-52798","path-to-regexp: path-to-regexp Unpatched `path-to-regexp` ReDoS in 0.1.x","HIGH","trivy-plugin-e2e","https://bitbucket8.aquaseclabs.com:8090/bitbucket/projects/AR/repos/trivy-plugin-e2e/browse/files_for_integration/push_files/package.json?at=95b8c1a7573f44a7965aa7973759f723a1c0016b#13","files_for_integration/push_files/package.json","13","2025-01-26T12:45:10.858Z","Active","path-to-regexp","0.1.7","0.1.12","Yes","No","No","express@4.18.1","N/A","N/A"
"CVE-2024-43799","send: Code Execution Vulnerability in Send Library","LOW","trivy-plugin-e2e","https://bitbucket8.aquaseclabs.com:8090/bitbucket/projects/AR/repos/trivy-plugin-e2e/browse/files_for_integration/push_files/package.json?at=95b8c1a7573f44a7965aa7973759f723a1c0016b#13","files_for_integration/push_files/package.json","13","2025-01-26T12:45:10.858Z","Active","send","0.18.0","0.19.0","Yes","No","No","express@4.18.1","N/A","N/A"
"CVE-2024-43800","serve-static: Improper Sanitization in serve-static","LOW","trivy-plugin-e2e","https://bitbucket8.aquaseclabs.com:8090/bitbucket/projects/AR/repos/trivy-plugin-e2e/browse/files_for_integration/push_files/package.json?at=95b8c1a7573f44a7965aa7973759f723a1c0016b#13","files_for_integration/push_files/package.json","13","2025-01-26T12:45:10.858Z","Active","serve-static","1.15.0","1.16.0, 2.1.0","Yes","No","No","express@4.18.1","N/A","N/A"
"CVE-2023-44487","HTTP/2: Multiple HTTP/2 enabled web servers are vulnerable to a DDoS attack (Rapid Reset Attack)","MEDIUM","services","","scripts/ship-it-cli/go.mod","N/A","2025-01-14T15:39:57.022Z","Active","golang.org/x/net","v0.0.0-20210813160813-60bc85c4be6d","0.17.0","Yes","No","No","github.com/argonsecurity/services/scripts/ship-it-cli","N/A","N/A"
"CVE-2023-45857","axios: exposure of confidential data stored in cookies","MEDIUM","services","","home-projects/package.json","13","2025-01-14T15:39:57.022Z","Active","axios","0.24.0","1.6.0, 0.28.0","Yes","No","Yes","-","N/A","N/A"
"CVE-2022-0155","follow-redirects: Exposure of Private Personal Information to an Unauthorized Actor","HIGH","services","","home-projects/package.json","13","2025-01-14T15:39:57.022Z","Active","follow-redirects","1.14.5","1.14.7","Yes","No","No","axios@0.24.0","N/A","N/A"
"CVE-2022-0536","follow-redirects: Exposure of Sensitive Information via Authorization Header leak","MEDIUM","services","","home-projects/package.json","13","2025-01-14T15:39:57.022Z","Active","follow-redirects","1.14.5","1.14.8","Yes","No","No","axios@0.24.0","N/A","N/A"
"CVE-2023-26159","follow-redirects: Improper Input Validation due to the improper handling of URLs by the url.parse()","MEDIUM","services","","home-projects/package.json","13","2025-01-14T15:39:57.022Z","Active","follow-redirects","1.14.5","1.15.4","Yes","No","No","axios@0.24.0","N/A","N/A"
"CVE-2024-28849","follow-redirects: Possible credential leak","MEDIUM","services","","home-projects/package.json","13","2025-01-14T15:39:57.022Z","Active","follow-redirects","1.14.5","1.15.6","Yes","No","No","axios@0.24.0","N/A","N/A"
"CVE-2022-0235","node-fetch: exposure of sensitive information to an unauthorized actor","HIGH","services","","home-projects/package.json","12","2025-01-14T15:39:57.022Z","Active","node-fetch","2.6.6","3.1.1, 2.6.7","Yes","No","No","@octokit/rest@18.12.0","N/A","N/A"
"CVE-2023-25166","@sideway/formula: Regular Expression Denial of Service (ReDoS) Vulnerability","MEDIUM","services","","scripts/customer-service-bulk-update-customer/package.json","18","2025-01-14T15:39:57.022Z","Active","@sideway/formula","3.0.0","3.0.1","Yes","No","No","@argonsecurity/envs@1.0.1","N/A","N/A"
"CVE-2023-45857","axios: exposure of confidential data stored in cookies","MEDIUM","services","","scripts/customer-service-bulk-update-customer/package.json","20","2025-01-14T15:39:57.022Z","Active","axios","0.24.0","1.6.0, 0.28.0","Yes","No","Yes","-","N/A","N/A"
"CVE-2022-0155","follow-redirects: Exposure of Private Personal Information to an Unauthorized Actor","HIGH","services","","scripts/customer-service-bulk-update-customer/package.json","20","2025-01-14T15:39:57.022Z","Active","follow-redirects","1.14.6","1.14.7","Yes","No","No","axios@0.24.0","N/A","N/A"
"CVE-2022-0536","follow-redirects: Exposure of Sensitive Information via Authorization Header leak","MEDIUM","services","","scripts/customer-service-bulk-update-customer/package.json","20","2025-01-14T15:39:57.022Z","Active","follow-redirects","1.14.6","1.14.8","Yes","No","No","axios@0.24.0","N/A","N/A"
"CVE-2023-26159","follow-redirects: Improper Input Validation due to the improper handling of URLs by the url.parse()","MEDIUM","services","","scripts/customer-service-bulk-update-customer/package.json","20","2025-01-14T15:39:57.022Z","Active","follow-redirects","1.14.6","1.15.4","Yes","No","No","axios@0.24.0","N/A","N/A"
"CVE-2024-28849","follow-redirects: Possible credential leak","MEDIUM","services","","scripts/customer-service-bulk-update-customer/package.json","20","2025-01-14T15:39:57.022Z","Active","follow-redirects","1.14.6","1.15.6","Yes","No","No","axios@0.24.0","N/A","N/A"
"CVE-2022-3517","nodejs-minimatch: ReDoS via the braceExpand function","HIGH","services","","scripts/customer-service-bulk-update-customer/package.json","18","2025-01-14T15:39:57.022Z","Active","minimatch","3.0.4","3.0.5","Yes","No","No","@argonsecurity/envs@1.0.1","N/A","N/A"
"CVE-2024-6104","go-retryablehttp: url might write sensitive information to log file","MEDIUM","services","","scripts/ship-it-cli/go.mod","N/A","2025-01-14T15:39:57.022Z","Active","github.com/hashicorp/go-retryablehttp","v0.5.3","0.7.7","Yes","No","No","github.com/argonsecurity/services/scripts/ship-it-cli","N/A","N/A"
"CVE-2022-21698","prometheus/client_golang: Denial of service using InstrumentHandlerCounter","HIGH","services","","scripts/ship-it-cli/go.mod","N/A","2025-01-14T15:39:57.022Z","Active","github.com/prometheus/client_golang","v1.4.0","1.11.1","Yes","No","No","github.com/argonsecurity/services/scripts/ship-it-cli","N/A","N/A"
"CVE-2024-45337","golang.org/x/crypto/ssh: Misuse of ServerConfig.PublicKeyCallback may cause authorization bypass in golang.org/x/crypto","CRITICAL","services","","scripts/ship-it-cli/go.mod","N/A","2025-01-14T15:39:57.022Z","Active","golang.org/x/crypto","v0.0.0-20210817164053-32db794688a5","0.31.0","Yes","No","No","github.com/argonsecurity/services/scripts/ship-it-cli","N/A","N/A"
"CVE-2021-43565","golang.org/x/crypto: empty plaintext packet causes panic","HIGH","services","","scripts/ship-it-cli/go.mod","N/A","2025-01-14T15:39:57.022Z","Active","golang.org/x/crypto","v0.0.0-20210817164053-32db794688a5","0.0.0-20211202192323-5770296d904e","Yes","No","No","github.com/argonsecurity/services/scripts/ship-it-cli","N/A","N/A"
"CVE-2022-27191","golang: crash in a golang.org/x/crypto/ssh server","HIGH","services","","scripts/ship-it-cli/go.mod","N/A","2025-01-14T15:39:57.022Z","Active","golang.org/x/crypto","v0.0.0-20210817164053-32db794688a5","0.0.0-20220314234659-1baeb1ce4c0b","Yes","No","No","github.com/argonsecurity/services/scripts/ship-it-cli","N/A","N/A"
"CVE-2023-48795","ssh: Prefix truncation attack on Binary Packet Protocol (BPP)","MEDIUM","services","","scripts/ship-it-cli/go.mod","N/A","2025-01-14T15:39:57.022Z","Active","golang.org/x/crypto","v0.0.0-20210817164053-32db794688a5","0.17.0","Yes","No","No","github.com/argonsecurity/services/scripts/ship-it-cli","N/A","N/A"
"CVE-2024-24792","Parsing a corrupt or malicious image with invalid color indices can ca ...","HIGH","services","","scripts/ship-it-cli/go.mod","N/A","2025-01-14T15:39:57.022Z","Active","golang.org/x/image","v0.0.0-20190802002840-cff245a6509b","0.18.0","Yes","No","No","github.com/argonsecurity/services/scripts/ship-it-cli","N/A","N/A"
"CVE-2022-41727","golang.org/x/image: Uncontrolled Resource Consumption","MEDIUM","services","","scripts/ship-it-cli/go.mod","N/A","2025-01-14T15:39:57.022Z","Active","golang.org/x/image","v0.0.0-20190802002840-cff245a6509b","0.5.0","Yes","No","No","github.com/argonsecurity/services/scripts/ship-it-cli","N/A","N/A"
"CVE-2023-29407","golang.org/x/image/tiff: excessive CPU consumption in decoding","MEDIUM","services","","scripts/ship-it-cli/go.mod","N/A","2025-01-14T15:39:57.022Z","Active","golang.org/x/image","v0.0.0-20190802002840-cff245a6509b","0.10.0","Yes","No","No","github.com/argonsecurity/services/scripts/ship-it-cli","N/A","N/A"
"CVE-2023-29408","golang.org/x/image/tiff: TIFF decoder does not place a limit on the size of compressed tile data","MEDIUM","services","","scripts/ship-it-cli/go.mod","N/A","2025-01-14T15:39:57.022Z","Active","golang.org/x/image","v0.0.0-20190802002840-cff245a6509b","0.10.0","Yes","No","No","github.com/argonsecurity/services/scripts/ship-it-cli","N/A","N/A"
"CVE-2022-27664","golang: net/http: handle server errors after sending GOAWAY","HIGH","services","","scripts/ship-it-cli/go.mod","N/A","2025-01-14T15:39:57.022Z","Active","golang.org/x/net","v0.0.0-20210813160813-60bc85c4be6d","0.0.0-20220906165146-f3363e06e74c","Yes","No","No","github.com/argonsecurity/services/scripts/ship-it-cli","N/A","N/A"
"CVE-2022-41723","golang.org/x/net/http2: avoid quadratic complexity in HPACK decoding","HIGH","services","","scripts/ship-it-cli/go.mod","N/A","2025-01-14T15:39:57.022Z","Active","golang.org/x/net","v0.0.0-20210813160813-60bc85c4be6d","0.7.0","Yes","No","No","github.com/argonsecurity/services/scripts/ship-it-cli","N/A","N/A"
"CVE-2023-39325","golang: net/http, x/net/http2: rapid stream resets can cause excessive work (CVE-2023-44487)","HIGH","services","","scripts/ship-it-cli/go.mod","N/A","2025-01-14T15:39:57.022Z","Active","golang.org/x/net","v0.0.0-20210813160813-60bc85c4be6d","0.17.0","Yes","No","No","github.com/argonsecurity/services/scripts/ship-it-cli","N/A","N/A"
"CVE-2024-45338","golang.org/x/net/html: Non-linear parsing of case-insensitive content in golang.org/x/net/html","HIGH","services","","scripts/ship-it-cli/go.mod","N/A","2025-01-14T15:39:57.022Z","Active","golang.org/x/net","v0.0.0-20210813160813-60bc85c4be6d","0.33.0","Yes","No","No","github.com/argonsecurity/services/scripts/ship-it-cli","N/A","N/A"
"CVE-2022-41717","golang: net/http: excessive memory growth in a Go server accepting HTTP/2 requests","MEDIUM","services","","scripts/ship-it-cli/go.mod","N/A","2025-01-14T15:39:57.022Z","Active","golang.org/x/net","v0.0.0-20210813160813-60bc85c4be6d","0.4.0","Yes","No","No","github.com/argonsecurity/services/scripts/ship-it-cli","N/A","N/A"
"CVE-2023-3978","golang.org/x/net/html: Cross site scripting","MEDIUM","services","","scripts/ship-it-cli/go.mod","N/A","2025-01-14T15:39:57.022Z","Active","golang.org/x/net","v0.0.0-20210813160813-60bc85c4be6d","0.13.0","Yes","No","No","github.com/argonsecurity/services/scripts/ship-it-cli","N/A","N/A"
"CVE-2023-45288","golang: net/http, x/net/http2: unlimited number of CONTINUATION frames causes DoS","MEDIUM","services","","scripts/ship-it-cli/go.mod","N/A","2025-01-14T15:39:57.022Z","Active","golang.org/x/net","v0.0.0-20210813160813-60bc85c4be6d","0.23.0","Yes","No","No","github.com/argonsecurity/services/scripts/ship-it-cli","N/A","N/A"
"CVE-2022-29526","golang: syscall: faccessat checks wrong group","MEDIUM","services","","scripts/ship-it-cli/go.mod","N/A","2025-01-14T15:39:57.022Z","Active","golang.org/x/sys","v0.0.0-20211205182925-97ca703d548d","0.0.0-20220412211240-33da011f77ad","Yes","No","No","github.com/argonsecurity/services/scripts/ship-it-cli","N/A","N/A"
"CVE-2022-32149","golang: golang.org/x/text/language: ParseAcceptLanguage takes a long time to parse complex tags","HIGH","services","","scripts/ship-it-cli/go.mod","N/A","2025-01-14T15:39:57.022Z","Active","golang.org/x/text","v0.3.7","0.3.8","Yes","No","No","github.com/argonsecurity/services/scripts/ship-it-cli","N/A","N/A"
"GHSA-m425-mq94-257g","gRPC-Go HTTP/2 Rapid Reset vulnerability","HIGH","services","","scripts/ship-it-cli/go.mod","N/A","2025-01-14T15:39:57.022Z","Active","google.golang.org/grpc","v1.42.0","1.56.3, 1.57.1, 1.58.3","Yes","No","No","github.com/argonsecurity/services/scripts/ship-it-cli","N/A","N/A"
"CVE-2023-44487","HTTP/2: Multiple HTTP/2 enabled web servers are vulnerable to a DDoS attack (Rapid Reset Attack)","MEDIUM","services","","scripts/ship-it-cli/go.mod","N/A","2025-01-14T15:39:57.022Z","Active","google.golang.org/grpc","v1.42.0","1.58.3, 1.57.1, 1.56.3","Yes","No","No","github.com/argonsecurity/services/scripts/ship-it-cli","N/A","N/A"
"CVE-2024-24786","golang-protobuf: encoding/protojson, internal/encoding/json: infinite loop in protojson.Unmarshal when unmarshaling certain forms of invalid JSON","MEDIUM","services","","scripts/ship-it-cli/go.mod","N/A","2025-01-14T15:39:57.022Z","Active","google.golang.org/protobuf","v1.27.1","1.33.0","Yes","No","No","github.com/argonsecurity/services/scripts/ship-it-cli","N/A","N/A"
"CVE-2022-28948","golang-gopkg-yaml: crash when attempting to deserialize invalid input","HIGH","services","","scripts/ship-it-cli/go.mod","N/A","2025-01-14T15:39:57.022Z","Active","gopkg.in/yaml.v3","v3.0.0-20210107192922-496545a6307b","3.0.0-20220521103104-8f96da9f5d5e","Yes","No","No","github.com/argonsecurity/services/scripts/ship-it-cli","N/A","N/A"
"CVE-2022-24785","Moment.js: Path traversal  in moment.locale","HIGH","juice-shop","https://github.com/test-org-example/juice-shop/blob/ed4aa7cf05ff722551bf39862732cdba3269d7a2/package.json#L133-L133","package.json","133","2025-01-20T13:58:56.696Z","Active","moment","2.0.0","2.29.2","Yes","No","No","express-jwt@0.1.3","N/A","N/A"
"CVE-2016-4055","moment.js: regular expression denial of service","MEDIUM","juice-shop","https://github.com/test-org-example/juice-shop/blob/ed4aa7cf05ff722551bf39862732cdba3269d7a2/package.json#L133-L133","package.json","133","2025-01-20T13:58:56.696Z","Active","moment","2.0.0",">=2.11.2","Yes","No","No","express-jwt@0.1.3","N/A","N/A"
"NSWG-ECO-428","Out-of-bounds Read","HIGH","juice-shop","https://github.com/test-org-example/juice-shop/blob/ed4aa7cf05ff722551bf39862732cdba3269d7a2/package.json#L155-L155","package.json","155","2025-01-20T13:58:56.696Z","Active","base64url","0.0.6",">=3.0.0","Yes","No","No","jsonwebtoken@0.4.0,express-jwt@0.1.3","N/A","N/A"
"GHSA-rvg8-pwq2-xj7q","Out-of-bounds Read in base64url","MEDIUM","juice-shop","https://github.com/test-org-example/juice-shop/blob/ed4aa7cf05ff722551bf39862732cdba3269d7a2/package.json#L155-L155","package.json","155","2025-01-20T13:58:56.696Z","Active","base64url","0.0.6","3.0.0","Yes","No","No","jsonwebtoken@0.4.0,express-jwt@0.1.3","N/A","N/A"
"CVE-2024-4068","braces: fails to limit the number of characters it can handle","HIGH","juice-shop","https://github.com/test-org-example/juice-shop/blob/ed4aa7cf05ff722551bf39862732cdba3269d7a2/package.json#L117-L117","package.json","117","2025-01-20T13:58:56.696Z","Active","braces","2.3.2","3.0.3","Yes","No","No","check-dependencies@1.1.1","N/A","N/A"
"CVE-2024-47764","cookie: cookie accepts cookie name, path, and domain with out of bounds characters","LOW","juice-shop","https://github.com/test-org-example/juice-shop/blob/ed4aa7cf05ff722551bf39862732cdba3269d7a2/package.json#L178-L178","package.json","178","2025-01-20T13:58:56.696Z","Active","cookie","0.4.2","0.7.0","Yes","No","No","socket.io@3.1.2","N/A","N/A"
"CVE-2023-46233","crypto-js: PBKDF2 1,000 times weaker than specified in 1993 and 1.3M times weaker than current standard","CRITICAL","juice-shop","https://github.com/test-org-example/juice-shop/blob/ed4aa7cf05ff722551bf39862732cdba3269d7a2/package.json#L167-L167","package.json","167","2025-01-20T13:58:56.696Z","Active","crypto-js","3.3.0","4.2.0","Yes","No","No","pdfkit@0.11.0","N/A","N/A"
"CVE-2022-41940","engine.io: Specially crafted HTTP request can trigger an uncaught exception","MEDIUM","juice-shop","https://github.com/test-org-example/juice-shop/blob/ed4aa7cf05ff722551bf39862732cdba3269d7a2/package.json#L178-L178","package.json","178","2025-01-20T13:58:56.696Z","Active","engine.io","4.1.2","3.6.1, 6.2.1","Yes","No","No","socket.io@3.1.2","N/A","N/A"
"CVE-2020-15084","Authorization bypass in express-jwt","HIGH","juice-shop","https://github.com/test-org-example/juice-shop/blob/ed4aa7cf05ff722551bf39862732cdba3269d7a2/package.json#L133-L133","package.json","133","2025-01-20T13:58:56.696Z","Active","express-jwt","0.1.3","6.0.0","Yes","Yes","Yes","-","N/A","N/A"
"CVE-2022-33987","nodejs-got: missing verification of requested URLs allows redirects to UNIX sockets","MEDIUM","juice-shop","https://github.com/test-org-example/juice-shop/blob/ed4aa7cf05ff722551bf39862732cdba3269d7a2/package.json#L127-L127","package.json","127","2025-01-20T13:58:56.696Z","Active","got","8.3.2","12.1.0, 11.8.5","Yes","No","No","download@8.0.0","N/A","N/A"
"CVE-2022-25881","http-cache-semantics: Regular Expression Denial of Service (ReDoS) vulnerability","HIGH","juice-shop","https://github.com/test-org-example/juice-shop/blob/ed4aa7cf05ff722551bf39862732cdba3269d7a2/package.json#L127-L127","package.json","127","2025-01-20T13:58:56.696Z","Active","http-cache-semantics","3.8.1","4.1.1","Yes","No","No","download@8.0.0","N/A","N/A"
"CVE-2024-29415","node-ip: Incomplete fix for CVE-2023-42282","HIGH","juice-shop","https://github.com/test-org-example/juice-shop/blob/ed4aa7cf05ff722551bf39862732cdba3269d7a2/package.json#L132-L132","package.json","132","2025-01-20T13:58:56.696Z","Active","ip","2.0.1","-","No","No","No","express-ipfilter@1.3.2","N/A","N/A"
"CVE-2015-9235","nodejs-jsonwebtoken: verification step bypass with an altered token","CRITICAL","juice-shop","https://github.com/test-org-example/juice-shop/blob/ed4aa7cf05ff722551bf39862732cdba3269d7a2/package.json#L133-L133","package.json","133","2025-01-20T13:58:56.696Z","Active","jsonwebtoken","0.1.0","4.2.2","Yes","Yes","No","express-jwt@0.1.3","N/A","N/A"
"CVE-2022-23539","jsonwebtoken: Unrestricted key type could lead to legacy keys usagen","HIGH","juice-shop","https://github.com/test-org-example/juice-shop/blob/ed4aa7cf05ff722551bf39862732cdba3269d7a2/package.json#L133-L133","package.json","133","2025-01-20T13:58:56.696Z","Active","jsonwebtoken","0.1.0","9.0.0","Yes","Yes","No","express-jwt@0.1.3","N/A","N/A"
"NSWG-ECO-17","Verification Bypass","HIGH","juice-shop","https://github.com/test-org-example/juice-shop/blob/ed4aa7cf05ff722551bf39862732cdba3269d7a2/package.json#L133-L133","package.json","133","2025-01-20T13:58:56.696Z","Active","jsonwebtoken","0.1.0",">=4.2.2","Yes","Yes","No","express-jwt@0.1.3","N/A","N/A"
"CVE-2022-23540","jsonwebtoken: Insecure default algorithm in jwt.verify() could lead to signature validation bypass","MEDIUM","juice-shop","https://github.com/test-org-example/juice-shop/blob/ed4aa7cf05ff722551bf39862732cdba3269d7a2/package.json#L133-L133","package.json","133","2025-01-20T13:58:56.696Z","Active","jsonwebtoken","0.1.0","9.0.0","Yes","Yes","No","express-jwt@0.1.3","N/A","N/A"
"CVE-2022-23541","jsonwebtoken: Insecure implementation of key retrieval function could lead to Forgeable Public/Private Tokens from RSA to HMAC","MEDIUM","juice-shop","https://github.com/test-org-example/juice-shop/blob/ed4aa7cf05ff722551bf39862732cdba3269d7a2/package.json#L133-L133","package.json","133","2025-01-20T13:58:56.696Z","Active","jsonwebtoken","0.1.0","9.0.0","Yes","Yes","No","express-jwt@0.1.3","N/A","N/A"
"CVE-2015-9235","nodejs-jsonwebtoken: verification step bypass with an altered token","CRITICAL","juice-shop","https://github.com/test-org-example/juice-shop/blob/ed4aa7cf05ff722551bf39862732cdba3269d7a2/package.json#L155-L155","package.json","155","2025-01-20T13:58:56.696Z","Active","jsonwebtoken","0.4.0","4.2.2","Yes","Yes","Yes","-","N/A","N/A"
"CVE-2022-23539","jsonwebtoken: Unrestricted key type could lead to legacy keys usagen","HIGH","juice-shop","https://github.com/test-org-example/juice-shop/blob/ed4aa7cf05ff722551bf39862732cdba3269d7a2/package.json#L155-L155","package.json","155","2025-01-20T13:58:56.696Z","Active","jsonwebtoken","0.4.0","9.0.0","Yes","Yes","Yes","-","N/A","N/A"
"NSWG-ECO-17","Verification Bypass","HIGH","juice-shop","https://github.com/test-org-example/juice-shop/blob/ed4aa7cf05ff722551bf39862732cdba3269d7a2/package.json#L155-L155","package.json","155","2025-01-20T13:58:56.696Z","Active","jsonwebtoken","0.4.0",">=4.2.2","Yes","Yes","Yes","-","N/A","N/A"
"CVE-2022-23540","jsonwebtoken: Insecure default algorithm in jwt.verify() could lead to signature validation bypass","MEDIUM","juice-shop","https://github.com/test-org-example/juice-shop/blob/ed4aa7cf05ff722551bf39862732cdba3269d7a2/package.json#L155-L155","package.json","155","2025-01-20T13:58:56.696Z","Active","jsonwebtoken","0.4.0","9.0.0","Yes","Yes","Yes","-","N/A","N/A"
"CVE-2022-23541","jsonwebtoken: Insecure implementation of key retrieval function could lead to Forgeable Public/Private Tokens from RSA to HMAC","MEDIUM","juice-shop","https://github.com/test-org-example/juice-shop/blob/ed4aa7cf05ff722551bf39862732cdba3269d7a2/package.json#L155-L155","package.json","155","2025-01-20T13:58:56.696Z","Active","jsonwebtoken","0.4.0","9.0.0","Yes","Yes","Yes","-","N/A","N/A"
"CVE-2016-1000223","Forgeable Public/Private Tokens","HIGH","juice-shop","https://github.com/test-org-example/juice-shop/blob/ed4aa7cf05ff722551bf39862732cdba3269d7a2/package.json#L155-L155","package.json","155","2025-01-20T13:58:56.696Z","Active","jws","0.2.6",">=3.0.0","Yes","Yes","No","jsonwebtoken@0.4.0,express-jwt@0.1.3","N/A","N/A"
"CVE-2024-34391","libxmljs vulnerable to type confusion when parsing specially crafted XML","CRITICAL","juice-shop","https://github.com/test-org-example/juice-shop/blob/ed4aa7cf05ff722551bf39862732cdba3269d7a2/package.json#L158-L158","package.json","158","2025-01-20T13:58:56.696Z","Active","libxmljs","1.0.11","-","No","Yes","Yes","-","N/A","N/A"
"CVE-2024-34392","libxmljs vulnerable to type confusion when parsing specially crafted XML ","CRITICAL","juice-shop","https://github.com/test-org-example/juice-shop/blob/ed4aa7cf05ff722551bf39862732cdba3269d7a2/package.json#L158-L158","package.json","158","2025-01-20T13:58:56.696Z","Active","libxmljs","1.0.11","-","No","Yes","Yes","-","N/A","N/A"
"CVE-2019-10744","nodejs-lodash: prototype pollution in defaultsDeep function leading to modifying properties","CRITICAL","juice-shop","https://github.com/test-org-example/juice-shop/blob/ed4aa7cf05ff722551bf39862732cdba3269d7a2/package.json#L174-L174","package.json","174","2025-01-20T13:58:56.696Z","Active","lodash","2.4.2","4.17.12","Yes","Yes","No","sanitize-html@1.4.2","N/A","N/A"
"CVE-2018-16487","lodash: Prototype pollution in utilities function","HIGH","juice-shop","https://github.com/test-org-example/juice-shop/blob/ed4aa7cf05ff722551bf39862732cdba3269d7a2/package.json#L174-L174","package.json","174","2025-01-20T13:58:56.696Z","Active","lodash","2.4.2",">=4.17.11","Yes","No","No","sanitize-html@1.4.2","N/A","N/A"
"CVE-2021-23337","nodejs-lodash: command injection via template","HIGH","juice-shop","https://github.com/test-org-example/juice-shop/blob/ed4aa7cf05ff722551bf39862732cdba3269d7a2/package.json#L174-L174","package.json","174","2025-01-20T13:58:56.696Z","Active","lodash","2.4.2","4.17.21","Yes","No","No","sanitize-html@1.4.2","N/A","N/A"
"CVE-2019-1010266","lodash: uncontrolled resource consumption in Data handler causing denial of service","MEDIUM","juice-shop","https://github.com/test-org-example/juice-shop/blob/ed4aa7cf05ff722551bf39862732cdba3269d7a2/package.json#L174-L174","package.json","174","2025-01-20T13:58:56.696Z","Active","lodash","2.4.2","4.17.11","Yes","No","No","sanitize-html@1.4.2","N/A","N/A"
"CVE-2020-28500","nodejs-lodash: ReDoS via the toNumber, trim and trimEnd functions","MEDIUM","juice-shop","https://github.com/test-org-example/juice-shop/blob/ed4aa7cf05ff722551bf39862732cdba3269d7a2/package.json#L174-L174","package.json","174","2025-01-20T13:58:56.696Z","Active","lodash","2.4.2","4.17.21","Yes","No","No","sanitize-html@1.4.2","N/A","N/A"
"CVE-2018-3721","lodash: Prototype pollution in utilities function","LOW","juice-shop","https://github.com/test-org-example/juice-shop/blob/ed4aa7cf05ff722551bf39862732cdba3269d7a2/package.json#L174-L174","package.json","174","2025-01-20T13:58:56.696Z","Active","lodash","2.4.2",">=4.17.5","Yes","Yes","No","sanitize-html@1.4.2","N/A","N/A"
"CVE-2020-8203","nodejs-lodash: prototype pollution in zipObjectDeep function","HIGH","juice-shop","https://github.com/test-org-example/juice-shop/blob/ed4aa7cf05ff722551bf39862732cdba3269d7a2/package.json#L148-L148","package.json","148","2025-01-20T13:58:56.696Z","Active","lodash.set","4.3.2","-","No","No","No","grunt-replace-json@0.1.0","N/A","N/A"
"GHSA-5mrr-rgp6-x4gr","Command Injection in marsdb","CRITICAL","juice-shop","https://github.com/test-org-example/juice-shop/blob/ed4aa7cf05ff722551bf39862732cdba3269d7a2/package.json#L159-L159","package.json","159","2025-01-20T13:58:56.696Z","Active","marsdb","0.6.11","-","No","Yes","Yes","-","N/A","N/A"
"CVE-2024-4067","micromatch: vulnerable to Regular Expression Denial of Service","MEDIUM","juice-shop","https://github.com/test-org-example/juice-shop/blob/ed4aa7cf05ff722551bf39862732cdba3269d7a2/package.json#L117-L117","package.json","117","2025-01-20T13:58:56.696Z","Active","micromatch","3.1.10","4.0.8","Yes","No","No","check-dependencies@1.1.1","N/A","N/A"
"CVE-2017-18214","nodejs-moment: Regular expression denial of service","HIGH","juice-shop","https://github.com/test-org-example/juice-shop/blob/ed4aa7cf05ff722551bf39862732cdba3269d7a2/package.json#L133-L133","package.json","133","2025-01-20T13:58:56.696Z","Active","moment","2.0.0","2.19.3","Yes","No","No","express-jwt@0.1.3","N/A","N/A"
"CVE-2021-23771","Sandbox escape in notevil and argencoders-notevil","MEDIUM","juice-shop","https://github.com/test-org-example/juice-shop/blob/ed4aa7cf05ff722551bf39862732cdba3269d7a2/package.json#L164-L164","package.json","164","2025-01-20T13:58:56.696Z","Active","notevil","1.3.3","-","No","Yes","Yes","-","N/A","N/A"
"CVE-2023-28155","The Request package through 2.88.1 for Node.js allows a bypass of SSRF ...","MEDIUM","juice-shop","https://github.com/test-org-example/juice-shop/blob/ed4aa7cf05ff722551bf39862732cdba3269d7a2/package.json#L172-L172","package.json","172","2025-01-20T13:58:56.696Z","Active","request","2.88.2","-","No","No","Yes","-","N/A","N/A"
"CVE-2022-25887","sanitize-html: insecure global regular expression replacement logic may lead to ReDoS","HIGH","juice-shop","https://github.com/test-org-example/juice-shop/blob/ed4aa7cf05ff722551bf39862732cdba3269d7a2/package.json#L174-L174","package.json","174","2025-01-20T13:58:56.696Z","Active","sanitize-html","1.4.2","2.7.1","Yes","Yes","Yes","-","N/A","N/A"
"CVE-2016-1000237","XSS - Sanitization not applied recursively","MEDIUM","juice-shop","https://github.com/test-org-example/juice-shop/blob/ed4aa7cf05ff722551bf39862732cdba3269d7a2/package.json#L174-L174","package.json","174","2025-01-20T13:58:56.696Z","Active","sanitize-html","1.4.2",">=1.4.3","Yes","Yes","Yes","-","N/A","N/A"
"CVE-2017-16016","Cross-Site Scripting in sanitize-html","MEDIUM","juice-shop","https://github.com/test-org-example/juice-shop/blob/ed4aa7cf05ff722551bf39862732cdba3269d7a2/package.json#L174-L174","package.json","174","2025-01-20T13:58:56.696Z","Active","sanitize-html","1.4.2","1.11.4","Yes","Yes","Yes","-","N/A","N/A"
"CVE-2021-26539","sanitize-html: improper handling of internationalized domain name (IDN) can lead to bypass hostname whitelist validation","MEDIUM","juice-shop","https://github.com/test-org-example/juice-shop/blob/ed4aa7cf05ff722551bf39862732cdba3269d7a2/package.json#L174-L174","package.json","174","2025-01-20T13:58:56.696Z","Active","sanitize-html","1.4.2","2.3.1","Yes","Yes","Yes","-","N/A","N/A"
"CVE-2021-26540","sanitize-html: improper validation of hostnames set by the ""allowedIframeHostnames"" option can lead to bypass hostname whitelist for iframe element","MEDIUM","juice-shop","https://github.com/test-org-example/juice-shop/blob/ed4aa7cf05ff722551bf39862732cdba3269d7a2/package.json#L174-L174","package.json","174","2025-01-20T13:58:56.696Z","Active","sanitize-html","1.4.2","2.3.2","Yes","Yes","Yes","-","N/A","N/A"
"CVE-2024-21501","sanitize-html: Information Exposure when used on the backend","MEDIUM","juice-shop","https://github.com/test-org-example/juice-shop/blob/ed4aa7cf05ff722551bf39862732cdba3269d7a2/package.json#L174-L174","package.json","174","2025-01-20T13:58:56.696Z","Active","sanitize-html","1.4.2","2.12.1","Yes","Yes","Yes","-","N/A","N/A"
"NSWG-ECO-154","Cross Site Scripting","MEDIUM","juice-shop","https://github.com/test-org-example/juice-shop/blob/ed4aa7cf05ff722551bf39862732cdba3269d7a2/package.json#L174-L174","package.json","174","2025-01-20T13:58:56.696Z","Active","sanitize-html","1.4.2",">=1.11.4","Yes","Yes","Yes","-","N/A","N/A"
"CVE-2024-38355","socket.io: Unhandled 'error' event","MEDIUM","juice-shop","https://github.com/test-org-example/juice-shop/blob/ed4aa7cf05ff722551bf39862732cdba3269d7a2/package.json#L178-L178","package.json","178","2025-01-20T13:58:56.696Z","Active","socket.io","3.1.2","2.5.1, 4.6.2","Yes","Yes","Yes","-","N/A","N/A"
"CVE-2023-32695","socket.io parser is a socket.io encoder and decoder written in JavaScr ...","MEDIUM","juice-shop","https://github.com/test-org-example/juice-shop/blob/ed4aa7cf05ff722551bf39862732cdba3269d7a2/package.json#L178-L178","package.json","178","2025-01-20T13:58:56.696Z","Active","socket.io-parser","4.0.5","4.2.3, 3.4.3, 3.3.4","Yes","No","No","socket.io@3.1.2","N/A","N/A"
"CVE-2024-28863","node-tar: denial of service while parsing a tar file due to lack of folders depth validation","MEDIUM","juice-shop","https://github.com/test-org-example/juice-shop/blob/ed4aa7cf05ff722551bf39862732cdba3269d7a2/package.json#L163-L163","package.json","163","2025-01-20T13:58:56.696Z","Active","tar","4.4.19","6.2.1","Yes","No","No","node-pre-gyp@0.15.0","N/A","N/A"
"CVE-2023-26136","tough-cookie: prototype pollution in cookie memstore","MEDIUM","juice-shop","https://github.com/test-org-example/juice-shop/blob/ed4aa7cf05ff722551bf39862732cdba3269d7a2/package.json#L172-L172","package.json","172","2025-01-20T13:58:56.696Z","Active","tough-cookie","2.5.0","4.1.3","Yes","No","No","request@2.88.2","N/A","N/A"
"CVE-2023-32314","vm2: Sandbox Escape","CRITICAL","juice-shop","https://github.com/test-org-example/juice-shop/blob/ed4aa7cf05ff722551bf39862732cdba3269d7a2/package.json#L157-L157","package.json","157","2025-01-20T13:58:56.696Z","Active","vm2","3.9.17","3.9.18","Yes","No","No","juicy-chat-bot@0.8.0","N/A","N/A"
"CVE-2023-37466","vm2: Promise handler sanitization can be bypassed allowing attackers to escape the sandbox and run arbitrary code","CRITICAL","juice-shop","https://github.com/test-org-example/juice-shop/blob/ed4aa7cf05ff722551bf39862732cdba3269d7a2/package.json#L157-L157","package.json","157","2025-01-20T13:58:56.696Z","Active","vm2","3.9.17","-","No","No","No","juicy-chat-bot@0.8.0","N/A","N/A"
"CVE-2023-37903","vm2: custom inspect function allows attackers to escape the sandbox and run arbitrary code","CRITICAL","juice-shop","https://github.com/test-org-example/juice-shop/blob/ed4aa7cf05ff722551bf39862732cdba3269d7a2/package.json#L157-L157","package.json","157","2025-01-20T13:58:56.696Z","Active","vm2","3.9.17","-","No","No","No","juicy-chat-bot@0.8.0","N/A","N/A"
"CVE-2023-32313","vm2: Inspect Manipulation","MEDIUM","juice-shop","https://github.com/test-org-example/juice-shop/blob/ed4aa7cf05ff722551bf39862732cdba3269d7a2/package.json#L157-L157","package.json","157","2025-01-20T13:58:56.696Z","Active","vm2","3.9.17","3.9.18","Yes","No","No","juicy-chat-bot@0.8.0","N/A","N/A"
"CVE-2024-37890","nodejs-ws: denial of service when handling a request with many HTTP headers","HIGH","juice-shop","https://github.com/test-org-example/juice-shop/blob/ed4aa7cf05ff722551bf39862732cdba3269d7a2/package.json#L178-L178","package.json","178","2025-01-20T13:58:56.696Z","Active","ws","7.4.6","5.2.4, 6.2.3, 7.5.10, 8.17.1","Yes","No","No","socket.io@3.1.2","N/A","N/A"
"CVE-2021-3749","nodejs-axios: Regular expression denial of service in trim function","HIGH","repo-2","","package.json","31","2025-01-30T09:51:03.898Z","Active","axios","0.18.1","0.21.2","Yes","No","No","@google-cloud/firestore@0.8.2","N/A","N/A"
"CVE-2021-44906","minimist: prototype pollution","CRITICAL","repo-2","","package.json","29","2025-01-30T09:51:03.898Z","Active","minimist","0.0.8","1.2.6, 0.2.4","Yes","No","No","@google-cloud/firestore@0.8.2,@firebase/firestore@1.0.3","N/A","N/A"
"CVE-2017-20165","A vulnerability classified as problematic has been found in debug-js d ...","HIGH","repo-2","","package.json","31","2025-01-30T09:51:03.898Z","Active","debug","2.6.8","3.1.0, 2.6.9","Yes","No","No","@google-cloud/firestore@0.8.2","N/A","N/A"
"CVE-2018-3750","nodejs-deep-extend: Prototype pollution can allow attackers to modify object properties","CRITICAL","repo-2","","package.json","31","2025-01-30T09:51:03.898Z","Active","deep-extend","0.4.2","0.5.1","Yes","No","No","@google-cloud/firestore@0.8.2","N/A","N/A"
"CVE-2020-8116","nodejs-dot-prop: prototype pollution","HIGH","repo-2","","package.json","31","2025-01-30T09:51:03.898Z","Active","dot-prop","2.4.0","4.2.1, 5.1.1","Yes","No","No","@google-cloud/firestore@0.8.2","N/A","N/A"
"CVE-2022-0155","follow-redirects: Exposure of Private Personal Information to an Unauthorized Actor","HIGH","repo-2","","package.json","31","2025-01-30T09:51:03.898Z","Active","follow-redirects","1.5.10","1.14.7","Yes","No","No","@google-cloud/firestore@0.8.2","N/A","N/A"
"CVE-2019-13173","nodejs-fstream: File overwrite in fstream.DirWriter() function","HIGH","repo-2","","package.json","31","2025-01-30T09:51:03.898Z","Active","fstream","1.0.11","1.0.12","Yes","No","No","@google-cloud/firestore@0.8.2","N/A","N/A"
"CVE-2020-7768","nodejs-grpc: Prototype Pollution via loadPackageDefinition","HIGH","repo-2","","package.json","29","2025-01-30T09:51:03.898Z","Active","grpc","1.18.0","1.24.4","Yes","No","No","@firebase/firestore@1.0.3,@google-cloud/firestore@0.8.2","N/A","N/A"
"CVE-2020-7768","nodejs-grpc: Prototype Pollution via loadPackageDefinition","HIGH","repo-2","","package.json","31","2025-01-30T09:51:03.898Z","Active","grpc","1.7.3","1.24.4","Yes","No","No","@google-cloud/firestore@0.8.2","N/A","N/A"
"CVE-2022-29167","hawk: REDoS in hawk.utils.parseHost() when parsing Host header","HIGH","repo-2","","package.json","31","2025-01-30T09:51:03.898Z","Active","hawk","3.1.3","9.0.1","Yes","No","No","@google-cloud/firestore@0.8.2","N/A","N/A"
"CVE-2020-36604","hapi/hoek: Prototype Pollution in @hapi/hoek","HIGH","repo-2","","package.json","31","2025-01-30T09:51:03.898Z","Active","hoek","2.16.3","-","No","No","No","@google-cloud/firestore@0.8.2","N/A","N/A"
"CVE-2020-7788","nodejs-ini: Prototype pollution via malicious INI file","HIGH","repo-2","","package.json","31","2025-01-30T09:51:03.898Z","Active","ini","1.3.4","1.3.6","Yes","No","No","@google-cloud/firestore@0.8.2","N/A","N/A"
"CVE-2020-7788","nodejs-ini: Prototype pollution via malicious INI file","HIGH","repo-2","","package.json","29","2025-01-30T09:51:03.898Z","Active","ini","1.3.5","1.3.6","Yes","No","No","@firebase/firestore@1.0.3,@google-cloud/firestore@0.8.2","N/A","N/A"
"CVE-2021-3918","nodejs-json-schema: Prototype pollution vulnerability","CRITICAL","repo-2","","package.json","31","2025-01-30T09:51:03.898Z","Active","json-schema","0.2.3","0.4.0","Yes","No","No","@google-cloud/firestore@0.8.2","N/A","N/A"
"CVE-2022-3517","nodejs-minimatch: ReDoS via the braceExpand function","HIGH","repo-2","","package.json","29","2025-01-30T09:51:03.898Z","Active","minimatch","3.0.4","3.0.5","Yes","No","No","@firebase/firestore@1.0.3,@google-cloud/firestore@0.8.2","N/A","N/A"
"CVE-2021-44906","minimist: prototype pollution","CRITICAL","repo-2","","package.json","29","2025-01-30T09:51:03.898Z","Active","minimist","1.2.0","1.2.6, 0.2.4","Yes","No","No","@google-cloud/firestore@0.8.2,@firebase/firestore@1.0.3","N/A","N/A"
"CVE-2022-24771","node-forge: Signature verification leniency in checking `digestAlgorithm` structure can lead to signature forgery","HIGH","repo-2","","package.json","31","2025-01-30T09:51:03.898Z","Active","node-forge","0.10.0","1.3.0","Yes","No","No","@google-cloud/firestore@0.8.2","N/A","N/A"
"CVE-2022-24772","node-forge: Signature verification failing to check tailing garbage bytes can lead to signature forgery","HIGH","repo-2","","package.json","31","2025-01-30T09:51:03.898Z","Active","node-forge","0.10.0","1.3.0","Yes","No","No","@google-cloud/firestore@0.8.2","N/A","N/A"
"CVE-2020-7720","nodejs-node-forge: prototype pollution via the util.setPath function","HIGH","repo-2","","package.json","31","2025-01-30T09:51:03.898Z","Active","node-forge","0.7.6","0.10.0","Yes","No","No","@google-cloud/firestore@0.8.2,@google-cloud/storage@1.4.0","N/A","N/A"
"CVE-2022-24771","node-forge: Signature verification leniency in checking `digestAlgorithm` structure can lead to signature forgery","HIGH","repo-2","","package.json","31","2025-01-30T09:51:03.898Z","Active","node-forge","0.7.6","1.3.0","Yes","No","No","@google-cloud/firestore@0.8.2,@google-cloud/storage@1.4.0","N/A","N/A"
"CVE-2022-24772","node-forge: Signature verification failing to check tailing garbage bytes can lead to signature forgery","HIGH","repo-2","","package.json","31","2025-01-30T09:51:03.898Z","Active","node-forge","0.7.6","1.3.0","Yes","No","No","@google-cloud/firestore@0.8.2,@google-cloud/storage@1.4.0","N/A","N/A"
"CVE-2022-24999","express: ""qs"" prototype poisoning causes the hang of the node process","HIGH","repo-2","","package.json","31","2025-01-30T09:51:03.898Z","Active","qs","6.4.0","6.10.3, 6.9.7, 6.8.3, 6.7.3, 6.6.1, 6.5.3, 6.4.1, 6.3.3, 6.2.4","Yes","No","No","@google-cloud/firestore@0.8.2","N/A","N/A"
"CVE-2022-25883","nodejs-semver: Regular expression denial of service","HIGH","repo-2","","package.json","31","2025-01-30T09:51:03.898Z","Active","semver","5.4.1","7.5.2, 6.3.1, 5.7.2","Yes","No","No","@google-cloud/firestore@0.8.2","N/A","N/A"
"CVE-2022-25883","nodejs-semver: Regular expression denial of service","HIGH","repo-2","","package.json","29","2025-01-30T09:51:03.898Z","Active","semver","5.6.0","7.5.2, 6.3.1, 5.7.2","Yes","No","No","@firebase/firestore@1.0.3,@google-cloud/firestore@0.8.2","N/A","N/A"
"CVE-2018-3737","nodejs-sshpk: ReDoS when parsing crafted invalid public keys in lib/formats/ssh.js","HIGH","repo-2","","package.json","31","2025-01-30T09:51:03.898Z","Active","sshpk","1.13.1","1.13.2","Yes","No","No","@google-cloud/firestore@0.8.2","N/A","N/A"
"NSWG-ECO-401","Denial of Service","HIGH","repo-2","","package.json","31","2025-01-30T09:51:03.898Z","Active","sshpk","1.13.1",">=1.13.2","Yes","No","No","@google-cloud/firestore@0.8.2","N/A","N/A"
"CVE-2018-20834","nodejs-tar: Arbitrary file overwrites when extracting tarballs containing a hard-link","HIGH","repo-2","","package.json","31","2025-01-30T09:51:03.898Z","Active","tar","2.2.1","4.4.2, 2.2.2","Yes","No","No","@google-cloud/firestore@0.8.2","N/A","N/A"
"CVE-2021-32804","nodejs-tar: Insufficient absolute path sanitization allowing arbitrary file creation and overwrite","HIGH","repo-2","","package.json","31","2025-01-30T09:51:03.898Z","Active","tar","2.2.1","3.2.2, 4.4.14, 5.0.6, 6.1.1","Yes","No","No","@google-cloud/firestore@0.8.2","N/A","N/A"
"CVE-2021-37713","nodejs-tar: Arbitrary File Creation/Overwrite on Windows via insufficient relative path sanitization","HIGH","repo-2","","package.json","31","2025-01-30T09:51:03.898Z","Active","tar","2.2.1","4.4.18, 5.0.10, 6.1.9","Yes","No","No","@google-cloud/firestore@0.8.2","N/A","N/A"
"CVE-2021-32803","nodejs-tar: Insufficient symlink protection allowing arbitrary file creation and overwrite","HIGH","repo-2","","package.json","29","2025-01-30T09:51:03.898Z","Active","tar","4.4.8","3.2.3, 4.4.15, 5.0.7, 6.1.2","Yes","No","No","@firebase/firestore@1.0.3,@google-cloud/firestore@0.8.2","N/A","N/A"
"CVE-2021-32804","nodejs-tar: Insufficient absolute path sanitization allowing arbitrary file creation and overwrite","HIGH","repo-2","","package.json","29","2025-01-30T09:51:03.898Z","Active","tar","4.4.8","3.2.2, 4.4.14, 5.0.6, 6.1.1","Yes","No","No","@firebase/firestore@1.0.3,@google-cloud/firestore@0.8.2","N/A","N/A"
"CVE-2021-37701","nodejs-tar: Insufficient symlink protection due to directory cache poisoning using symbolic links allowing arbitrary file creation and overwrite","HIGH","repo-2","","package.json","29","2025-01-30T09:51:03.898Z","Active","tar","4.4.8","4.4.16, 5.0.8, 6.1.7","Yes","No","No","@firebase/firestore@1.0.3,@google-cloud/firestore@0.8.2","N/A","N/A"
"CVE-2021-37712","nodejs-tar: Insufficient symlink protection due to directory cache poisoning using symbolic links allowing arbitrary file creation and overwrite","HIGH","repo-2","","package.json","29","2025-01-30T09:51:03.898Z","Active","tar","4.4.8","4.4.18, 5.0.10, 6.1.9","Yes","No","No","@firebase/firestore@1.0.3,@google-cloud/firestore@0.8.2","N/A","N/A"
"CVE-2021-37713","nodejs-tar: Arbitrary File Creation/Overwrite on Windows via insufficient relative path sanitization","HIGH","repo-2","","package.json","29","2025-01-30T09:51:03.898Z","Active","tar","4.4.8","4.4.18, 5.0.10, 6.1.9","Yes","No","No","@firebase/firestore@1.0.3,@google-cloud/firestore@0.8.2","N/A","N/A"
"CVE-2022-4065","testng: a path traversal in zip files","HIGH","android-app","https://github.com/bugs-bashing-mor/android-app/blob/649880f4ac6b56159ff0dd91f6a20bedd002ba09/folder1%20copy%2010/build.gradle#L1-L1","folder1 copy 10/build.gradle","N/A","2025-01-27T09:35:24.639Z","Active","org.testng:testng","7.5","7.5.1, 7.7.0","Yes","No","No","-","N/A","N/A"
"CVE-2022-4065","testng: a path traversal in zip files","HIGH","android-app","https://github.com/bugs-bashing-mor/android-app/blob/649880f4ac6b56159ff0dd91f6a20bedd002ba09/folder1%20copy%2010/folder1%20copy%208/build.gradle#L1-L1","folder1 copy 10/folder1 copy 8/build.gradle","N/A","2025-01-27T09:35:24.639Z","Active","org.testng:testng","7.5","7.5.1, 7.7.0","Yes","No","No","-","N/A","N/A"
"CVE-2022-4065","testng: a path traversal in zip files","HIGH","android-app","https://github.com/bugs-bashing-mor/android-app/blob/649880f4ac6b56159ff0dd91f6a20bedd002ba09/folder1%20copy%2010/folder1%20copy%208/folder1/build.gradle#L1-L1","folder1 copy 10/folder1 copy 8/folder1/build.gradle","N/A","2025-01-27T09:35:24.639Z","Active","org.testng:testng","7.5","7.5.1, 7.7.0","Yes","No","No","-","N/A","N/A"
"CVE-2022-4065","testng: a path traversal in zip files","HIGH","android-app","https://github.com/bugs-bashing-mor/android-app/blob/649880f4ac6b56159ff0dd91f6a20bedd002ba09/folder1%20copy%2010/folder1%20copy%208/folder1/folder1/build.gradle#L1-L1","folder1 copy 10/folder1 copy 8/folder1/folder1/build.gradle","N/A","2025-01-27T09:35:24.639Z","Active","org.testng:testng","7.5","7.5.1, 7.7.0","Yes","No","No","-","N/A","N/A"
"CVE-2022-4065","testng: a path traversal in zip files","HIGH","android-app","https://github.com/bugs-bashing-mor/android-app/blob/649880f4ac6b56159ff0dd91f6a20bedd002ba09/folder1%20copy%2010/folder1%20copy%208/folder1/folder1/folder1/build.gradle#L1-L1","folder1 copy 10/folder1 copy 8/folder1/folder1/folder1/build.gradle","N/A","2025-01-27T09:35:24.639Z","Active","org.testng:testng","7.5","7.5.1, 7.7.0","Yes","No","No","-","N/A","N/A"
"CVE-2022-4065","testng: a path traversal in zip files","HIGH","android-app","https://github.com/bugs-bashing-mor/android-app/blob/649880f4ac6b56159ff0dd91f6a20bedd002ba09/folder1%20copy%2010/folder1/build.gradle#L1-L1","folder1 copy 10/folder1/build.gradle","N/A","2025-01-27T09:35:24.639Z","Active","org.testng:testng","7.5","7.5.1, 7.7.0","Yes","No","No","-","N/A","N/A"
"CVE-2022-4065","testng: a path traversal in zip files","HIGH","android-app","https://github.com/bugs-bashing-mor/android-app/blob/649880f4ac6b56159ff0dd91f6a20bedd002ba09/folder1%20copy%2010/folder1/folder1/build.gradle#L1-L1","folder1 copy 10/folder1/folder1/build.gradle","N/A","2025-01-27T09:35:24.639Z","Active","org.testng:testng","7.5","7.5.1, 7.7.0","Yes","No","No","-","N/A","N/A"
"CVE-2022-4065","testng: a path traversal in zip files","HIGH","android-app","https://github.com/bugs-bashing-mor/android-app/blob/649880f4ac6b56159ff0dd91f6a20bedd002ba09/folder1%20copy%2010/folder1/folder1/folder1/build.gradle#L1-L1","folder1 copy 10/folder1/folder1/folder1/build.gradle","N/A","2025-01-27T09:35:24.639Z","Active","org.testng:testng","7.5","7.5.1, 7.7.0","Yes","No","No","-","N/A","N/A"
"CVE-2022-4065","testng: a path traversal in zip files","HIGH","android-app","https://github.com/bugs-bashing-mor/android-app/blob/649880f4ac6b56159ff0dd91f6a20bedd002ba09/folder1%20copy%2011/build.gradle#L1-L1","folder1 copy 11/build.gradle","N/A","2025-01-27T09:35:24.639Z","Active","org.testng:testng","7.5","7.5.1, 7.7.0","Yes","No","No","-","N/A","N/A"
"CVE-2022-4065","testng: a path traversal in zip files","HIGH","android-app","https://github.com/bugs-bashing-mor/android-app/blob/649880f4ac6b56159ff0dd91f6a20bedd002ba09/folder1%20copy%2011/folder1%20copy%208/build.gradle#L1-L1","folder1 copy 11/folder1 copy 8/build.gradle","N/A","2025-01-27T09:35:24.639Z","Active","org.testng:testng","7.5","7.5.1, 7.7.0","Yes","No","No","-","N/A","N/A"
"CVE-2022-4065","testng: a path traversal in zip files","HIGH","android-app","https://github.com/bugs-bashing-mor/android-app/blob/649880f4ac6b56159ff0dd91f6a20bedd002ba09/folder1%20copy%2011/folder1%20copy%208/folder1/build.gradle#L1-L1","folder1 copy 11/folder1 copy 8/folder1/build.gradle","N/A","2025-01-27T09:35:24.639Z","Active","org.testng:testng","7.5","7.5.1, 7.7.0","Yes","No","No","-","N/A","N/A"
"CVE-2022-4065","testng: a path traversal in zip files","HIGH","android-app","https://github.com/bugs-bashing-mor/android-app/blob/649880f4ac6b56159ff0dd91f6a20bedd002ba09/folder1%20copy%2011/folder1%20copy%208/folder1/folder1/build.gradle#L1-L1","folder1 copy 11/folder1 copy 8/folder1/folder1/build.gradle","N/A","2025-01-27T09:35:24.639Z","Active","org.testng:testng","7.5","7.5.1, 7.7.0","Yes","No","No","-","N/A","N/A"
"CVE-2022-4065","testng: a path traversal in zip files","HIGH","android-app","https://github.com/bugs-bashing-mor/android-app/blob/649880f4ac6b56159ff0dd91f6a20bedd002ba09/folder1%20copy%2011/folder1%20copy%208/folder1/folder1/folder1/build.gradle#L1-L1","folder1 copy 11/folder1 copy 8/folder1/folder1/folder1/build.gradle","N/A","2025-01-27T09:35:24.639Z","Active","org.testng:testng","7.5","7.5.1, 7.7.0","Yes","No","No","-","N/A","N/A"
"CVE-2022-4065","testng: a path traversal in zip files","HIGH","android-app","https://github.com/bugs-bashing-mor/android-app/blob/649880f4ac6b56159ff0dd91f6a20bedd002ba09/folder1%20copy%2011/folder1/build.gradle#L1-L1","folder1 copy 11/folder1/build.gradle","N/A","2025-01-27T09:35:24.639Z","Active","org.testng:testng","7.5","7.5.1, 7.7.0","Yes","No","No","-","N/A","N/A"
"CVE-2022-4065","testng: a path traversal in zip files","HIGH","android-app","https://github.com/bugs-bashing-mor/android-app/blob/649880f4ac6b56159ff0dd91f6a20bedd002ba09/folder1%20copy%2011/folder1/folder1/build.gradle#L1-L1","folder1 copy 11/folder1/folder1/build.gradle","N/A","2025-01-27T09:35:24.639Z","Active","org.testng:testng","7.5","7.5.1, 7.7.0","Yes","No","No","-","N/A","N/A"
"CVE-2022-4065","testng: a path traversal in zip files","HIGH","android-app","https://github.com/bugs-bashing-mor/android-app/blob/649880f4ac6b56159ff0dd91f6a20bedd002ba09/folder1%20copy%2011/folder1/folder1/folder1/build.gradle#L1-L1","folder1 copy 11/folder1/folder1/folder1/build.gradle","N/A","2025-01-27T09:35:24.639Z","Active","org.testng:testng","7.5","7.5.1, 7.7.0","Yes","No","No","-","N/A","N/A"
"CVE-2022-4065","testng: a path traversal in zip files","HIGH","android-app","https://github.com/bugs-bashing-mor/android-app/blob/649880f4ac6b56159ff0dd91f6a20bedd002ba09/folder1%20copy%202/build.gradle#L1-L1","folder1 copy 2/build.gradle","N/A","2025-01-27T09:35:24.639Z","Active","org.testng:testng","7.5","7.5.1, 7.7.0","Yes","No","No","-","N/A","N/A"
"CVE-2022-4065","testng: a path traversal in zip files","HIGH","android-app","https://github.com/bugs-bashing-mor/android-app/blob/649880f4ac6b56159ff0dd91f6a20bedd002ba09/folder1%20copy%202/folder1/build.gradle#L1-L1","folder1 copy 2/folder1/build.gradle","N/A","2025-01-27T09:35:24.639Z","Active","org.testng:testng","7.5","7.5.1, 7.7.0","Yes","No","No","-","N/A","N/A"
"CVE-2022-4065","testng: a path traversal in zip files","HIGH","android-app","https://github.com/bugs-bashing-mor/android-app/blob/649880f4ac6b56159ff0dd91f6a20bedd002ba09/folder1%20copy%202/folder1/folder1/build.gradle#L1-L1","folder1 copy 2/folder1/folder1/build.gradle","N/A","2025-01-27T09:35:24.639Z","Active","org.testng:testng","7.5","7.5.1, 7.7.0","Yes","No","No","-","N/A","N/A"
"CVE-2022-4065","testng: a path traversal in zip files","HIGH","android-app","https://github.com/bugs-bashing-mor/android-app/blob/649880f4ac6b56159ff0dd91f6a20bedd002ba09/folder1%20copy%202/folder1/folder1/folder1/folder1/build.gradle#L1-L1","folder1 copy 2/folder1/folder1/folder1/folder1/build.gradle","N/A","2025-01-27T09:35:24.639Z","Active","org.testng:testng","7.5","7.5.1, 7.7.0","Yes","No","No","-","N/A","N/A"
"CVE-2022-4065","testng: a path traversal in zip files","HIGH","android-app","https://github.com/bugs-bashing-mor/android-app/blob/649880f4ac6b56159ff0dd91f6a20bedd002ba09/folder1%20copy%203/folder1/build.gradle#L1-L1","folder1 copy 3/folder1/build.gradle","N/A","2025-01-27T09:35:24.639Z","Active","org.testng:testng","7.5","7.5.1, 7.7.0","Yes","No","No","-","N/A","N/A"
"CVE-2022-4065","testng: a path traversal in zip files","HIGH","android-app","https://github.com/bugs-bashing-mor/android-app/blob/649880f4ac6b56159ff0dd91f6a20bedd002ba09/folder1%20copy%203/folder1/folder1/build.gradle#L1-L1","folder1 copy 3/folder1/folder1/build.gradle","N/A","2025-01-27T09:35:24.639Z","Active","org.testng:testng","7.5","7.5.1, 7.7.0","Yes","No","No","-","N/A","N/A"
"CVE-2022-4065","testng: a path traversal in zip files","HIGH","android-app","https://github.com/bugs-bashing-mor/android-app/blob/649880f4ac6b56159ff0dd91f6a20bedd002ba09/folder1%20copy%203/folder1/folder1/folder1/build.gradle#L1-L1","folder1 copy 3/folder1/folder1/folder1/build.gradle","N/A","2025-01-27T09:35:24.639Z","Active","org.testng:testng","7.5","7.5.1, 7.7.0","Yes","No","No","-","N/A","N/A"
"CVE-2022-4065","testng: a path traversal in zip files","HIGH","android-app","https://github.com/bugs-bashing-mor/android-app/blob/649880f4ac6b56159ff0dd91f6a20bedd002ba09/folder1%20copy%203/folder1/folder1/folder1/folder1/build.gradle#L1-L1","folder1 copy 3/folder1/folder1/folder1/folder1/build.gradle","N/A","2025-01-30T08:27:19.277Z","Active","org.testng:testng","7.5","7.5.1, 7.7.0","Yes","No","No","-","N/A","N/A"
"CVE-2022-4065","testng: a path traversal in zip files","HIGH","android-app","https://github.com/bugs-bashing-mor/android-app/blob/649880f4ac6b56159ff0dd91f6a20bedd002ba09/folder1%20copy%203/folder1/folder1/folder1/folder1/folder1/build.gradle#L1-L1","folder1 copy 3/folder1/folder1/folder1/folder1/folder1/build.gradle","N/A","2025-01-30T08:15:52.042Z","Active","org.testng:testng","7.5","7.5.1, 7.7.0","Yes","No","No","-","N/A","N/A"
"CVE-2022-4065","testng: a path traversal in zip files","HIGH","android-app","https://github.com/bugs-bashing-mor/android-app/blob/649880f4ac6b56159ff0dd91f6a20bedd002ba09/folder1%20copy%204/build.gradle#L1-L1","folder1 copy 4/build.gradle","N/A","2025-01-30T08:15:52.042Z","Active","org.testng:testng","7.5","7.5.1, 7.7.0","Yes","No","No","-","N/A","N/A"
"CVE-2022-4065","testng: a path traversal in zip files","HIGH","android-app","https://github.com/bugs-bashing-mor/android-app/blob/649880f4ac6b56159ff0dd91f6a20bedd002ba09/folder1%20copy%204/folder1/build.gradle#L1-L1","folder1 copy 4/folder1/build.gradle","N/A","2025-01-27T09:35:24.639Z","Active","org.testng:testng","7.5","7.5.1, 7.7.0","Yes","No","No","-","N/A","N/A"
"CVE-2022-4065","testng: a path traversal in zip files","HIGH","android-app","https://github.com/bugs-bashing-mor/android-app/blob/649880f4ac6b56159ff0dd91f6a20bedd002ba09/folder1%20copy%204/folder1/folder1/build.gradle#L1-L1","folder1 copy 4/folder1/folder1/build.gradle","N/A","2025-01-27T09:35:24.639Z","Active","org.testng:testng","7.5","7.5.1, 7.7.0","Yes","No","No","-","N/A","N/A"
"CVE-2022-4065","testng: a path traversal in zip files","HIGH","android-app","https://github.com/bugs-bashing-mor/android-app/blob/649880f4ac6b56159ff0dd91f6a20bedd002ba09/folder1%20copy%204/folder1/folder1/folder1/build.gradle#L1-L1","folder1 copy 4/folder1/folder1/folder1/build.gradle","N/A","2025-01-27T09:35:24.639Z","Active","org.testng:testng","7.5","7.5.1, 7.7.0","Yes","No","No","-","N/A","N/A"
"CVE-2022-4065","testng: a path traversal in zip files","HIGH","android-app","https://github.com/bugs-bashing-mor/android-app/blob/649880f4ac6b56159ff0dd91f6a20bedd002ba09/folder1%20copy%204/folder1/folder1/folder1/folder1/build.gradle#L1-L1","folder1 copy 4/folder1/folder1/folder1/folder1/build.gradle","N/A","2025-01-27T09:35:24.639Z","Active","org.testng:testng","7.5","7.5.1, 7.7.0","Yes","No","No","-","N/A","N/A"
"CVE-2022-4065","testng: a path traversal in zip files","HIGH","android-app","https://github.com/bugs-bashing-mor/android-app/blob/649880f4ac6b56159ff0dd91f6a20bedd002ba09/folder1%20copy%204/folder1/folder1/folder1/folder1/folder1/build.gradle#L1-L1","folder1 copy 4/folder1/folder1/folder1/folder1/folder1/build.gradle","N/A","2025-01-27T09:35:24.639Z","Active","org.testng:testng","7.5","7.5.1, 7.7.0","Yes","No","No","-","N/A","N/A"
"CVE-2022-4065","testng: a path traversal in zip files","HIGH","android-app","https://github.com/bugs-bashing-mor/android-app/blob/649880f4ac6b56159ff0dd91f6a20bedd002ba09/folder1%20copy%204/folder1/folder1/folder1/folder1/folder1/folder1/build.gradle#L1-L1","folder1 copy 4/folder1/folder1/folder1/folder1/folder1/folder1/build.gradle","N/A","2025-01-27T09:35:24.639Z","Active","org.testng:testng","7.5","7.5.1, 7.7.0","Yes","No","No","-","N/A","N/A"
"CVE-2022-4065","testng: a path traversal in zip files","HIGH","android-app","https://github.com/bugs-bashing-mor/android-app/blob/649880f4ac6b56159ff0dd91f6a20bedd002ba09/folder1%20copy%205/build.gradle#L1-L1","folder1 copy 5/build.gradle","N/A","2025-01-27T09:35:24.639Z","Active","org.testng:testng","7.5","7.5.1, 7.7.0","Yes","No","No","-","N/A","N/A"
"CVE-2022-4065","testng: a path traversal in zip files","HIGH","android-app","https://github.com/bugs-bashing-mor/android-app/blob/649880f4ac6b56159ff0dd91f6a20bedd002ba09/folder1%20copy%206/build.gradle#L1-L1","folder1 copy 6/build.gradle","N/A","2025-01-27T09:35:24.639Z","Active","org.testng:testng","7.5","7.5.1, 7.7.0","Yes","No","No","-","N/A","N/A"
"CVE-2022-4065","testng: a path traversal in zip files","HIGH","android-app","https://github.com/bugs-bashing-mor/android-app/blob/649880f4ac6b56159ff0dd91f6a20bedd002ba09/folder1%20copy%207/build.gradle#L1-L1","folder1 copy 7/build.gradle","N/A","2025-01-27T09:35:24.639Z","Active","org.testng:testng","7.5","7.5.1, 7.7.0","Yes","No","No","-","N/A","N/A"
"CVE-2022-4065","testng: a path traversal in zip files","HIGH","android-app","https://github.com/bugs-bashing-mor/android-app/blob/649880f4ac6b56159ff0dd91f6a20bedd002ba09/folder1%20copy%208/build.gradle#L1-L1","folder1 copy 8/build.gradle","N/A","2025-01-27T09:35:24.639Z","Active","org.testng:testng","7.5","7.5.1, 7.7.0","Yes","No","No","-","N/A","N/A"
"CVE-2022-4065","testng: a path traversal in zip files","HIGH","android-app","https://github.com/bugs-bashing-mor/android-app/blob/649880f4ac6b56159ff0dd91f6a20bedd002ba09/folder1%20copy%208/folder1/build.gradle#L1-L1","folder1 copy 8/folder1/build.gradle","N/A","2025-01-27T09:35:24.639Z","Active","org.testng:testng","7.5","7.5.1, 7.7.0","Yes","No","No","-","N/A","N/A"
"CVE-2022-4065","testng: a path traversal in zip files","HIGH","android-app","https://github.com/bugs-bashing-mor/android-app/blob/649880f4ac6b56159ff0dd91f6a20bedd002ba09/folder1%20copy%208/folder1/folder1/build.gradle#L1-L1","folder1 copy 8/folder1/folder1/build.gradle","N/A","2025-01-30T08:15:52.042Z","Active","org.testng:testng","7.5","7.5.1, 7.7.0","Yes","No","No","-","N/A","N/A"
"CVE-2022-4065","testng: a path traversal in zip files","HIGH","android-app","https://github.com/bugs-bashing-mor/android-app/blob/649880f4ac6b56159ff0dd91f6a20bedd002ba09/folder1%20copy%208/folder1/folder1/folder1/build.gradle#L1-L1","folder1 copy 8/folder1/folder1/folder1/build.gradle","N/A","2025-02-01T09:27:34.359Z","Active","org.testng:testng","7.5","7.5.1, 7.7.0","Yes","No","No","-","N/A","N/A"
"CVE-2022-4065","testng: a path traversal in zip files","HIGH","android-app","https://github.com/bugs-bashing-mor/android-app/blob/649880f4ac6b56159ff0dd91f6a20bedd002ba09/folder1%20copy%209/build.gradle#L1-L1","folder1 copy 9/build.gradle","N/A","2025-01-30T08:15:52.042Z","Active","org.testng:testng","7.5","7.5.1, 7.7.0","Yes","No","No","-","N/A","N/A"
"CVE-2022-4065","testng: a path traversal in zip files","HIGH","android-app","https://github.com/bugs-bashing-mor/android-app/blob/649880f4ac6b56159ff0dd91f6a20bedd002ba09/folder1%20copy%209/folder1%20copy%208/build.gradle#L1-L1","folder1 copy 9/folder1 copy 8/build.gradle","N/A","2025-02-05T13:50:29.755Z","Active","org.testng:testng","7.5","7.5.1, 7.7.0","Yes","No","No","-","N/A","N/A"
"CVE-2022-4065","testng: a path traversal in zip files","HIGH","android-app","https://github.com/bugs-bashing-mor/android-app/blob/649880f4ac6b56159ff0dd91f6a20bedd002ba09/folder1%20copy%209/folder1%20copy%208/folder1/build.gradle#L1-L1","folder1 copy 9/folder1 copy 8/folder1/build.gradle","N/A","2025-01-30T08:15:52.042Z","Active","org.testng:testng","7.5","7.5.1, 7.7.0","Yes","No","No","-","N/A","N/A"
"CVE-2022-4065","testng: a path traversal in zip files","HIGH","android-app","https://github.com/bugs-bashing-mor/android-app/blob/649880f4ac6b56159ff0dd91f6a20bedd002ba09/folder1%20copy%209/folder1%20copy%208/folder1/folder1/build.gradle#L1-L1","folder1 copy 9/folder1 copy 8/folder1/folder1/build.gradle","N/A","2025-02-05T13:50:29.755Z","Active","org.testng:testng","7.5","7.5.1, 7.7.0","Yes","No","No","-","N/A","N/A"
"CVE-2022-4065","testng: a path traversal in zip files","HIGH","android-app","https://github.com/bugs-bashing-mor/android-app/blob/649880f4ac6b56159ff0dd91f6a20bedd002ba09/folder1%20copy%209/folder1%20copy%208/folder1/folder1/folder1/build.gradle#L1-L1","folder1 copy 9/folder1 copy 8/folder1/folder1/folder1/build.gradle","N/A","2025-02-05T13:50:29.755Z","Active","org.testng:testng","7.5","7.5.1, 7.7.0","Yes","No","No","-","N/A","N/A"
"CVE-2022-4065","testng: a path traversal in zip files","HIGH","android-app","https://github.com/bugs-bashing-mor/android-app/blob/649880f4ac6b56159ff0dd91f6a20bedd002ba09/folder1%20copy%209/folder1/build.gradle#L1-L1","folder1 copy 9/folder1/build.gradle","N/A","2025-01-30T08:15:52.042Z","Active","org.testng:testng","7.5","7.5.1, 7.7.0","Yes","No","No","-","N/A","N/A"
"CVE-2022-4065","testng: a path traversal in zip files","HIGH","android-app","https://github.com/bugs-bashing-mor/android-app/blob/649880f4ac6b56159ff0dd91f6a20bedd002ba09/folder1%20copy%209/folder1/folder1/build.gradle#L1-L1","folder1 copy 9/folder1/folder1/build.gradle","N/A","2025-02-01T09:27:34.359Z","Active","org.testng:testng","7.5","7.5.1, 7.7.0","Yes","No","No","-","N/A","N/A"
"CVE-2022-4065","testng: a path traversal in zip files","HIGH","android-app","https://github.com/bugs-bashing-mor/android-app/blob/649880f4ac6b56159ff0dd91f6a20bedd002ba09/folder1%20copy%209/folder1/folder1/folder1/build.gradle#L1-L1","folder1 copy 9/folder1/folder1/folder1/build.gradle","N/A","2025-01-30T08:15:52.042Z","Active","org.testng:testng","7.5","7.5.1, 7.7.0","Yes","No","No","-","N/A","N/A"
"CVE-2022-4065","testng: a path traversal in zip files","HIGH","android-app","https://github.com/bugs-bashing-mor/android-app/blob/649880f4ac6b56159ff0dd91f6a20bedd002ba09/folder1%20copy/build.gradle#L1-L1","folder1 copy/build.gradle","N/A","2025-01-27T09:35:24.639Z","Active","org.testng:testng","7.5","7.5.1, 7.7.0","Yes","No","No","-","N/A","N/A"
"CVE-2022-4065","testng: a path traversal in zip files","HIGH","android-app","https://github.com/bugs-bashing-mor/android-app/blob/649880f4ac6b56159ff0dd91f6a20bedd002ba09/folder1%20copy/folder1/build.gradle#L1-L1","folder1 copy/folder1/build.gradle","N/A","2025-01-27T09:35:24.639Z","Active","org.testng:testng","7.5","7.5.1, 7.7.0","Yes","No","No","-","N/A","N/A"
"CVE-2022-4065","testng: a path traversal in zip files","HIGH","android-app","https://github.com/bugs-bashing-mor/android-app/blob/649880f4ac6b56159ff0dd91f6a20bedd002ba09/folder1%20copy/folder1/folder1/build.gradle#L1-L1","folder1 copy/folder1/folder1/build.gradle","N/A","2025-01-27T09:35:24.639Z","Active","org.testng:testng","7.5","7.5.1, 7.7.0","Yes","No","No","-","N/A","N/A"
"CVE-2022-4065","testng: a path traversal in zip files","HIGH","android-app","https://github.com/bugs-bashing-mor/android-app/blob/649880f4ac6b56159ff0dd91f6a20bedd002ba09/folder1%20copy/folder1/folder1/folder1/build.gradle#L1-L1","folder1 copy/folder1/folder1/folder1/build.gradle","N/A","2025-01-27T09:35:24.639Z","Active","org.testng:testng","7.5","7.5.1, 7.7.0","Yes","No","No","-","N/A","N/A"
"CVE-2022-4065","testng: a path traversal in zip files","HIGH","android-app","https://github.com/bugs-bashing-mor/android-app/blob/649880f4ac6b56159ff0dd91f6a20bedd002ba09/folder1%20copy/folder1/folder1/folder1/folder1/build.gradle#L1-L1","folder1 copy/folder1/folder1/folder1/folder1/build.gradle","N/A","2025-01-27T09:35:24.639Z","Active","org.testng:testng","7.5","7.5.1, 7.7.0","Yes","No","No","-","N/A","N/A"
"CVE-2022-4065","testng: a path traversal in zip files","HIGH","android-app","https://github.com/bugs-bashing-mor/android-app/blob/649880f4ac6b56159ff0dd91f6a20bedd002ba09/folder1%20copy/folder1/folder1/folder1/folder1/folder1/build.gradle#L1-L1","folder1 copy/folder1/folder1/folder1/folder1/folder1/build.gradle","N/A","2025-01-27T09:35:24.639Z","Active","org.testng:testng","7.5","7.5.1, 7.7.0","Yes","No","No","-","N/A","N/A"
"CVE-2022-4065","testng: a path traversal in zip files","HIGH","android-app","https://github.com/bugs-bashing-mor/android-app/blob/649880f4ac6b56159ff0dd91f6a20bedd002ba09/folder1%20copy/folder1/folder1/folder1/folder1/folder1/folder1/build.gradle#L1-L1","folder1 copy/folder1/folder1/folder1/folder1/folder1/folder1/build.gradle","N/A","2025-01-27T09:35:24.639Z","Active","org.testng:testng","7.5","7.5.1, 7.7.0","Yes","No","No","-","N/A","N/A"
"CVE-2022-4065","testng: a path traversal in zip files","HIGH","android-app","https://github.com/bugs-bashing-mor/android-app/blob/649880f4ac6b56159ff0dd91f6a20bedd002ba09/folder1/build.gradle#L1-L1","folder1/build.gradle","N/A","2025-01-27T09:35:24.639Z","Active","org.testng:testng","7.5","7.5.1, 7.7.0","Yes","No","No","-","N/A","N/A"
"CVE-2021-25329","tomcat: Incomplete fix for CVE-2020-9484 (RCE via session persistence)","HIGH","Backend","","pom.xml","N/A","2025-01-27T08:46:42.910Z","Active","org.apache.tomcat.embed:tomcat-embed-core","9.0.37","10.0.2, 9.0.41, 8.5.61, 7.0.108","Yes","No","No","org.springframework.boot:spring-boot-starter-web:2.3.3.RELEASE","N/A","N/A"
"CVE-2021-31811","pdfbox: OutOfMemory-Exception while loading a crafted PDF file","MEDIUM","Backend","","pom.xml","N/A","2025-01-27T08:46:42.910Z","Active","org.apache.pdfbox:pdfbox","2.0.4","2.0.24","Yes","No","Yes","-","N/A","N/A"
"CVE-2021-31812","pdfbox: infinite loop while loading a crafted PDF file","MEDIUM","Backend","","pom.xml","N/A","2025-01-27T08:46:42.910Z","Active","org.apache.pdfbox:pdfbox","2.0.4","2.0.24","Yes","No","Yes","-","N/A","N/A"
"CVE-2021-25122","tomcat: Request mix-up with h2c","HIGH","Backend","","pom.xml","N/A","2025-01-27T08:46:42.910Z","Active","org.apache.tomcat.embed:tomcat-embed-core","9.0.37","10.0.2, 9.0.43, 8.5.63","Yes","No","No","org.springframework.boot:spring-boot-starter-web:2.3.3.RELEASE","N/A","N/A"
"CVE-2022-1471","SnakeYaml: Constructor Deserialization Remote Code Execution","HIGH","Backend","","pom.xml","N/A","2025-01-27T08:46:42.910Z","Active","org.yaml:snakeyaml","1.26","2.0","Yes","No","No","org.springframework.boot:spring-boot-starter-web:2.3.3.RELEASE,org.springframework.boot:spring-boot-starter-data-jpa:2.3.3.RELEASE,org.springframework.boot:spring-boot-starter-security:2.3.3.RELEASE","N/A","N/A"
"CVE-2023-6378","logback: serialization vulnerability in logback receiver","HIGH","Backend","","pom.xml","N/A","2025-01-27T08:46:42.910Z","Active","ch.qos.logback:logback-classic","1.2.3","1.3.12, 1.4.12, 1.2.13","Yes","No","No","org.springframework.boot:spring-boot-starter-security:2.3.3.RELEASE,org.springframework.boot:spring-boot-starter-web:2.3.3.RELEASE,org.springframework.boot:spring-boot-starter-data-jpa:2.3.3.RELEASE","N/A","N/A"
"CVE-2023-6378","logback: serialization vulnerability in logback receiver","HIGH","Backend","","pom.xml","N/A","2025-01-27T08:46:42.910Z","Active","ch.qos.logback:logback-core","1.2.3","1.3.12, 1.4.12, 1.2.13","Yes","No","No","org.springframework.boot:spring-boot-starter-security:2.3.3.RELEASE,org.springframework.boot:spring-boot-starter-web:2.3.3.RELEASE,org.springframework.boot:spring-boot-starter-data-jpa:2.3.3.RELEASE","N/A","N/A"
"CVE-2021-27807","pdfbox: infinite loop while loading a crafted PDF file","MEDIUM","Backend","","pom.xml","N/A","2025-01-27T08:46:42.910Z","Active","org.apache.pdfbox:pdfbox","2.0.4","2.0.23","Yes","No","Yes","-","N/A","N/A"
"CVE-2021-42550","logback: remote code execution through JNDI call from within its configuration file","MEDIUM","Backend","","pom.xml","N/A","2025-01-27T08:46:42.910Z","Active","ch.qos.logback:logback-core","1.2.3","1.2.9","Yes","No","No","org.springframework.boot:spring-boot-starter-security:2.3.3.RELEASE,org.springframework.boot:spring-boot-starter-web:2.3.3.RELEASE,org.springframework.boot:spring-boot-starter-data-jpa:2.3.3.RELEASE","N/A","N/A"
"CVE-2024-12798","logback-core: arbitrary code execution via JaninoEventEvaluator","MEDIUM","Backend","","pom.xml","N/A","2025-01-27T08:46:42.910Z","Active","ch.qos.logback:logback-core","1.2.3","1.5.13, 1.3.15","Yes","No","No","org.springframework.boot:spring-boot-starter-web:2.3.3.RELEASE,org.springframework.boot:spring-boot-starter-data-jpa:2.3.3.RELEASE,org.springframework.boot:spring-boot-starter-security:2.3.3.RELEASE","N/A","N/A"
"CVE-2024-12801","logback-core: SaxEventRecorder vulnerable to Server-Side Request Forgery (SSRF) attacks","LOW","Backend","","pom.xml","N/A","2025-01-27T08:46:42.910Z","Active","ch.qos.logback:logback-core","1.2.3","1.5.13, 1.3.15","Yes","No","No","org.springframework.boot:spring-boot-starter-security:2.3.3.RELEASE,org.springframework.boot:spring-boot-starter-web:2.3.3.RELEASE,org.springframework.boot:spring-boot-starter-data-jpa:2.3.3.RELEASE","N/A","N/A"
"CVE-2020-36518","jackson-databind: denial of service via a large depth of nested objects","HIGH","Backend","","pom.xml","N/A","2025-01-27T08:46:42.910Z","Active","com.fasterxml.jackson.core:jackson-databind","2.11.2","2.13.2.1, 2.12.6.1","Yes","No","No","io.jsonwebtoken:jjwt:0.9.1,org.springframework.boot:spring-boot-starter-web:2.3.3.RELEASE","N/A","N/A"
"CVE-2021-46877","jackson-databind: Possible DoS if using JDK serialization to serialize JsonNode","HIGH","Backend","","pom.xml","N/A","2025-01-27T08:46:42.910Z","Active","com.fasterxml.jackson.core:jackson-databind","2.11.2","2.12.6, 2.13.1","Yes","No","No","io.jsonwebtoken:jjwt:0.9.1,org.springframework.boot:spring-boot-starter-web:2.3.3.RELEASE","N/A","N/A"
"CVE-2022-42003","jackson-databind: deep wrapper array nesting wrt UNWRAP_SINGLE_VALUE_ARRAYS","HIGH","Backend","","pom.xml","N/A","2025-01-27T08:46:42.910Z","Active","com.fasterxml.jackson.core:jackson-databind","2.11.2","2.12.7.1, 2.13.4.2","Yes","No","No","io.jsonwebtoken:jjwt:0.9.1,org.springframework.boot:spring-boot-starter-web:2.3.3.RELEASE","N/A","N/A"
"CVE-2022-42004","jackson-databind: use of deeply nested arrays","HIGH","Backend","","pom.xml","N/A","2025-01-27T08:46:42.910Z","Active","com.fasterxml.jackson.core:jackson-databind","2.11.2","2.12.7.1, 2.13.4","Yes","No","No","org.springframework.boot:spring-boot-starter-web:2.3.3.RELEASE,io.jsonwebtoken:jjwt:0.9.1","N/A","N/A"
"CVE-2021-43113","iTextPDF in iText 7 and up to (excluding 4.4.13.3) 7.1.17 allows comma ...","CRITICAL","Backend","","pom.xml","N/A","2025-01-27T08:46:42.910Z","Active","com.itextpdf:itextpdf","5.5.10","5.5.13.3","Yes","Yes","Yes","-","N/A","N/A"
"CVE-2017-9096","itext: External entities not disabled","HIGH","Backend","","pom.xml","N/A","2025-01-27T08:46:42.910Z","Active","com.itextpdf:itextpdf","5.5.10","5.5.12, 7.0.3","Yes","Yes","Yes","-","N/A","N/A"
"CVE-2021-27906","pdfbox: OutOfMemory-Exception while loading a crafted PDF file","MEDIUM","Backend","","pom.xml","N/A","2025-01-27T08:46:42.910Z","Active","org.apache.pdfbox:pdfbox","2.0.4","2.0.23","Yes","No","Yes","-","N/A","N/A"
"CVE-2024-47554","apache-commons-io: Possible denial of service attack on untrusted input to XmlStreamReader","HIGH","Backend","","pom.xml","N/A","2025-01-27T08:46:42.910Z","Active","commons-io:commons-io","2.8.0","2.14.0","Yes","No","Yes","-","N/A","N/A"
"CVE-2020-15250","junit4: TemporaryFolder is shared between all users across system which could result in information disclosure","MEDIUM","Backend","","pom.xml","N/A","2025-01-27T08:46:42.910Z","Active","junit:junit","4.13","4.13.1","Yes","No","No","org.apache.pdfbox:pdfbox:2.0.4","N/A","N/A"
"CVE-2018-11797","pdfbox: unbounded computation in parser resulting in a denial of service","MEDIUM","Backend","","pom.xml","N/A","2025-01-27T08:46:42.910Z","Active","org.apache.pdfbox:pdfbox","2.0.4","1.8.16, 2.0.12","Yes","No","Yes","-","N/A","N/A"
"CVE-2018-8036","pdfbox: Infinite loop in AFMParser.java allows for out of memory erros via crafted PDF","MEDIUM","Backend","","pom.xml","N/A","2025-01-27T08:46:42.910Z","Active","org.apache.pdfbox:pdfbox","2.0.4","1.8.15, 2.0.11","Yes","No","Yes","-","N/A","N/A"
"CVE-2022-42252","tomcat: request smuggling","HIGH","Backend","","pom.xml","N/A","2025-01-27T08:46:42.910Z","Active","org.apache.tomcat.embed:tomcat-embed-core","9.0.37","8.5.83, 9.0.68, 10.0.27, 10.1.1","Yes","No","No","org.springframework.boot:spring-boot-starter-web:2.3.3.RELEASE","N/A","N/A"
"CVE-2023-24998","FileUpload: FileUpload DoS with excessive parts","HIGH","Backend","","pom.xml","N/A","2025-01-27T08:46:42.910Z","Active","org.apache.tomcat.embed:tomcat-embed-core","9.0.37","10.1.5, 11.0.0-M5, 8.5.88, 9.0.71","Yes","No","No","org.springframework.boot:spring-boot-starter-web:2.3.3.RELEASE","N/A","N/A"
"CVE-2023-46589","tomcat: HTTP request smuggling via malformed trailer headers","HIGH","Backend","","pom.xml","N/A","2025-01-27T08:46:42.910Z","Active","org.apache.tomcat.embed:tomcat-embed-core","9.0.37","11.0.0-M11, 10.1.16, 9.0.83, 8.5.96","Yes","No","No","org.springframework.boot:spring-boot-starter-web:2.3.3.RELEASE","N/A","N/A"
"CVE-2024-34750","tomcat: Improper Handling of Exceptional Conditions","HIGH","Backend","","pom.xml","N/A","2025-01-27T08:46:42.910Z","Active","org.apache.tomcat.embed:tomcat-embed-core","9.0.37","11.0.0-M21, 10.1.25, 9.0.90","Yes","No","No","org.springframework.boot:spring-boot-starter-web:2.3.3.RELEASE","N/A","N/A"
"CVE-2024-50379","tomcat: RCE due to TOCTOU issue in JSP compilation","HIGH","Backend","","pom.xml","N/A","2025-01-27T08:46:42.910Z","Active","org.apache.tomcat.embed:tomcat-embed-core","9.0.37","11.0.2, 10.1.34, 9.0.98","Yes","No","No","org.springframework.boot:spring-boot-starter-web:2.3.3.RELEASE","N/A","N/A"
"CVE-2024-56337","tomcat: Incomplete fix for CVE-2024-50379 - RCE due to TOCTOU issue in JSP compilation","HIGH","Backend","","pom.xml","N/A","2025-01-27T08:46:42.910Z","Active","org.apache.tomcat.embed:tomcat-embed-core","9.0.37","11.0.2, 10.1.34, 9.0.98","Yes","No","No","org.springframework.boot:spring-boot-starter-web:2.3.3.RELEASE","N/A","N/A"
"CVE-2021-24122","tomcat: Information disclosure when using NTFS file system","MEDIUM","Backend","","pom.xml","N/A","2025-01-27T08:46:42.910Z","Active","org.apache.tomcat.embed:tomcat-embed-core","9.0.37","10.0.0-M10, 9.0.40, 8.5.60, 7.0.107","Yes","No","No","org.springframework.boot:spring-boot-starter-web:2.3.3.RELEASE","N/A","N/A"
"CVE-2023-41080","tomcat: Open Redirect vulnerability in FORM authentication","MEDIUM","Backend","","pom.xml","N/A","2025-01-27T08:46:42.910Z","Active","org.apache.tomcat.embed:tomcat-embed-core","9.0.37","8.5.93, 9.0.80, 10.1.13, 11.0.0-M11","Yes","No","No","org.springframework.boot:spring-boot-starter-web:2.3.3.RELEASE","N/A","N/A"
"CVE-2023-42795","tomcat: improper cleaning of recycled objects could lead to information leak","MEDIUM","Backend","","pom.xml","N/A","2025-01-27T08:46:42.910Z","Active","org.apache.tomcat.embed:tomcat-embed-core","9.0.37","11.0.0-M12, 10.1.14, 9.0.81, 8.5.94","Yes","No","No","org.springframework.boot:spring-boot-starter-web:2.3.3.RELEASE","N/A","N/A"
"CVE-2023-44487","HTTP/2: Multiple HTTP/2 enabled web servers are vulnerable to a DDoS attack (Rapid Reset Attack)","MEDIUM","Backend","","pom.xml","N/A","2025-01-27T08:46:42.910Z","Active","org.apache.tomcat.embed:tomcat-embed-core","9.0.37","11.0.0-M12, 10.1.14, 9.0.81, 8.5.94","Yes","No","No","org.springframework.boot:spring-boot-starter-web:2.3.3.RELEASE","N/A","N/A"
"CVE-2023-45648","tomcat: incorrectly parsed http trailer headers can cause request smuggling","MEDIUM","Backend","","pom.xml","N/A","2025-01-27T08:46:42.910Z","Active","org.apache.tomcat.embed:tomcat-embed-core","9.0.37","11.0.0-M12, 10.1.14, 9.0.81, 8.5.94","Yes","No","No","org.springframework.boot:spring-boot-starter-web:2.3.3.RELEASE","N/A","N/A"
"CVE-2024-24549","Tomcat: HTTP/2 header handling DoS","MEDIUM","Backend","","pom.xml","N/A","2025-01-27T08:46:42.910Z","Active","org.apache.tomcat.embed:tomcat-embed-core","9.0.37","8.5.99, 9.0.86, 10.1.19, 11.0.0-M17","Yes","No","No","org.springframework.boot:spring-boot-starter-web:2.3.3.RELEASE","N/A","N/A"
"CVE-2024-23672","Tomcat: WebSocket DoS with incomplete closing handshake","MEDIUM","Backend","","pom.xml","N/A","2025-01-27T08:46:42.910Z","Active","org.apache.tomcat.embed:tomcat-embed-websocket","9.0.37","11.0.0-M17, 10.1.19, 9.0.86, 8.5.99","Yes","No","No","org.springframework.boot:spring-boot-starter-web:2.3.3.RELEASE","N/A","N/A"
"CVE-2020-15522","bouncycastle: Timing issue within the EC math library","MEDIUM","Backend","","pom.xml","N/A","2025-01-27T08:46:42.910Z","Active","org.bouncycastle:bcprov-jdk15on","1.56","1.66","Yes","No","Yes","-","N/A","N/A"
"CVE-2020-26939","In Legion of the Bouncy Castle BC before 1.61 and BC-FJA before 1.0.1. ...","MEDIUM","Backend","","pom.xml","N/A","2025-01-27T08:46:42.910Z","Active","org.bouncycastle:bcprov-jdk15on","1.56","1.61","Yes","No","Yes","-","N/A","N/A"
"CVE-2020-25638","hibernate-core: SQL injection vulnerability when both hibernate.use_sql_comments and JPQL String literals are used","HIGH","Backend","","pom.xml","N/A","2025-01-27T08:46:42.910Z","Active","org.hibernate:hibernate-core","5.4.20.Final","5.4.24.Final, 5.3.20.Final","Yes","Yes","No","org.springframework.boot:spring-boot-starter-data-jpa:2.3.3.RELEASE","N/A","N/A"
"CVE-2023-33201","bouncycastle: potential  blind LDAP injection attack using a self-signed certificate","MEDIUM","Backend","","pom.xml","N/A","2025-01-27T08:46:42.910Z","Active","org.bouncycastle:bcprov-jdk15on","1.56","-","No","No","Yes","-","N/A","N/A"
"CVE-2023-33202","bc-java: Out of memory while parsing ASN.1 crafted data in org.bouncycastle.openssl.PEMParser class","MEDIUM","Backend","","pom.xml","N/A","2025-01-27T08:46:42.910Z","Active","org.bouncycastle:bcprov-jdk15on","1.56","1.70","Yes","No","Yes","-","N/A","N/A"
"CVE-2024-29857","org.bouncycastle: Importing an EC certificate with crafted F2m parameters may lead to Denial of Service","MEDIUM","Backend","","pom.xml","N/A","2025-01-27T08:46:42.910Z","Active","org.bouncycastle:bcprov-jdk15on","1.56","1.78","Yes","No","Yes","-","N/A","N/A"
"CVE-2024-30171","bc-java: BouncyCastle vulnerable to a timing variant of Bleichenbacher (Marvin Attack)","MEDIUM","Backend","","pom.xml","N/A","2025-01-27T08:46:42.910Z","Active","org.bouncycastle:bcprov-jdk15on","1.56","1.78","Yes","No","Yes","-","N/A","N/A"
"CVE-2022-45688","json stack overflow vulnerability","HIGH","Backend","","pom.xml","N/A","2025-01-27T08:46:42.910Z","Active","org.json:json","20200518","20230227","Yes","No","Yes","-","N/A","N/A"
"CVE-2023-5072","JSON-java: parser confusion leads to OOM","HIGH","Backend","","pom.xml","N/A","2025-01-27T08:46:42.910Z","Active","org.json:json","20200518","20231013","Yes","No","Yes","-","N/A","N/A"
"CVE-2024-1597","pgjdbc: PostgreSQL JDBC Driver allows attacker to inject SQL if using PreferQueryMode=SIMPLE","CRITICAL","Backend","","pom.xml","N/A","2025-01-27T08:46:42.910Z","Active","org.postgresql:postgresql","42.2.14","42.2.28, 42.3.9, 42.4.4, 42.5.5, 42.6.1, 42.7.2","Yes","No","Yes","-","N/A","N/A"
"CVE-2022-21724","jdbc-postgresql: Unchecked Class Instantiation when providing Plugin Classes","HIGH","Backend","","pom.xml","N/A","2025-01-27T08:46:42.910Z","Active","org.postgresql:postgresql","42.2.14","42.2.25, 42.3.2","Yes","No","Yes","-","N/A","N/A"
"CVE-2022-31197","postgresql: SQL Injection in ResultSet.refreshRow() with malicious column names","HIGH","Backend","","pom.xml","N/A","2025-01-27T08:46:42.910Z","Active","org.postgresql:postgresql","42.2.14","42.2.26, 42.4.1, 42.3.7","Yes","No","Yes","-","N/A","N/A"
"CVE-2022-41946","postgresql-jdbc: Information leak of prepared statement data due to insecure temporary file permissions","MEDIUM","Backend","","pom.xml","N/A","2025-01-27T08:46:42.910Z","Active","org.postgresql:postgresql","42.2.14","42.2.27, 42.3.8, 42.4.3, 42.5.1","Yes","No","Yes","-","N/A","N/A"
"GHSA-673j-qm5f-xpv8","pgjdbc Arbitrary File Write Vulnerability","MEDIUM","Backend","","pom.xml","N/A","2025-01-27T08:46:42.910Z","Active","org.postgresql:postgresql","42.2.14","42.3.3","Yes","No","Yes","-","N/A","N/A"
"CVE-2022-26520","postgresql-jdbc: Arbitrary File Write Vulnerability","LOW","Backend","","pom.xml","N/A","2025-01-27T08:46:42.910Z","Active","org.postgresql:postgresql","42.2.14","42.3.3","Yes","No","Yes","-","N/A","N/A"
"CVE-2023-20883","spring-boot: Spring Boot Welcome Page DoS Vulnerability","HIGH","Backend","","pom.xml","N/A","2025-01-27T08:46:42.910Z","Active","org.springframework.boot:spring-boot-autoconfigure","2.3.3.RELEASE","3.0.7, 2.7.12, 2.6.15, 2.5.15","Yes","Yes","No","org.springframework.boot:spring-boot-starter-security:2.3.3.RELEASE,org.springframework.boot:spring-boot-starter-web:2.3.3.RELEASE,org.springframework.boot:spring-boot-starter-data-jpa:2.3.3.RELEASE","N/A","N/A"
"CVE-2022-22965","spring-framework: RCE via Data Binding on JDK 9+","CRITICAL","Backend","","pom.xml","N/A","2025-01-27T08:46:42.910Z","Active","org.springframework.boot:spring-boot-starter-web","2.3.3.RELEASE","2.5.12, 2.6.6","Yes","Yes","Yes","-","N/A","N/A"
"CVE-2022-22978","springframework: Authorization Bypass in RegexRequestMatcher","CRITICAL","Backend","","pom.xml","N/A","2025-01-27T08:46:42.910Z","Active","org.springframework.security:spring-security-core","5.3.4.RELEASE","5.5.7, 5.6.4, 5.4.11","Yes","Yes","No","org.springframework.boot:spring-boot-starter-security:2.3.3.RELEASE","N/A","N/A"
"CVE-2021-22119","spring-security: Denial-of-Service (DoS) attack via initiation of Authorization Request","HIGH","Backend","","pom.xml","N/A","2025-01-27T08:46:42.910Z","Active","org.springframework.security:spring-security-core","5.3.4.RELEASE","5.5.1, 5.4.7, 5.3.10, 5.2.11","Yes","Yes","No","org.springframework.boot:spring-boot-starter-security:2.3.3.RELEASE","N/A","N/A"
"CVE-2024-22257","spring-security: Broken Access Control With Direct Use of AuthenticatedVoter","HIGH","Backend","","pom.xml","N/A","2025-01-27T08:46:42.910Z","Active","org.springframework.security:spring-security-core","5.3.4.RELEASE","5.7.12, 5.8.11, 6.1.8, 6.2.3","Yes","Yes","No","org.springframework.boot:spring-boot-starter-security:2.3.3.RELEASE","N/A","N/A"
"CVE-2022-22976","springframework: BCrypt skips salt rounds for work factor of 31","MEDIUM","Backend","","pom.xml","N/A","2025-01-27T08:46:42.910Z","Active","org.springframework.security:spring-security-core","5.3.4.RELEASE","5.5.7, 5.6.4","Yes","Yes","No","org.springframework.boot:spring-boot-starter-security:2.3.3.RELEASE","N/A","N/A"
"CVE-2024-38827","spring-security: authorization bypass for case sensitive comparisons","MEDIUM","Backend","","pom.xml","N/A","2025-01-27T08:46:42.910Z","Active","org.springframework.security:spring-security-core","5.3.4.RELEASE","5.7.14, 5.8.16, 6.0.14, 6.1.12, 6.2.8, 6.3.5","Yes","Yes","No","org.springframework.boot:spring-boot-starter-security:2.3.3.RELEASE","N/A","N/A"
"CVE-2022-22978","springframework: Authorization Bypass in RegexRequestMatcher","CRITICAL","Backend","","pom.xml","N/A","2025-01-27T08:46:42.910Z","Active","org.springframework.security:spring-security-web","5.3.4.RELEASE","5.5.7, 5.6.4, 5.4.11","Yes","Yes","No","org.springframework.boot:spring-boot-starter-security:2.3.3.RELEASE","N/A","N/A"
"CVE-2024-38821","Spring-WebFlux: Authorization Bypass of Static Resources in WebFlux Applications","CRITICAL","Backend","","pom.xml","N/A","2025-01-27T08:46:42.910Z","Active","org.springframework.security:spring-security-web","5.3.4.RELEASE","5.7.13, 5.8.15, 6.2.7, 6.0.13, 6.1.11, 6.3.4","Yes","Yes","No","org.springframework.boot:spring-boot-starter-security:2.3.3.RELEASE","N/A","N/A"
"CVE-2021-22112","jenkins: Privilege escalation vulnerability in bundled Spring Security library","HIGH","Backend","","pom.xml","N/A","2025-01-27T08:46:42.910Z","Active","org.springframework.security:spring-security-web","5.3.4.RELEASE","5.4.4, 5.3.8, 5.2.9","Yes","Yes","No","org.springframework.boot:spring-boot-starter-security:2.3.3.RELEASE","N/A","N/A"
"CVE-2022-22965","spring-framework: RCE via Data Binding on JDK 9+","CRITICAL","Backend","","pom.xml","N/A","2025-01-27T08:46:42.910Z","Active","org.springframework:spring-beans","5.2.8.RELEASE","5.2.20.RELEASE, 5.3.18","Yes","No","No","org.springframework.boot:spring-boot-starter-security:2.3.3.RELEASE,org.springframework.integration:spring-integration-mqtt:5.3.2.RELEASE,org.springframework.boot:spring-boot-starter-web:2.3.3.RELEASE,org.springframework.boot:spring-boot-starter-websocket:2.3.3.RELEASE,org.springframework.boot:spring-boot-starter-data-jpa:2.3.3.RELEASE","N/A","N/A"
"CVE-2022-22970","springframework: DoS via data binding to multipartFile or servlet part","HIGH","Backend","","pom.xml","N/A","2025-01-27T08:46:42.910Z","Active","org.springframework:spring-beans","5.2.8.RELEASE","5.2.22.RELEASE, 5.3.20","Yes","Yes","No","org.springframework.boot:spring-boot-starter-data-jpa:2.3.3.RELEASE,org.springframework.boot:spring-boot-starter-security:2.3.3.RELEASE,org.springframework.integration:spring-integration-mqtt:5.3.2.RELEASE,org.springframework.boot:spring-boot-starter-web:2.3.3.RELEASE,org.springframework.boot:spring-boot-starter-websocket:2.3.3.RELEASE","N/A","N/A"
"CVE-2022-22968","Framework: Data Binding Rules Vulnerability","HIGH","Backend","","pom.xml","N/A","2025-01-27T08:46:42.910Z","Active","org.springframework:spring-context","5.2.8.RELEASE","5.3.19, 5.2.21.RELEASE","Yes","Yes","No","org.springframework.boot:spring-boot-starter-security:2.3.3.RELEASE,org.springframework.boot:spring-boot-starter-web:2.3.3.RELEASE,org.springframework.boot:spring-boot-starter-data-jpa:2.3.3.RELEASE,org.springframework.integration:spring-integration-mqtt:5.3.2.RELEASE,org.springframework.boot:spring-boot-starter-websocket:2.3.3.RELEASE","N/A","N/A"
"CVE-2024-38820","The fix for CVE-2022-22968 made disallowedFieldspatterns in DataBinder ...","MEDIUM","Backend","","pom.xml","N/A","2025-01-27T08:46:42.910Z","Active","org.springframework:spring-context","5.2.8.RELEASE","6.1.14","Yes","Yes","No","org.springframework.boot:spring-boot-starter-security:2.3.3.RELEASE,org.springframework.boot:spring-boot-starter-web:2.3.3.RELEASE,org.springframework.boot:spring-boot-starter-data-jpa:2.3.3.RELEASE,org.springframework.integration:spring-integration-mqtt:5.3.2.RELEASE,org.springframework.boot:spring-boot-starter-websocket:2.3.3.RELEASE","N/A","N/A"
"CVE-2021-22060","springframework: Additional Log Injection in Spring Framework (follow-up to CVE-2021-22096)","MEDIUM","Backend","","pom.xml","N/A","2025-01-27T08:46:42.910Z","Active","org.springframework:spring-core","5.2.8.RELEASE","5.3.14, 5.2.19","Yes","Yes","No","org.springframework.boot:spring-boot-starter-security:2.3.3.RELEASE,org.springframework.boot:spring-boot-starter-web:2.3.3.RELEASE,org.springframework.boot:spring-boot-starter-data-jpa:2.3.3.RELEASE,org.springframework.integration:spring-integration-mqtt:5.3.2.RELEASE,org.springframework.boot:spring-boot-starter-websocket:2.3.3.RELEASE","N/A","N/A"
"CVE-2021-22096","springframework: malicious input leads to insertion of additional log entries","MEDIUM","Backend","","pom.xml","N/A","2025-01-27T08:46:42.910Z","Active","org.springframework:spring-core","5.2.8.RELEASE","5.3.11, 5.2.18","Yes","Yes","No","org.springframework.boot:spring-boot-starter-security:2.3.3.RELEASE,org.springframework.boot:spring-boot-starter-web:2.3.3.RELEASE,org.springframework.boot:spring-boot-starter-data-jpa:2.3.3.RELEASE,org.springframework.integration:spring-integration-mqtt:5.3.2.RELEASE,org.springframework.boot:spring-boot-starter-websocket:2.3.3.RELEASE","N/A","N/A"
"CVE-2023-20863","springframework: Spring Expression DoS Vulnerability","HIGH","Backend","","pom.xml","N/A","2025-01-27T08:46:42.910Z","Active","org.springframework:spring-expression","5.2.8.RELEASE","6.0.8, 5.3.27, 5.2.24.RELEASE","Yes","Yes","No","org.springframework.boot:spring-boot-starter-security:2.3.3.RELEASE,org.springframework.boot:spring-boot-starter-web:2.3.3.RELEASE,org.springframework.boot:spring-boot-starter-data-jpa:2.3.3.RELEASE,org.springframework.integration:spring-integration-mqtt:5.3.2.RELEASE,org.springframework.boot:spring-boot-starter-websocket:2.3.3.RELEASE","N/A","N/A"
"CVE-2022-22950","spring-expression: Denial of service via specially crafted SpEL expression","MEDIUM","Backend","","pom.xml","N/A","2025-01-27T08:46:42.910Z","Active","org.springframework:spring-expression","5.2.8.RELEASE","5.3.17, 5.2.20.RELEASE","Yes","Yes","No","org.springframework.boot:spring-boot-starter-security:2.3.3.RELEASE,org.springframework.boot:spring-boot-starter-web:2.3.3.RELEASE,org.springframework.boot:spring-boot-starter-data-jpa:2.3.3.RELEASE,org.springframework.integration:spring-integration-mqtt:5.3.2.RELEASE,org.springframework.boot:spring-boot-starter-websocket:2.3.3.RELEASE","N/A","N/A"
"CVE-2023-20861","springframework: Spring Expression DoS Vulnerability","MEDIUM","Backend","","pom.xml","N/A","2025-01-27T08:46:42.910Z","Active","org.springframework:spring-expression","5.2.8.RELEASE","6.0.7, 5.3.26, 5.2.23.RELEASE","Yes","Yes","No","org.springframework.boot:spring-boot-starter-websocket:2.3.3.RELEASE,org.springframework.boot:spring-boot-starter-security:2.3.3.RELEASE,org.springframework.boot:spring-boot-starter-web:2.3.3.RELEASE,org.springframework.boot:spring-boot-starter-data-jpa:2.3.3.RELEASE,org.springframework.integration:spring-integration-mqtt:5.3.2.RELEASE","N/A","N/A"
"CVE-2024-38808","spring-expression: Denial of service when processing a specially crafted Spring Expression Language expression","MEDIUM","Backend","","pom.xml","N/A","2025-01-27T08:46:42.910Z","Active","org.springframework:spring-expression","5.2.8.RELEASE","5.3.39","Yes","Yes","No","org.springframework.boot:spring-boot-starter-security:2.3.3.RELEASE,org.springframework.boot:spring-boot-starter-web:2.3.3.RELEASE,org.springframework.boot:spring-boot-starter-data-jpa:2.3.3.RELEASE,org.springframework.integration:spring-integration-mqtt:5.3.2.RELEASE,org.springframework.boot:spring-boot-starter-websocket:2.3.3.RELEASE","N/A","N/A"
"CVE-2022-22971","springframework: DoS with STOMP over WebSocket","MEDIUM","Backend","","pom.xml","N/A","2025-01-27T08:46:42.910Z","Active","org.springframework:spring-messaging","5.2.8.RELEASE","5.3.20, 5.2.22.RELEASE","Yes","Yes","No","org.springframework.boot:spring-boot-starter-websocket:2.3.3.RELEASE,org.springframework.integration:spring-integration-mqtt:5.3.2.RELEASE","N/A","N/A"
"CVE-2016-1000027","spring: HttpInvokerServiceExporter readRemoteInvocation method untrusted java deserialization","CRITICAL","Backend","","pom.xml","N/A","2025-01-27T08:46:42.910Z","Active","org.springframework:spring-web","5.2.8.RELEASE","6.0.0","Yes","No","No","org.springframework.boot:spring-boot-starter-web:2.3.3.RELEASE,org.springframework.boot:spring-boot-starter-security:2.3.3.RELEASE,org.springframework.boot:spring-boot-starter-websocket:2.3.3.RELEASE","N/A","N/A"
"CVE-2021-22118","spring-web: (re)creating the temporary storage directory could result in  a privilege escalation within WebFlux application","HIGH","Backend","","pom.xml","N/A","2025-01-27T08:46:42.910Z","Active","org.springframework:spring-web","5.2.8.RELEASE","5.2.15, 5.3.7","Yes","Yes","No","org.springframework.boot:spring-boot-starter-web:2.3.3.RELEASE,org.springframework.boot:spring-boot-starter-security:2.3.3.RELEASE,org.springframework.boot:spring-boot-starter-websocket:2.3.3.RELEASE","N/A","N/A"
"CVE-2024-22243","springframework: URL Parsing with Host Validation","HIGH","Backend","","pom.xml","N/A","2025-01-27T08:46:42.910Z","Active","org.springframework:spring-web","5.2.8.RELEASE","6.1.4, 6.0.17, 5.3.32","Yes","Yes","No","org.springframework.boot:spring-boot-starter-web:2.3.3.RELEASE,org.springframework.boot:spring-boot-starter-security:2.3.3.RELEASE,org.springframework.boot:spring-boot-starter-websocket:2.3.3.RELEASE","N/A","N/A"
"CVE-2024-22259","springframework: URL Parsing with Host Validation","HIGH","Backend","","pom.xml","N/A","2025-01-27T08:46:42.910Z","Active","org.springframework:spring-web","5.2.8.RELEASE","6.1.5, 6.0.18, 5.3.33","Yes","Yes","No","org.springframework.boot:spring-boot-starter-security:2.3.3.RELEASE,org.springframework.boot:spring-boot-starter-websocket:2.3.3.RELEASE,org.springframework.boot:spring-boot-starter-web:2.3.3.RELEASE","N/A","N/A"
"CVE-2024-22262","springframework: URL Parsing with Host Validation","HIGH","Backend","","pom.xml","N/A","2025-01-27T08:46:42.910Z","Active","org.springframework:spring-web","5.2.8.RELEASE","5.3.34, 6.0.19, 6.1.6","Yes","Yes","No","org.springframework.boot:spring-boot-starter-web:2.3.3.RELEASE,org.springframework.boot:spring-boot-starter-security:2.3.3.RELEASE,org.springframework.boot:spring-boot-starter-websocket:2.3.3.RELEASE","N/A","N/A"
"CVE-2024-38809","org.springframework:spring-web: Spring Framework DoS via conditional HTTP request","MEDIUM","Backend","","pom.xml","N/A","2025-01-27T08:46:42.910Z","Active","org.springframework:spring-web","5.2.8.RELEASE","5.3.38, 6.0.23, 6.1.12","Yes","Yes","No","org.springframework.boot:spring-boot-starter-web:2.3.3.RELEASE,org.springframework.boot:spring-boot-starter-security:2.3.3.RELEASE,org.springframework.boot:spring-boot-starter-websocket:2.3.3.RELEASE","N/A","N/A"
"CVE-2022-22965","spring-framework: RCE via Data Binding on JDK 9+","CRITICAL","Backend","","pom.xml","N/A","2025-01-27T08:46:42.910Z","Active","org.springframework:spring-webmvc","5.2.8.RELEASE","5.2.20.RELEASE, 5.3.18","Yes","No","No","org.springframework.boot:spring-boot-starter-web:2.3.3.RELEASE","N/A","N/A"
"CVE-2024-38819","org.springframework:spring-webmvc: Path traversal vulnerability in functional web frameworks","HIGH","Backend","","pom.xml","N/A","2025-01-27T08:46:42.910Z","Active","org.springframework:spring-webmvc","5.2.8.RELEASE","6.1.14","Yes","Yes","No","org.springframework.boot:spring-boot-starter-web:2.3.3.RELEASE","N/A","N/A"
"CVE-2022-25857","snakeyaml: Denial of Service due to missing nested depth limitation for collections","HIGH","Backend","","pom.xml","N/A","2025-01-27T08:46:42.910Z","Active","org.yaml:snakeyaml","1.26","1.31","Yes","No","No","org.springframework.boot:spring-boot-starter-security:2.3.3.RELEASE,org.springframework.boot:spring-boot-starter-web:2.3.3.RELEASE,org.springframework.boot:spring-boot-starter-data-jpa:2.3.3.RELEASE","N/A","N/A"
"CVE-2022-38749","snakeyaml: Uncaught exception in org.yaml.snakeyaml.composer.Composer.composeSequenceNode","MEDIUM","Backend","","pom.xml","N/A","2025-01-27T08:46:42.910Z","Active","org.yaml:snakeyaml","1.26","1.31","Yes","No","No","org.springframework.boot:spring-boot-starter-security:2.3.3.RELEASE,org.springframework.boot:spring-boot-starter-web:2.3.3.RELEASE,org.springframework.boot:spring-boot-starter-data-jpa:2.3.3.RELEASE","N/A","N/A"
"CVE-2022-38750","snakeyaml: Uncaught exception in org.yaml.snakeyaml.constructor.BaseConstructor.constructObject","MEDIUM","Backend","","pom.xml","N/A","2025-01-27T08:46:42.910Z","Active","org.yaml:snakeyaml","1.26","1.31","Yes","No","No","org.springframework.boot:spring-boot-starter-security:2.3.3.RELEASE,org.springframework.boot:spring-boot-starter-web:2.3.3.RELEASE,org.springframework.boot:spring-boot-starter-data-jpa:2.3.3.RELEASE","N/A","N/A"
"CVE-2022-38751","snakeyaml: Uncaught exception in java.base/java.util.regex.Pattern$Ques.match","MEDIUM","Backend","","pom.xml","N/A","2025-01-27T08:46:42.910Z","Active","org.yaml:snakeyaml","1.26","1.31","Yes","No","No","org.springframework.boot:spring-boot-starter-security:2.3.3.RELEASE,org.springframework.boot:spring-boot-starter-web:2.3.3.RELEASE,org.springframework.boot:spring-boot-starter-data-jpa:2.3.3.RELEASE","N/A","N/A"
"CVE-2022-38752","snakeyaml: Uncaught exception in java.base/java.util.ArrayList.hashCode","MEDIUM","Backend","","pom.xml","N/A","2025-01-27T08:46:42.910Z","Active","org.yaml:snakeyaml","1.26","1.32","Yes","No","No","org.springframework.boot:spring-boot-starter-web:2.3.3.RELEASE,org.springframework.boot:spring-boot-starter-data-jpa:2.3.3.RELEASE,org.springframework.boot:spring-boot-starter-security:2.3.3.RELEASE","N/A","N/A"
"CVE-2022-41854","dev-java/snakeyaml: DoS via stack overflow","MEDIUM","Backend","","pom.xml","N/A","2025-01-27T08:46:42.910Z","Active","org.yaml:snakeyaml","1.26","1.32","Yes","No","No","org.springframework.boot:spring-boot-starter-security:2.3.3.RELEASE,org.springframework.boot:spring-boot-starter-web:2.3.3.RELEASE,org.springframework.boot:spring-boot-starter-data-jpa:2.3.3.RELEASE","N/A","N/A"
"CVE-2024-24549","Tomcat: HTTP/2 header handling DoS","MEDIUM","spring","","pom.xml","N/A","2025-01-26T11:52:54.059Z","Active","org.apache.tomcat.embed:tomcat-embed-core","9.0.53","8.5.99, 9.0.86, 10.1.19, 11.0.0-M17","Yes","No","No","org.springframework.boot:spring-boot-starter-web:2.5.5","N/A","N/A"
"CVE-2024-23672","Tomcat: WebSocket DoS with incomplete closing handshake","MEDIUM","spring","","pom.xml","N/A","2025-01-26T11:52:54.059Z","Active","org.apache.tomcat.embed:tomcat-embed-websocket","9.0.53","11.0.0-M17, 10.1.19, 9.0.86, 8.5.99","Yes","No","No","org.springframework.boot:spring-boot-starter-web:2.5.5","N/A","N/A"
"CVE-2023-46589","tomcat: HTTP request smuggling via malformed trailer headers","HIGH","spring","","pom.xml","N/A","2025-01-26T11:52:54.059Z","Active","org.apache.tomcat.embed:tomcat-embed-core","9.0.53","11.0.0-M11, 10.1.16, 9.0.83, 8.5.96","Yes","No","No","org.springframework.boot:spring-boot-starter-web:2.5.5","N/A","N/A"
"CVE-2023-6378","logback: serialization vulnerability in logback receiver","HIGH","spring","","pom.xml","N/A","2025-01-26T11:52:54.059Z","Active","ch.qos.logback:logback-classic","1.2.6","1.3.12, 1.4.12, 1.2.13","Yes","No","No","org.springframework.boot:spring-boot-starter-web:2.5.5","N/A","N/A"
"CVE-2023-6378","logback: serialization vulnerability in logback receiver","HIGH","spring","","pom.xml","N/A","2025-01-26T11:52:54.059Z","Active","ch.qos.logback:logback-core","1.2.6","1.3.12, 1.4.12, 1.2.13","Yes","No","No","org.springframework.boot:spring-boot-starter-web:2.5.5","N/A","N/A"
"CVE-2021-42550","logback: remote code execution through JNDI call from within its configuration file","MEDIUM","spring","","pom.xml","N/A","2025-01-26T11:52:54.059Z","Active","ch.qos.logback:logback-core","1.2.6","1.2.9","Yes","No","No","org.springframework.boot:spring-boot-starter-web:2.5.5","N/A","N/A"
"CVE-2024-12798","logback-core: arbitrary code execution via JaninoEventEvaluator","MEDIUM","spring","","pom.xml","N/A","2025-01-26T11:52:54.059Z","Active","ch.qos.logback:logback-core","1.2.6","1.5.13, 1.3.15","Yes","No","No","org.springframework.boot:spring-boot-starter-web:2.5.5","N/A","N/A"
"CVE-2024-34750","tomcat: Improper Handling of Exceptional Conditions","HIGH","spring","","pom.xml","N/A","2025-01-26T11:52:54.059Z","Active","org.apache.tomcat.embed:tomcat-embed-core","9.0.53","11.0.0-M21, 10.1.25, 9.0.90","Yes","No","No","org.springframework.boot:spring-boot-starter-web:2.5.5","N/A","N/A"
"CVE-2024-12801","logback-core: SaxEventRecorder vulnerable to Server-Side Request Forgery (SSRF) attacks","LOW","spring","","pom.xml","N/A","2025-01-26T11:52:54.059Z","Active","ch.qos.logback:logback-core","1.2.6","1.5.13, 1.3.15","Yes","No","No","org.springframework.boot:spring-boot-starter-web:2.5.5","N/A","N/A"
"CVE-2020-36518","jackson-databind: denial of service via a large depth of nested objects","HIGH","spring","","pom.xml","N/A","2025-01-26T11:52:54.059Z","Active","com.fasterxml.jackson.core:jackson-databind","2.12.5","2.13.2.1, 2.12.6.1","Yes","No","No","org.springframework.boot:spring-boot-starter-web:2.5.5","N/A","N/A"
"CVE-2021-46877","jackson-databind: Possible DoS if using JDK serialization to serialize JsonNode","HIGH","spring","","pom.xml","N/A","2025-01-26T11:52:54.059Z","Active","com.fasterxml.jackson.core:jackson-databind","2.12.5","2.12.6, 2.13.1","Yes","No","No","org.springframework.boot:spring-boot-starter-web:2.5.5","N/A","N/A"
"CVE-2022-42003","jackson-databind: deep wrapper array nesting wrt UNWRAP_SINGLE_VALUE_ARRAYS","HIGH","spring","","pom.xml","N/A","2025-01-26T11:52:54.059Z","Active","com.fasterxml.jackson.core:jackson-databind","2.12.5","2.12.7.1, 2.13.4.2","Yes","No","No","org.springframework.boot:spring-boot-starter-web:2.5.5","N/A","N/A"
"CVE-2024-50379","tomcat: RCE due to TOCTOU issue in JSP compilation","HIGH","spring","","pom.xml","N/A","2025-01-26T11:52:54.059Z","Active","org.apache.tomcat.embed:tomcat-embed-core","9.0.53","11.0.2, 10.1.34, 9.0.98","Yes","No","No","org.springframework.boot:spring-boot-starter-web:2.5.5","N/A","N/A"
"CVE-2022-42004","jackson-databind: use of deeply nested arrays","HIGH","spring","","pom.xml","N/A","2025-01-26T11:52:54.059Z","Active","com.fasterxml.jackson.core:jackson-databind","2.12.5","2.12.7.1, 2.13.4","Yes","No","No","org.springframework.boot:spring-boot-starter-web:2.5.5","N/A","N/A"
"CVE-2022-42252","tomcat: request smuggling","HIGH","spring","","pom.xml","N/A","2025-01-26T11:52:54.059Z","Active","org.apache.tomcat.embed:tomcat-embed-core","9.0.53","8.5.83, 9.0.68, 10.0.27, 10.1.1","Yes","No","No","org.springframework.boot:spring-boot-starter-web:2.5.5","N/A","N/A"
"CVE-2022-45143","tomcat: JsonErrorReportValve injection","HIGH","spring","","pom.xml","N/A","2025-01-26T11:52:54.059Z","Active","org.apache.tomcat.embed:tomcat-embed-core","9.0.53","8.5.84, 9.0.69, 10.1.2","Yes","No","No","org.springframework.boot:spring-boot-starter-web:2.5.5","N/A","N/A"
"CVE-2023-24998","FileUpload: FileUpload DoS with excessive parts","HIGH","spring","","pom.xml","N/A","2025-01-26T11:52:54.059Z","Active","org.apache.tomcat.embed:tomcat-embed-core","9.0.53","10.1.5, 11.0.0-M5, 8.5.88, 9.0.71","Yes","No","No","org.springframework.boot:spring-boot-starter-web:2.5.5","N/A","N/A"
"CVE-2024-56337","tomcat: Incomplete fix for CVE-2024-50379 - RCE due to TOCTOU issue in JSP compilation","HIGH","spring","","pom.xml","N/A","2025-01-26T11:52:54.059Z","Active","org.apache.tomcat.embed:tomcat-embed-core","9.0.53","11.0.2, 10.1.34, 9.0.98","Yes","No","No","org.springframework.boot:spring-boot-starter-web:2.5.5","N/A","N/A"
"CVE-2023-41080","tomcat: Open Redirect vulnerability in FORM authentication","MEDIUM","spring","","pom.xml","N/A","2025-01-26T11:52:54.059Z","Active","org.apache.tomcat.embed:tomcat-embed-core","9.0.53","8.5.93, 9.0.80, 10.1.13, 11.0.0-M11","Yes","No","No","org.springframework.boot:spring-boot-starter-web:2.5.5","N/A","N/A"
"CVE-2023-42795","tomcat: improper cleaning of recycled objects could lead to information leak","MEDIUM","spring","","pom.xml","N/A","2025-01-26T11:52:54.059Z","Active","org.apache.tomcat.embed:tomcat-embed-core","9.0.53","11.0.0-M12, 10.1.14, 9.0.81, 8.5.94","Yes","No","No","org.springframework.boot:spring-boot-starter-web:2.5.5","N/A","N/A"
"CVE-2023-44487","HTTP/2: Multiple HTTP/2 enabled web servers are vulnerable to a DDoS attack (Rapid Reset Attack)","MEDIUM","spring","","pom.xml","N/A","2025-01-26T11:52:54.059Z","Active","org.apache.tomcat.embed:tomcat-embed-core","9.0.53","11.0.0-M12, 10.1.14, 9.0.81, 8.5.94","Yes","No","No","org.springframework.boot:spring-boot-starter-web:2.5.5","N/A","N/A"
"CVE-2023-45648","tomcat: incorrectly parsed http trailer headers can cause request smuggling","MEDIUM","spring","","pom.xml","N/A","2025-01-26T11:52:54.059Z","Active","org.apache.tomcat.embed:tomcat-embed-core","9.0.53","11.0.0-M12, 10.1.14, 9.0.81, 8.5.94","Yes","No","No","org.springframework.boot:spring-boot-starter-web:2.5.5","N/A","N/A"
"CVE-2023-20883","spring-boot: Spring Boot Welcome Page DoS Vulnerability","HIGH","spring","","pom.xml","N/A","2025-01-26T11:52:54.059Z","Active","org.springframework.boot:spring-boot-autoconfigure","2.5.5","3.0.7, 2.7.12, 2.6.15, 2.5.15","Yes","Yes","No","org.springframework.boot:spring-boot-starter-web:2.5.5","N/A","N/A"
"CVE-2022-22965","spring-framework: RCE via Data Binding on JDK 9+","CRITICAL","spring","","pom.xml","N/A","2025-01-26T11:52:54.059Z","Active","org.springframework.boot:spring-boot-starter-web","2.5.5","2.5.12, 2.6.6","Yes","Yes","Yes","-","N/A","N/A"
"CVE-2022-22965","spring-framework: RCE via Data Binding on JDK 9+","CRITICAL","spring","","pom.xml","N/A","2025-01-26T11:52:54.059Z","Active","org.springframework:spring-beans","5.3.10","5.2.20.RELEASE, 5.3.18","Yes","No","No","org.springframework.boot:spring-boot-starter-web:2.5.5","N/A","N/A"
"CVE-2022-22970","springframework: DoS via data binding to multipartFile or servlet part","HIGH","spring","","pom.xml","N/A","2025-01-26T11:52:54.059Z","Active","org.springframework:spring-beans","5.3.10","5.2.22.RELEASE, 5.3.20","Yes","Yes","No","org.springframework.boot:spring-boot-starter-web:2.5.5","N/A","N/A"
"CVE-2022-22968","Framework: Data Binding Rules Vulnerability","HIGH","spring","","pom.xml","N/A","2025-01-26T11:52:54.059Z","Active","org.springframework:spring-context","5.3.10","5.3.19, 5.2.21.RELEASE","Yes","Yes","No","org.springframework.boot:spring-boot-starter-web:2.5.5","N/A","N/A"
"CVE-2024-38820","The fix for CVE-2022-22968 made disallowedFieldspatterns in DataBinder ...","MEDIUM","spring","","pom.xml","N/A","2025-01-26T11:52:54.059Z","Active","org.springframework:spring-context","5.3.10","6.1.14","Yes","Yes","No","org.springframework.boot:spring-boot-starter-web:2.5.5","N/A","N/A"
"CVE-2021-22060","springframework: Additional Log Injection in Spring Framework (follow-up to CVE-2021-22096)","MEDIUM","spring","","pom.xml","N/A","2025-01-26T11:52:54.059Z","Active","org.springframework:spring-core","5.3.10","5.3.14, 5.2.19","Yes","Yes","No","org.springframework.boot:spring-boot-starter-web:2.5.5","N/A","N/A"
"CVE-2021-22096","springframework: malicious input leads to insertion of additional log entries","MEDIUM","spring","","pom.xml","N/A","2025-01-26T11:52:54.059Z","Active","org.springframework:spring-core","5.3.10","5.3.11, 5.2.18","Yes","Yes","No","org.springframework.boot:spring-boot-starter-web:2.5.5","N/A","N/A"
"CVE-2023-20863","springframework: Spring Expression DoS Vulnerability","HIGH","spring","","pom.xml","N/A","2025-01-26T11:52:54.059Z","Active","org.springframework:spring-expression","5.3.10","6.0.8, 5.3.27, 5.2.24.RELEASE","Yes","Yes","No","org.springframework.boot:spring-boot-starter-web:2.5.5","N/A","N/A"
"CVE-2022-22950","spring-expression: Denial of service via specially crafted SpEL expression","MEDIUM","spring","","pom.xml","N/A","2025-01-26T11:52:54.059Z","Active","org.springframework:spring-expression","5.3.10","5.3.17, 5.2.20.RELEASE","Yes","Yes","No","org.springframework.boot:spring-boot-starter-web:2.5.5","N/A","N/A"
"CVE-2023-20861","springframework: Spring Expression DoS Vulnerability","MEDIUM","spring","","pom.xml","N/A","2025-01-26T11:52:54.059Z","Active","org.springframework:spring-expression","5.3.10","6.0.7, 5.3.26, 5.2.23.RELEASE","Yes","Yes","No","org.springframework.boot:spring-boot-starter-web:2.5.5","N/A","N/A"
"CVE-2024-38808","spring-expression: Denial of service when processing a specially crafted Spring Expression Language expression","MEDIUM","spring","","pom.xml","N/A","2025-01-26T11:52:54.059Z","Active","org.springframework:spring-expression","5.3.10","5.3.39","Yes","Yes","No","org.springframework.boot:spring-boot-starter-web:2.5.5","N/A","N/A"
"CVE-2016-1000027","spring: HttpInvokerServiceExporter readRemoteInvocation method untrusted java deserialization","CRITICAL","spring","","pom.xml","N/A","2025-01-26T11:52:54.059Z","Active","org.springframework:spring-web","5.3.10","6.0.0","Yes","No","No","org.springframework.boot:spring-boot-starter-web:2.5.5","N/A","N/A"
"CVE-2024-22243","springframework: URL Parsing with Host Validation","HIGH","spring","","pom.xml","N/A","2025-01-26T11:52:54.059Z","Active","org.springframework:spring-web","5.3.10","6.1.4, 6.0.17, 5.3.32","Yes","Yes","No","org.springframework.boot:spring-boot-starter-web:2.5.5","N/A","N/A"
"CVE-2024-22259","springframework: URL Parsing with Host Validation","HIGH","spring","","pom.xml","N/A","2025-01-26T11:52:54.059Z","Active","org.springframework:spring-web","5.3.10","6.1.5, 6.0.18, 5.3.33","Yes","Yes","No","org.springframework.boot:spring-boot-starter-web:2.5.5","N/A","N/A"
"CVE-2024-22262","springframework: URL Parsing with Host Validation","HIGH","spring","","pom.xml","N/A","2025-01-26T11:52:54.059Z","Active","org.springframework:spring-web","5.3.10","5.3.34, 6.0.19, 6.1.6","Yes","Yes","No","org.springframework.boot:spring-boot-starter-web:2.5.5","N/A","N/A"
"CVE-2024-38809","org.springframework:spring-web: Spring Framework DoS via conditional HTTP request","MEDIUM","spring","","pom.xml","N/A","2025-01-26T11:52:54.059Z","Active","org.springframework:spring-web","5.3.10","5.3.38, 6.0.23, 6.1.12","Yes","Yes","No","org.springframework.boot:spring-boot-starter-web:2.5.5","N/A","N/A"
"CVE-2022-22965","spring-framework: RCE via Data Binding on JDK 9+","CRITICAL","spring","","pom.xml","N/A","2025-01-26T11:52:54.059Z","Active","org.springframework:spring-webmvc","5.3.10","5.2.20.RELEASE, 5.3.18","Yes","No","No","org.springframework.boot:spring-boot-starter-web:2.5.5","N/A","N/A"
"CVE-2024-38816","spring-webmvc: Path Traversal Vulnerability in Spring Applications Using RouterFunctions and FileSystemResource","HIGH","spring","","pom.xml","N/A","2025-01-26T11:52:54.059Z","Active","org.springframework:spring-webmvc","5.3.10","6.1.13","Yes","Yes","No","org.springframework.boot:spring-boot-starter-web:2.5.5","N/A","N/A"
"CVE-2024-38819","org.springframework:spring-webmvc: Path traversal vulnerability in functional web frameworks","HIGH","spring","","pom.xml","N/A","2025-01-26T11:52:54.059Z","Active","org.springframework:spring-webmvc","5.3.10","6.1.14","Yes","Yes","No","org.springframework.boot:spring-boot-starter-web:2.5.5","N/A","N/A"
"CVE-2024-38828","org.springframework:spring-webmvc: DoS via Spring MVC controller method with byte[] parameter","MEDIUM","spring","","pom.xml","N/A","2025-01-26T11:52:54.059Z","Active","org.springframework:spring-webmvc","5.3.10","5.3.42","Yes","Yes","No","org.springframework.boot:spring-boot-starter-web:2.5.5","N/A","N/A"
"CVE-2022-1471","SnakeYaml: Constructor Deserialization Remote Code Execution","HIGH","spring","","pom.xml","N/A","2025-01-26T11:52:54.059Z","Active","org.yaml:snakeyaml","1.28","2.0","Yes","No","No","org.springframework.boot:spring-boot-starter-web:2.5.5","N/A","N/A"
"CVE-2022-25857","snakeyaml: Denial of Service due to missing nested depth limitation for collections","HIGH","spring","","pom.xml","N/A","2025-01-26T11:52:54.059Z","Active","org.yaml:snakeyaml","1.28","1.31","Yes","No","No","org.springframework.boot:spring-boot-starter-web:2.5.5","N/A","N/A"
"CVE-2022-38749","snakeyaml: Uncaught exception in org.yaml.snakeyaml.composer.Composer.composeSequenceNode","MEDIUM","spring","","pom.xml","N/A","2025-01-26T11:52:54.059Z","Active","org.yaml:snakeyaml","1.28","1.31","Yes","No","No","org.springframework.boot:spring-boot-starter-web:2.5.5","N/A","N/A"
"CVE-2022-38750","snakeyaml: Uncaught exception in org.yaml.snakeyaml.constructor.BaseConstructor.constructObject","MEDIUM","spring","","pom.xml","N/A","2025-01-26T11:52:54.059Z","Active","org.yaml:snakeyaml","1.28","1.31","Yes","No","No","org.springframework.boot:spring-boot-starter-web:2.5.5","N/A","N/A"
"CVE-2022-38751","snakeyaml: Uncaught exception in java.base/java.util.regex.Pattern$Ques.match","MEDIUM","spring","","pom.xml","N/A","2025-01-26T11:52:54.059Z","Active","org.yaml:snakeyaml","1.28","1.31","Yes","No","No","org.springframework.boot:spring-boot-starter-web:2.5.5","N/A","N/A"
"CVE-2022-38752","snakeyaml: Uncaught exception in java.base/java.util.ArrayList.hashCode","MEDIUM","spring","","pom.xml","N/A","2025-01-26T11:52:54.059Z","Active","org.yaml:snakeyaml","1.28","1.32","Yes","No","No","org.springframework.boot:spring-boot-starter-web:2.5.5","N/A","N/A"
"CVE-2022-41854","dev-java/snakeyaml: DoS via stack overflow","MEDIUM","spring","","pom.xml","N/A","2025-01-26T11:52:54.059Z","Active","org.yaml:snakeyaml","1.28","1.32","Yes","No","No","org.springframework.boot:spring-boot-starter-web:2.5.5","N/A","N/A"
"CVE-2023-38037","rubygem-activesupport: File Disclosure of Locally Encrypted Files","MEDIUM","dudi-proj","","Gemfile.lock","N/A","2025-01-26T11:52:54.059Z","Active","activesupport","6.1.6","~>6.1.7, >=6.1.7.5, >=7.0.7.1","Yes","No","No","jbuilder@2.11.2,rails@6.1.6,webpacker@5.4.0,web-console@4.1.0,sass-rails@6.0.0","N/A","N/A"
"CVE-2022-44571","rubygem-rack: denial of service in Content-Disposition parsing","HIGH","dudi-proj","","Gemfile.lock","N/A","2025-01-26T11:52:54.059Z","Active","rack","2.2.3.1","~>2.0.9, >=2.0.9.2, ~>2.1.4, >=2.1.4.2, ~>2.2.6, >=2.2.6.1, >=3.0.4.1","Yes","No","No","rails@6.1.6,web-console@4.1.0,webpacker@5.4.0,sass-rails@6.0.0,capybara@3.35.3,rack-mini-profiler@2.3.2","N/A","N/A"
"CVE-2022-44570","rubygem-rack: denial of service in Content-Disposition parsing","HIGH","dudi-proj","","Gemfile.lock","N/A","2025-01-26T11:52:54.059Z","Active","rack","2.2.3.1","~>2.0.9, >=2.0.9.2, ~>2.1.4, >=2.1.4.2, ~>2.2.6, >=2.2.6.2, >=3.0.4.1","Yes","No","No","sass-rails@6.0.0,capybara@3.35.3,rack-mini-profiler@2.3.2,rails@6.1.6,web-console@4.1.0,webpacker@5.4.0","N/A","N/A"
"CVE-2024-26146","rubygem-rack: Possible Denial of Service Vulnerability in Rack Header Parsing","MEDIUM","dudi-proj","","Gemfile.lock","N/A","2025-01-26T11:52:54.059Z","Active","rack","2.2.3.1","~>2.0.9, >=2.0.9.4, ~>2.1.4, >=2.1.4.4, ~>2.2.8, >=2.2.8.1, >=3.0.9.1","Yes","No","No","web-console@4.1.0,webpacker@5.4.0,sass-rails@6.0.0,capybara@3.35.3,rack-mini-profiler@2.3.2,rails@6.1.6","N/A","N/A"
"CVE-2023-22795","rubygem-actionpack: Denial of Service in Action Dispatch","HIGH","dudi-proj","","Gemfile.lock","N/A","2025-01-26T11:52:54.059Z","Active","actionpack","6.1.6","~>5.2.8, >=5.2.8.15, ~>6.1.7, >=6.1.7.1, >=7.0.4.1","Yes","No","No","sass-rails@6.0.0,rails@6.1.6,web-console@4.1.0,webpacker@5.4.0","N/A","N/A"
"CVE-2024-47889","rubygem-actionmailer: Possible ReDoS vulnerability in block_format in Action Mailer","LOW","dudi-proj","","Gemfile.lock","N/A","2025-01-26T11:52:54.059Z","Active","actionmailer","6.1.6","~>6.1.7.9, ~>7.0.8.5, ~>7.1.4, >=7.1.4.1, >=7.2.1.1","Yes","No","No","rails@6.1.6","N/A","N/A"
"CVE-2023-22792","rubygem-actionpack: Denial of Service in Action Dispatch","HIGH","dudi-proj","","Gemfile.lock","N/A","2025-01-26T11:52:54.059Z","Active","actionpack","6.1.6","~>5.2.8, >=5.2.8.15, ~>6.1.7, >=6.1.7.1, >=7.0.4.1","Yes","No","No","web-console@4.1.0,webpacker@5.4.0,sass-rails@6.0.0,rails@6.1.6","N/A","N/A"
"CVE-2023-28362","actionpack: Possible XSS via User Supplied Values to redirect_to","MEDIUM","dudi-proj","","Gemfile.lock","N/A","2025-01-26T11:52:54.059Z","Active","actionpack","6.1.6","~>6.1.7.4, >=7.0.5.1","Yes","No","No","webpacker@5.4.0,sass-rails@6.0.0,rails@6.1.6,web-console@4.1.0","N/A","N/A"
"CVE-2024-28103","rubygem-actionpack: Missing security headers in Action Pack on non-HTML responses","MEDIUM","dudi-proj","","Gemfile.lock","N/A","2025-01-26T11:52:54.059Z","Active","actionpack","6.1.6","~>6.1.7, >=6.1.7.8, ~>7.0.8, >=7.0.8.4, ~>7.1.3, >=7.1.3.4, >=7.2.0.beta2","Yes","No","No","web-console@4.1.0,webpacker@5.4.0,sass-rails@6.0.0,rails@6.1.6","N/A","N/A"
"CVE-2024-54133","actionpack: Possible Content Security Policy bypass in Action Dispatch","MEDIUM","dudi-proj","","Gemfile.lock","N/A","2025-01-26T11:52:54.059Z","Active","actionpack","6.1.6","~>7.0.8.7, ~>7.1.5.1, ~>7.2.2.1, >=8.0.0.1","Yes","No","No","rails@6.1.6,web-console@4.1.0,webpacker@5.4.0,sass-rails@6.0.0","N/A","N/A"
"CVE-2024-41128","rubygem-actionpack: Possible ReDoS vulnerability in query parameter filtering in Action Dispatch","LOW","dudi-proj","","Gemfile.lock","N/A","2025-01-26T11:52:54.059Z","Active","actionpack","6.1.6","~>6.1.7.9, ~>7.0.8.5, ~>7.1.4, >=7.1.4.1, >=7.2.1.1","Yes","No","No","web-console@4.1.0,webpacker@5.4.0,sass-rails@6.0.0,rails@6.1.6","N/A","N/A"
"GHSA-2qc6-mcvw-92cw","Update bundled libxml2 to v2.10.3 to resolve multiple CVEs","MEDIUM","dudi-proj","","Gemfile.lock","N/A","2025-01-26T11:52:54.059Z","Active","nokogiri","1.13.6",">=1.13.9","Yes","No","No","capybara@3.35.3,webdrivers@4.6.0,rails@6.1.6,web-console@4.1.0,webpacker@5.4.0,sass-rails@6.0.0","N/A","N/A"
"CVE-2024-47887","rubygem-actionpack: Possible ReDoS vulnerability in HTTP Token authentication in Action Controller","LOW","dudi-proj","","Gemfile.lock","N/A","2025-01-26T11:52:54.059Z","Active","actionpack","6.1.6","~>6.1.7.9, ~>7.0.8.5, ~>7.1.4, >=7.1.4.1, >=7.2.1.1","Yes","No","No","rails@6.1.6,web-console@4.1.0,webpacker@5.4.0,sass-rails@6.0.0","N/A","N/A"
"CVE-2024-47888","rubygem-actiontext: Possible ReDoS vulnerability in plain_text_for_blockquote_node in Action Text","LOW","dudi-proj","","Gemfile.lock","N/A","2025-01-26T11:52:54.059Z","Active","actiontext","6.1.6","~>6.1.7.9, ~>7.0.8.5, ~>7.1.4, >=7.1.4.1, >=7.2.1.1","Yes","No","No","rails@6.1.6","N/A","N/A"
"CVE-2023-23913","rails: DOM Based Cross-site Scripting in rails-ujs for contenteditable HTML Elements","HIGH","dudi-proj","","Gemfile.lock","N/A","2025-01-26T11:52:54.059Z","Active","actionview","6.1.6","~>6.1.7.3, >=7.0.4.3","Yes","No","No","rails@6.1.6,web-console@4.1.0,webpacker@5.4.0,sass-rails@6.0.0","N/A","N/A"
"CVE-2022-32224","activerecord: Possible RCE escalation bug with Serialized Columns in Active Record","CRITICAL","dudi-proj","","Gemfile.lock","N/A","2025-01-26T11:52:54.059Z","Active","activerecord","6.1.6","~>5.2.8, >=5.2.8.1, ~>6.0.5, >=6.0.5.1, ~>6.1.6, >=6.1.6.1, >=7.0.3.1","Yes","No","No","rails@6.1.6","N/A","N/A"
"CVE-2022-44566","rubygem-activerecord: Denial of Service","HIGH","dudi-proj","","Gemfile.lock","N/A","2025-01-26T11:52:54.059Z","Active","activerecord","6.1.6","~>5.2.8, >=5.2.8.15, ~>6.1.7, >=6.1.7.1, >=7.0.4.1","Yes","No","No","rails@6.1.6","N/A","N/A"
"CVE-2023-22794","rubygem-activerecord: SQL Injection","HIGH","dudi-proj","","Gemfile.lock","N/A","2025-01-26T11:52:54.059Z","Active","activerecord","6.1.6","~>6.0.6, >=6.0.6.1, ~>6.1.7, >=6.1.7.1, >=7.0.4.1","Yes","No","No","rails@6.1.6","N/A","N/A"
"CVE-2024-26144","rubygem-activestorage: Possible Sensitive Session Information Leak in Active Storage","MEDIUM","dudi-proj","","Gemfile.lock","N/A","2025-01-26T11:52:54.059Z","Active","activestorage","6.1.6","~>6.1.7, >=6.1.7.7, >=7.0.8.1","Yes","No","No","rails@6.1.6","N/A","N/A"
"CVE-2023-22796","rubygem-activesupport: Regular Expression Denial of Service","HIGH","dudi-proj","","Gemfile.lock","N/A","2025-01-26T11:52:54.059Z","Active","activesupport","6.1.6","~>5.2.8, >=5.2.8.15, ~>6.1.7, >=6.1.7.1, >=7.0.4.1","Yes","No","No","sass-rails@6.0.0,jbuilder@2.11.2,rails@6.1.6,webpacker@5.4.0,web-console@4.1.0","N/A","N/A"
"CVE-2023-28120","rubygem-activesupport: Possible XSS in SafeBuffer#bytesplice","MEDIUM","dudi-proj","","Gemfile.lock","N/A","2025-01-26T11:52:54.059Z","Active","activesupport","6.1.6","~>6.1.7, >=6.1.7.3, >=7.0.4.3","Yes","No","No","web-console@4.1.0,sass-rails@6.0.0,jbuilder@2.11.2,rails@6.1.6,webpacker@5.4.0","N/A","N/A"
"CVE-2023-22799","rubygem-globalid: ReDoS vulnerability","HIGH","dudi-proj","","Gemfile.lock","N/A","2025-01-26T11:52:54.059Z","Active","globalid","1.0.0",">=1.0.1","Yes","No","No","rails@6.1.6","N/A","N/A"
"CVE-2022-23514","rubygem-loofah: inefficient regular expression leading to denial of service","HIGH","dudi-proj","","Gemfile.lock","N/A","2025-01-26T11:52:54.059Z","Active","loofah","2.18.0",">=2.19.1","Yes","No","No","sass-rails@6.0.0,rails@6.1.6,web-console@4.1.0,webpacker@5.4.0","N/A","N/A"
"CVE-2022-23516","rubygem-loofah: Uncontrolled Recursion leading to denial of service","HIGH","dudi-proj","","Gemfile.lock","N/A","2025-01-26T11:52:54.059Z","Active","loofah","2.18.0",">=2.19.1","Yes","No","No","rails@6.1.6,web-console@4.1.0,webpacker@5.4.0,sass-rails@6.0.0","N/A","N/A"
"CVE-2022-23515","rubygem-loofah: Improper neutralization of data URIs leading to Cross Site Scripting","MEDIUM","dudi-proj","","Gemfile.lock","N/A","2025-01-26T11:52:54.059Z","Active","loofah","2.18.0",">=2.19.1","Yes","No","No","sass-rails@6.0.0,rails@6.1.6,web-console@4.1.0,webpacker@5.4.0","N/A","N/A"
"GHSA-pxvg-2qj5-37jq","Update packaged libxml2 to v2.10.4 to resolve multiple CVEs","MEDIUM","dudi-proj","","Gemfile.lock","N/A","2025-01-26T11:52:54.059Z","Active","nokogiri","1.13.6",">=1.14.3","Yes","No","No","capybara@3.35.3,webdrivers@4.6.0,rails@6.1.6,web-console@4.1.0,webpacker@5.4.0,sass-rails@6.0.0","N/A","N/A"
"GHSA-vcc3-rw6f-jv97","Use-after-free in libxml2 via Nokogiri::XML::Reader","MEDIUM","dudi-proj","","Gemfile.lock","N/A","2025-01-26T11:52:54.059Z","Active","nokogiri","1.13.6","1.15.6, 1.16.2","Yes","No","No","sass-rails@6.0.0,capybara@3.35.3,webdrivers@4.6.0,rails@6.1.6,web-console@4.1.0,webpacker@5.4.0","N/A","N/A"
"GHSA-xc9x-jj77-9p9j","Use-after-free in libxml2 via Nokogiri::XML::Reader","MEDIUM","dudi-proj","","Gemfile.lock","N/A","2025-01-26T11:52:54.059Z","Active","nokogiri","1.13.6","~>1.15.6, >=1.16.2","Yes","No","No","capybara@3.35.3,webdrivers@4.6.0,rails@6.1.6,web-console@4.1.0,webpacker@5.4.0,sass-rails@6.0.0","N/A","N/A"
"GHSA-r95h-9x8f-r3f7","Nokogiri updates packaged libxml2 to v2.12.7 to resolve CVE-2024-34459","LOW","dudi-proj","","Gemfile.lock","N/A","2025-01-26T11:52:54.059Z","Active","nokogiri","1.13.6",">=1.16.5","Yes","No","No","rails@6.1.6,web-console@4.1.0,webpacker@5.4.0,sass-rails@6.0.0,capybara@3.35.3,webdrivers@4.6.0","N/A","N/A"
"CVE-2022-24790","puma-5.6.4: http request smuggling vulnerabilities","CRITICAL","dudi-proj","","Gemfile.lock","N/A","2025-01-26T11:52:54.059Z","Active","puma","5.3.2","~>4.3.12, >=5.6.4","Yes","No","Yes","-","N/A","N/A"
"CVE-2022-23634","rubygem-puma: rubygem-rails: information leak between requests","HIGH","dudi-proj","","Gemfile.lock","N/A","2025-01-26T11:52:54.059Z","Active","puma","5.3.2","~>4.3.11, >=5.6.2","Yes","No","Yes","-","N/A","N/A"
"CVE-2023-40175","rubygem-puma: HTTP request smuggling when parsing chunked transfer encoding bodies and zero-length content-length headers","MEDIUM","dudi-proj","","Gemfile.lock","N/A","2025-01-26T11:52:54.059Z","Active","puma","5.3.2","~>5.6.7, >=6.3.1","Yes","No","Yes","-","N/A","N/A"
"CVE-2024-21647","rubygem-puma: HTTP request smuggling when parsing chunked Transfer-Encoding Bodies","MEDIUM","dudi-proj","","Gemfile.lock","N/A","2025-01-26T11:52:54.059Z","Active","puma","5.3.2","~>5.6.8, >=6.4.2","Yes","No","Yes","-","N/A","N/A"
"CVE-2024-45614","rubygem-puma: Header normalization allows for client to clobber proxy set headers","MEDIUM","dudi-proj","","Gemfile.lock","N/A","2025-01-26T11:52:54.059Z","Active","puma","5.3.2","~>5.6.9, >=6.4.3","Yes","No","Yes","-","N/A","N/A"
"CVE-2021-41136","rubygem-puma: Inconsistent Interpretation of HTTP Requests ('HTTP Request Smuggling') in puma","LOW","dudi-proj","","Gemfile.lock","N/A","2025-01-26T11:52:54.059Z","Active","puma","5.3.2","~>4.3.9, >=5.5.1","Yes","No","Yes","-","N/A","N/A"
"CVE-2022-44572","rubygem-rack: denial of service in Content-Disposition parsing","HIGH","dudi-proj","","Gemfile.lock","N/A","2025-01-26T11:52:54.059Z","Active","rack","2.2.3.1","~>2.0.9, >=2.0.9.2, ~>2.1.4, >=2.1.4.2, ~>2.2.6, >=2.2.6.1, >=3.0.4.1","Yes","No","No","capybara@3.35.3,rack-mini-profiler@2.3.2,rails@6.1.6,web-console@4.1.0,webpacker@5.4.0,sass-rails@6.0.0","N/A","N/A"
"CVE-2023-27530","rubygem-rack: Denial of service in Multipart MIME parsing","HIGH","dudi-proj","","Gemfile.lock","N/A","2025-01-26T11:52:54.059Z","Active","rack","2.2.3.1","~>2.0.9, >=2.0.9.3, ~>2.1.4, >=2.1.4.3, ~>2.2.6, >=2.2.6.3, >=3.0.4.2","Yes","No","No","web-console@4.1.0,webpacker@5.4.0,sass-rails@6.0.0,capybara@3.35.3,rack-mini-profiler@2.3.2,rails@6.1.6","N/A","N/A"
"CVE-2023-27539","rubygem-rack: denial of service in header parsing","MEDIUM","dudi-proj","","Gemfile.lock","N/A","2025-01-26T11:52:54.059Z","Active","rack","2.2.3.1","~>2.0, >=2.2.6.4, >=3.0.6.1","Yes","No","No","capybara@3.35.3,rack-mini-profiler@2.3.2,rails@6.1.6,web-console@4.1.0,webpacker@5.4.0,sass-rails@6.0.0","N/A","N/A"
"CVE-2024-25126","rubygem-rack: Denial of Service Vulnerability in Rack Content-Type Parsing","MEDIUM","dudi-proj","","Gemfile.lock","N/A","2025-01-26T11:52:54.059Z","Active","rack","2.2.3.1","~>2.2.8, >=2.2.8.1, >=3.0.9.1","Yes","No","No","rack-mini-profiler@2.3.2,rails@6.1.6,web-console@4.1.0,webpacker@5.4.0,sass-rails@6.0.0,capybara@3.35.3","N/A","N/A"
"CVE-2024-26141","rubygem-rack: Possible DoS Vulnerability with Range Header in Rack","MEDIUM","dudi-proj","","Gemfile.lock","N/A","2025-01-26T11:52:54.059Z","Active","rack","2.2.3.1","~>2.2.8, >=2.2.8.1, >=3.0.9.1","Yes","No","No","capybara@3.35.3,rack-mini-profiler@2.3.2,rails@6.1.6,web-console@4.1.0,webpacker@5.4.0,sass-rails@6.0.0","N/A","N/A"
"CVE-2022-23517","rubygem-rails-html-sanitizer: Inefficient Regular Expression leading to denial of service","HIGH","dudi-proj","","Gemfile.lock","N/A","2025-01-26T11:52:54.059Z","Active","rails-html-sanitizer","1.4.3",">=1.4.4","Yes","No","No","rails@6.1.6,web-console@4.1.0,webpacker@5.4.0,sass-rails@6.0.0","N/A","N/A"
"CVE-2022-23518","rubygem-rails-html-sanitizer: Improper neutralization of data URIs leading to Cross site scripting","MEDIUM","dudi-proj","","Gemfile.lock","N/A","2025-01-26T11:52:54.059Z","Active","rails-html-sanitizer","1.4.3",">=1.4.4","Yes","No","No","rails@6.1.6,web-console@4.1.0,webpacker@5.4.0,sass-rails@6.0.0","N/A","N/A"
"CVE-2022-23519","rubygem-rails-html-sanitizer: Cross site scripting vulnerability with certain configurations","MEDIUM","dudi-proj","","Gemfile.lock","N/A","2025-01-26T11:52:54.059Z","Active","rails-html-sanitizer","1.4.3",">=1.4.4","Yes","No","No","rails@6.1.6,web-console@4.1.0,webpacker@5.4.0,sass-rails@6.0.0","N/A","N/A"
"CVE-2022-23520","rubygem-rails-html-sanitizer: Cross site scripting vulnerability with certain configurations","MEDIUM","dudi-proj","","Gemfile.lock","N/A","2025-01-26T11:52:54.059Z","Active","rails-html-sanitizer","1.4.3",">=1.4.4","Yes","No","No","rails@6.1.6,web-console@4.1.0,webpacker@5.4.0,sass-rails@6.0.0","N/A","N/A"
"CVE-2021-23343","nodejs-path-parse: ReDoS via splitDeviceRe, splitTailRe and splitPathRe","MEDIUM","dudi-proj","https://gitlab.com/dudi-test1/group1/dudi-proj/-/blob/18f935702a7563285cd8b04b57927ebeeaee71a2/package.json#L8-8","package.json","8","2025-01-26T11:52:54.059Z","Active","path-parse","1.0.6","1.0.7","Yes","No","No","@rails/webpacker@5.3.0","N/A","N/A"
"CVE-2024-49761","rexml: REXML ReDoS vulnerability","HIGH","dudi-proj","","Gemfile.lock","N/A","2025-01-26T11:52:54.059Z","Active","rexml","3.2.5",">=3.3.9","Yes","No","Yes","-","N/A","N/A"
"CVE-2024-35176","REXML: DoS parsing an XML with many `<`s in an attribute value","MEDIUM","dudi-proj","","Gemfile.lock","N/A","2025-01-26T11:52:54.059Z","Active","rexml","3.2.5",">=3.2.7","Yes","No","Yes","-","N/A","N/A"
"CVE-2024-39908","rexml: DoS vulnerability in REXML","MEDIUM","dudi-proj","","Gemfile.lock","N/A","2025-01-26T11:52:54.059Z","Active","rexml","3.2.5",">=3.3.2","Yes","No","Yes","-","N/A","N/A"
"CVE-2024-41123","rexml: rubygem-rexml: DoS when parsing an XML having many specific characters such as whitespace character, >] and ]>","MEDIUM","dudi-proj","","Gemfile.lock","N/A","2025-01-26T11:52:54.059Z","Active","rexml","3.2.5",">=3.3.3","Yes","No","Yes","-","N/A","N/A"
"CVE-2024-41946","rexml: DoS vulnerability in REXML","MEDIUM","dudi-proj","","Gemfile.lock","N/A","2025-01-26T11:52:54.059Z","Active","rexml","3.2.5",">=3.3.3","Yes","No","Yes","-","N/A","N/A"
"CVE-2024-43398","rexml: DoS vulnerability in REXML","MEDIUM","dudi-proj","","Gemfile.lock","N/A","2025-01-26T11:52:54.059Z","Active","rexml","3.2.5",">=3.3.6","Yes","No","Yes","-","N/A","N/A"
"CVE-2023-45133","babel: arbitrary code execution","CRITICAL","dudi-proj","https://gitlab.com/dudi-test1/group1/dudi-proj/-/blob/18f935702a7563285cd8b04b57927ebeeaee71a2/package.json#L8-8","package.json","8","2025-01-26T11:52:54.059Z","Active","@babel/traverse","7.13.17","7.23.2, 8.0.0-alpha.4","Yes","No","No","@rails/webpacker@5.3.0","N/A","N/A"
"CVE-2021-3807","nodejs-ansi-regex: Regular expression denial of service (ReDoS) matching ANSI escape codes","HIGH","dudi-proj","https://gitlab.com/dudi-test1/group1/dudi-proj/-/blob/18f935702a7563285cd8b04b57927ebeeaee71a2/package.json#L11-11","package.json","11","2025-01-26T11:52:54.059Z","Active","ansi-regex","4.1.0","6.0.1, 5.0.1, 4.1.1, 3.0.1","Yes","No","No","webpack-cli@3.3.12","N/A","N/A"
"CVE-2021-23368","nodejs-postcss: Regular expression denial of service during source map parsing","MEDIUM","dudi-proj","https://gitlab.com/dudi-test1/group1/dudi-proj/-/blob/18f935702a7563285cd8b04b57927ebeeaee71a2/package.json#L8-8","package.json","8","2025-01-26T11:52:54.059Z","Active","postcss","7.0.35","7.0.36, 8.2.10","Yes","No","No","@rails/webpacker@5.3.0","N/A","N/A"
"CVE-2024-4068","braces: fails to limit the number of characters it can handle","HIGH","dudi-proj","https://gitlab.com/dudi-test1/group1/dudi-proj/-/blob/18f935702a7563285cd8b04b57927ebeeaee71a2/package.json#L10-10","package.json","10","2025-01-26T11:52:54.059Z","Active","braces","2.3.2","3.0.3","Yes","No","No","webpack@4.46.0,webpack-cli@3.3.12","N/A","N/A"
"CVE-2024-4068","braces: fails to limit the number of characters it can handle","HIGH","dudi-proj","https://gitlab.com/dudi-test1/group1/dudi-proj/-/blob/18f935702a7563285cd8b04b57927ebeeaee71a2/package.json#L8-8","package.json","8","2025-01-26T11:52:54.059Z","Active","braces","3.0.2","3.0.3","Yes","No","No","@rails/webpacker@5.3.0","N/A","N/A"
"CVE-2023-46234","browserify-sign: upper bound check issue in dsaVerify leads to a signature forgery attack","HIGH","dudi-proj","https://gitlab.com/dudi-test1/group1/dudi-proj/-/blob/18f935702a7563285cd8b04b57927ebeeaee71a2/package.json#L10-10","package.json","10","2025-01-26T11:52:54.059Z","Active","browserify-sign","4.2.1","4.2.2","Yes","No","No","webpack@4.46.0","N/A","N/A"
"CVE-2024-21538","cross-spawn: regular expression denial of service","HIGH","dudi-proj","https://gitlab.com/dudi-test1/group1/dudi-proj/-/blob/18f935702a7563285cd8b04b57927ebeeaee71a2/package.json#L11-11","package.json","11","2025-01-26T11:52:54.059Z","Active","cross-spawn","6.0.5","7.0.5, 6.0.6","Yes","No","No","webpack-cli@3.3.12","N/A","N/A"
"CVE-2022-38900","decode-uri-component: improper input validation resulting in DoS","HIGH","dudi-proj","https://gitlab.com/dudi-test1/group1/dudi-proj/-/blob/18f935702a7563285cd8b04b57927ebeeaee71a2/package.json#L10-10","package.json","10","2025-01-26T11:52:54.059Z","Active","decode-uri-component","0.2.0","0.2.1","Yes","No","No","webpack@4.46.0,webpack-cli@3.3.12","N/A","N/A"
"CVE-2024-42459","elliptic: nodejs/elliptic: EDDSA signature malleability due to missing signature length check","LOW","dudi-proj","https://gitlab.com/dudi-test1/group1/dudi-proj/-/blob/18f935702a7563285cd8b04b57927ebeeaee71a2/package.json#L10-10","package.json","10","2025-01-26T11:52:54.059Z","Active","elliptic","6.5.4","6.5.7","Yes","No","No","webpack@4.46.0","N/A","N/A"
"CVE-2024-42460","elliptic: nodejs/elliptic: ECDSA signature malleability due to missing checks","LOW","dudi-proj","https://gitlab.com/dudi-test1/group1/dudi-proj/-/blob/18f935702a7563285cd8b04b57927ebeeaee71a2/package.json#L10-10","package.json","10","2025-01-26T11:52:54.059Z","Active","elliptic","6.5.4","6.5.7","Yes","No","No","webpack@4.46.0","N/A","N/A"
"CVE-2024-42461","elliptic: nodejs/elliptic: ECDSA implementation malleability due to BER-enconded signatures being allowed","LOW","dudi-proj","https://gitlab.com/dudi-test1/group1/dudi-proj/-/blob/18f935702a7563285cd8b04b57927ebeeaee71a2/package.json#L10-10","package.json","10","2025-01-26T11:52:54.059Z","Active","elliptic","6.5.4","6.5.7","Yes","No","No","webpack@4.46.0","N/A","N/A"
"CVE-2024-48948","elliptic: ECDSA signature verification error may reject legitimate transactions","LOW","dudi-proj","https://gitlab.com/dudi-test1/group1/dudi-proj/-/blob/18f935702a7563285cd8b04b57927ebeeaee71a2/package.json#L10-10","package.json","10","2025-01-26T11:52:54.059Z","Active","elliptic","6.5.4","6.6.0","Yes","No","No","webpack@4.46.0","N/A","N/A"
"CVE-2024-48949","elliptic: Missing Validation in Elliptic's EDDSA Signature Verification","LOW","dudi-proj","https://gitlab.com/dudi-test1/group1/dudi-proj/-/blob/18f935702a7563285cd8b04b57927ebeeaee71a2/package.json#L10-10","package.json","10","2025-01-26T11:52:54.059Z","Active","elliptic","6.5.4","6.5.6","Yes","No","No","webpack@4.46.0","N/A","N/A"
"CVE-2022-46175","json5: Prototype Pollution in JSON5 via Parse Method","HIGH","dudi-proj","https://gitlab.com/dudi-test1/group1/dudi-proj/-/blob/18f935702a7563285cd8b04b57927ebeeaee71a2/package.json#L10-10","package.json","10","2025-01-26T11:52:54.059Z","Active","json5","1.0.1","2.2.2, 1.0.2","Yes","No","No","webpack@4.46.0,webpack-cli@3.3.12,@rails/webpacker@5.3.0","N/A","N/A"
"CVE-2022-46175","json5: Prototype Pollution in JSON5 via Parse Method","HIGH","dudi-proj","https://gitlab.com/dudi-test1/group1/dudi-proj/-/blob/18f935702a7563285cd8b04b57927ebeeaee71a2/package.json#L8-8","package.json","8","2025-01-26T11:52:54.059Z","Active","json5","2.2.0","2.2.2, 1.0.2","Yes","No","No","@rails/webpacker@5.3.0","N/A","N/A"
"CVE-2022-37601","loader-utils: prototype pollution in function parseQuery in parseQuery.js","CRITICAL","dudi-proj","https://gitlab.com/dudi-test1/group1/dudi-proj/-/blob/18f935702a7563285cd8b04b57927ebeeaee71a2/package.json#L10-10","package.json","10","2025-01-26T11:52:54.059Z","Active","loader-utils","1.4.0","2.0.3, 1.4.1","Yes","No","No","webpack@4.46.0,webpack-cli@3.3.12,@rails/webpacker@5.3.0","N/A","N/A"
"CVE-2022-37599","loader-utils: regular expression denial of service in interpolateName.js","HIGH","dudi-proj","https://gitlab.com/dudi-test1/group1/dudi-proj/-/blob/18f935702a7563285cd8b04b57927ebeeaee71a2/package.json#L10-10","package.json","10","2025-01-26T11:52:54.059Z","Active","loader-utils","1.4.0","1.4.2, 2.0.4, 3.2.1","Yes","No","No","webpack@4.46.0,webpack-cli@3.3.12,@rails/webpacker@5.3.0","N/A","N/A"
"CVE-2022-37603","loader-utils: Regular expression denial of service","HIGH","dudi-proj","https://gitlab.com/dudi-test1/group1/dudi-proj/-/blob/18f935702a7563285cd8b04b57927ebeeaee71a2/package.json#L10-10","package.json","10","2025-01-26T11:52:54.059Z","Active","loader-utils","1.4.0","1.4.2, 2.0.4, 3.2.1","Yes","No","No","webpack@4.46.0,webpack-cli@3.3.12,@rails/webpacker@5.3.0","N/A","N/A"
"CVE-2022-37601","loader-utils: prototype pollution in function parseQuery in parseQuery.js","CRITICAL","dudi-proj","https://gitlab.com/dudi-test1/group1/dudi-proj/-/blob/18f935702a7563285cd8b04b57927ebeeaee71a2/package.json#L8-8","package.json","8","2025-01-26T11:52:54.059Z","Active","loader-utils","2.0.0","2.0.3, 1.4.1","Yes","No","No","@rails/webpacker@5.3.0","N/A","N/A"
"CVE-2022-37599","loader-utils: regular expression denial of service in interpolateName.js","HIGH","dudi-proj","https://gitlab.com/dudi-test1/group1/dudi-proj/-/blob/18f935702a7563285cd8b04b57927ebeeaee71a2/package.json#L8-8","package.json","8","2025-01-26T11:52:54.059Z","Active","loader-utils","2.0.0","1.4.2, 2.0.4, 3.2.1","Yes","No","No","@rails/webpacker@5.3.0","N/A","N/A"
"CVE-2022-37603","loader-utils: Regular expression denial of service","HIGH","dudi-proj","https://gitlab.com/dudi-test1/group1/dudi-proj/-/blob/18f935702a7563285cd8b04b57927ebeeaee71a2/package.json#L8-8","package.json","8","2025-01-26T11:52:54.059Z","Active","loader-utils","2.0.0","1.4.2, 2.0.4, 3.2.1","Yes","No","No","@rails/webpacker@5.3.0","N/A","N/A"
"CVE-2024-4067","micromatch: vulnerable to Regular Expression Denial of Service","MEDIUM","dudi-proj","https://gitlab.com/dudi-test1/group1/dudi-proj/-/blob/18f935702a7563285cd8b04b57927ebeeaee71a2/package.json#L10-10","package.json","10","2025-01-26T11:52:54.059Z","Active","micromatch","3.1.10","4.0.8","Yes","No","No","webpack@4.46.0,webpack-cli@3.3.12","N/A","N/A"
"CVE-2022-3517","nodejs-minimatch: ReDoS via the braceExpand function","HIGH","dudi-proj","https://gitlab.com/dudi-test1/group1/dudi-proj/-/blob/18f935702a7563285cd8b04b57927ebeeaee71a2/package.json#L8-8","package.json","8","2025-01-26T11:52:54.059Z","Active","minimatch","3.0.4","3.0.5","Yes","No","No","webpack@4.46.0,@rails/webpacker@5.3.0","N/A","N/A"
"CVE-2021-44906","minimist: prototype pollution","CRITICAL","dudi-proj","https://gitlab.com/dudi-test1/group1/dudi-proj/-/blob/18f935702a7563285cd8b04b57927ebeeaee71a2/package.json#L10-10","package.json","10","2025-01-26T11:52:54.059Z","Active","minimist","1.2.5","1.2.6, 0.2.4","Yes","No","No","webpack@4.46.0,webpack-cli@3.3.12,@rails/webpacker@5.3.0","N/A","N/A"
"CVE-2021-3803","nodejs-nth-check: inefficient regular expression complexity","HIGH","dudi-proj","https://gitlab.com/dudi-test1/group1/dudi-proj/-/blob/18f935702a7563285cd8b04b57927ebeeaee71a2/package.json#L8-8","package.json","8","2025-01-26T11:52:54.059Z","Active","nth-check","1.0.2","2.0.1","Yes","No","No","@rails/webpacker@5.3.0","N/A","N/A"
"CVE-2021-23382","nodejs-postcss: ReDoS via getAnnotationURL() and loadAnnotation() in lib/previous-map.js","MEDIUM","dudi-proj","https://gitlab.com/dudi-test1/group1/dudi-proj/-/blob/18f935702a7563285cd8b04b57927ebeeaee71a2/package.json#L8-8","package.json","8","2025-01-26T11:52:54.059Z","Active","postcss","7.0.35","8.2.13, 7.0.36","Yes","No","No","@rails/webpacker@5.3.0","N/A","N/A"
"CVE-2023-44270","PostCSS: Improper input validation in PostCSS","MEDIUM","dudi-proj","https://gitlab.com/dudi-test1/group1/dudi-proj/-/blob/18f935702a7563285cd8b04b57927ebeeaee71a2/package.json#L8-8","package.json","8","2025-01-26T11:52:54.059Z","Active","postcss","7.0.35","8.4.31","Yes","No","No","@rails/webpacker@5.3.0","N/A","N/A"
"CVE-2022-25883","nodejs-semver: Regular expression denial of service","HIGH","dudi-proj","https://gitlab.com/dudi-test1/group1/dudi-proj/-/blob/18f935702a7563285cd8b04b57927ebeeaee71a2/package.json#L11-11","package.json","11","2025-01-26T11:52:54.059Z","Active","semver","5.7.1","7.5.2, 6.3.1, 5.7.2","Yes","No","No","webpack@4.46.0,webpack-cli@3.3.12","N/A","N/A"
"CVE-2022-25883","nodejs-semver: Regular expression denial of service","HIGH","dudi-proj","https://gitlab.com/dudi-test1/group1/dudi-proj/-/blob/18f935702a7563285cd8b04b57927ebeeaee71a2/package.json#L8-8","package.json","8","2025-01-26T11:52:54.059Z","Active","semver","6.3.0","7.5.2, 6.3.1, 5.7.2","Yes","No","No","@rails/webpacker@5.3.0","N/A","N/A"
"CVE-2022-25883","nodejs-semver: Regular expression denial of service","HIGH","dudi-proj","https://gitlab.com/dudi-test1/group1/dudi-proj/-/blob/18f935702a7563285cd8b04b57927ebeeaee71a2/package.json#L8-8","package.json","8","2025-01-26T11:52:54.059Z","Active","semver","7.0.0","7.5.2, 6.3.1, 5.7.2","Yes","No","No","@rails/webpacker@5.3.0","N/A","N/A"
"CVE-2022-25883","nodejs-semver: Regular expression denial of service","HIGH","dudi-proj","https://gitlab.com/dudi-test1/group1/dudi-proj/-/blob/18f935702a7563285cd8b04b57927ebeeaee71a2/package.json#L8-8","package.json","8","2025-01-26T11:52:54.059Z","Active","semver","7.3.5","7.5.2, 6.3.1, 5.7.2","Yes","No","No","@rails/webpacker@5.3.0","N/A","N/A"
"CVE-2021-32803","nodejs-tar: Insufficient symlink protection allowing arbitrary file creation and overwrite","HIGH","dudi-proj","https://gitlab.com/dudi-test1/group1/dudi-proj/-/blob/18f935702a7563285cd8b04b57927ebeeaee71a2/package.json#L8-8","package.json","8","2025-01-26T11:52:54.059Z","Active","tar","6.1.0","3.2.3, 4.4.15, 5.0.7, 6.1.2","Yes","No","No","@rails/webpacker@5.3.0","N/A","N/A"
"CVE-2021-32804","nodejs-tar: Insufficient absolute path sanitization allowing arbitrary file creation and overwrite","HIGH","dudi-proj","https://gitlab.com/dudi-test1/group1/dudi-proj/-/blob/18f935702a7563285cd8b04b57927ebeeaee71a2/package.json#L8-8","package.json","8","2025-01-26T11:52:54.059Z","Active","tar","6.1.0","3.2.2, 4.4.14, 5.0.6, 6.1.1","Yes","No","No","@rails/webpacker@5.3.0","N/A","N/A"
"CVE-2021-37701","nodejs-tar: Insufficient symlink protection due to directory cache poisoning using symbolic links allowing arbitrary file creation and overwrite","HIGH","dudi-proj","https://gitlab.com/dudi-test1/group1/dudi-proj/-/blob/18f935702a7563285cd8b04b57927ebeeaee71a2/package.json#L8-8","package.json","8","2025-01-26T11:52:54.059Z","Active","tar","6.1.0","4.4.16, 5.0.8, 6.1.7","Yes","No","No","@rails/webpacker@5.3.0","N/A","N/A"
"CVE-2021-37712","nodejs-tar: Insufficient symlink protection due to directory cache poisoning using symbolic links allowing arbitrary file creation and overwrite","HIGH","dudi-proj","https://gitlab.com/dudi-test1/group1/dudi-proj/-/blob/18f935702a7563285cd8b04b57927ebeeaee71a2/package.json#L8-8","package.json","8","2025-01-26T11:52:54.059Z","Active","tar","6.1.0","4.4.18, 5.0.10, 6.1.9","Yes","No","No","@rails/webpacker@5.3.0","N/A","N/A"
"CVE-2021-37713","nodejs-tar: Arbitrary File Creation/Overwrite on Windows via insufficient relative path sanitization","HIGH","dudi-proj","https://gitlab.com/dudi-test1/group1/dudi-proj/-/blob/18f935702a7563285cd8b04b57927ebeeaee71a2/package.json#L8-8","package.json","8","2025-01-26T11:52:54.059Z","Active","tar","6.1.0","4.4.18, 5.0.10, 6.1.9","Yes","No","No","@rails/webpacker@5.3.0","N/A","N/A"
"CVE-2024-28863","node-tar: denial of service while parsing a tar file due to lack of folders depth validation","MEDIUM","dudi-proj","https://gitlab.com/dudi-test1/group1/dudi-proj/-/blob/18f935702a7563285cd8b04b57927ebeeaee71a2/package.json#L8-8","package.json","8","2025-01-26T11:52:54.059Z","Active","tar","6.1.0","6.2.1","Yes","No","No","@rails/webpacker@5.3.0","N/A","N/A"
"CVE-2022-25858","terser: insecure use of regular expressions leads to ReDoS","HIGH","dudi-proj","https://gitlab.com/dudi-test1/group1/dudi-proj/-/blob/18f935702a7563285cd8b04b57927ebeeaee71a2/package.json#L10-10","package.json","10","2025-01-26T11:52:54.059Z","Active","terser","4.8.0","4.8.1, 5.14.2","Yes","No","No","webpack@4.46.0","N/A","N/A"
"CVE-2022-25858","terser: insecure use of regular expressions leads to ReDoS","HIGH","dudi-proj","https://gitlab.com/dudi-test1/group1/dudi-proj/-/blob/18f935702a7563285cd8b04b57927ebeeaee71a2/package.json#L8-8","package.json","8","2025-01-26T11:52:54.059Z","Active","terser","5.7.0","4.8.1, 5.14.2","Yes","No","No","@rails/webpacker@5.3.0","N/A","N/A"